t,dt,dp,da,x,y,z
4.5454,0.0202,0.0317,0.000,4.995,4.500,-4.733
4.5567,0.0113,0.0171,0.000,4.987,4.500,-4.748
4.5664,0.0097,0.0145,0.000,4.980,4.500,-4.761
4.5773,0.0109,0.0163,0.000,4.972,4.500,-4.775
4.5850,0.0077,0.0112,0.000,4.966,4.500,-4.785
4.5931,0.0081,0.0118,0.000,4.961,4.500,-4.795
4.6005,0.0075,0.0108,0.000,4.956,4.500,-4.805
4.6071,0.0066,0.0095,0.000,4.951,4.500,-4.813
4.6168,0.0097,0.0139,0.000,4.944,4.500,-4.825
4.6242,0.0074,0.0104,0.000,4.939,4.500,-4.834
4.6326,0.0084,0.0118,0.000,4.933,4.500,-4.845
4.6401,0.0076,0.0106,0.000,4.928,4.500,-4.854
4.6475,0.0074,0.0102,0.000,4.923,4.500,-4.863
4.6573,0.0098,0.0135,0.000,4.917,4.500,-4.874
4.6672,0.0099,0.0136,0.000,4.910,4.500,-4.886
4.6780,0.0108,0.0147,0.000,4.903,4.500,-4.899
4.6853,0.0073,0.0091,0.000,4.898,4.500,-4.907
4.6936,0.0083,0.0097,0.000,4.894,4.500,-4.916
4.7015,0.0080,0.0088,0.000,4.891,4.500,-4.924
4.7108,0.0093,0.0096,0.000,4.888,4.500,-4.933
4.7173,0.0066,0.0064,0.000,4.886,4.500,-4.939
4.7255,0.0082,0.0076,0.000,4.884,4.500,-4.946
4.7337,0.0082,0.0072,0.000,4.882,4.500,-4.953
4.7405,0.0067,0.0056,0.000,4.881,4.500,-4.959
4.7477,0.0072,0.0058,0.000,4.881,4.500,-4.965
4.7581,0.0104,0.0080,0.000,4.881,4.500,-4.973
4.7662,0.0081,0.0059,0.000,4.881,4.500,-4.979
4.7765,0.0103,0.0072,0.000,4.881,4.500,-4.986
4.7857,0.0092,0.0062,0.000,4.882,4.500,-4.992
4.7951,0.0094,0.0061,0.000,4.883,4.500,-4.998
4.8049,0.0098,0.0062,0.000,4.885,4.500,-5.004
4.8169,0.0120,0.0074,0.000,4.888,4.500,-5.011
4.8268,0.0099,0.0059,0.000,4.890,4.500,-5.016
4.8375,0.0108,0.0063,0.000,4.893,4.500,-5.022
4.8456,0.0080,0.0046,0.000,4.895,4.500,-5.026
4.8539,0.0083,0.0047,0.000,4.897,4.500,-5.030
4.8621,0.0082,0.0046,0.000,4.900,4.500,-5.034
4.8740,0.0119,0.0066,0.000,4.904,4.500,-5.039
4.8833,0.0092,0.0050,0.000,4.907,4.500,-5.043
4.8934,0.0102,0.0055,0.000,4.911,4.500,-5.047
4.9006,0.0072,0.0038,0.000,4.913,4.500,-5.050
4.9068,0.0061,0.0032,0.000,4.916,4.500,-5.052
4.9187,0.0119,0.0063,0.000,4.920,4.500,-5.057
4.9262,0.0075,0.0039,0.000,4.923,4.500,-5.059
4.9342,0.0080,0.0041,0.000,4.926,4.500,-5.062
4.9410,0.0068,0.0034,0.000,4.929,4.500,-5.064
4.9500,0.0090,0.0045,0.000,4.932,4.500,-5.067
4.9567,0.0067,0.0034,0.000,4.935,4.500,-5.069
4.9641,0.0074,0.0037,0.000,4.938,4.500,-5.071
4.9730,0.0088,0.0044,0.000,4.942,4.500,-5.073
4.9805,0.0075,0.0037,0.000,4.945,4.500,-5.075
4.9870,0.0066,0.0032,0.000,4.948,4.500,-5.077
4.9953,0.0083,0.0040,0.000,4.951,4.500,-5.079
5.0011,0.0057,0.0027,0.000,4.953,4.500,-5.080
5.0099,0.0088,0.0042,0.000,4.957,4.500,-5.082
5.0163,0.0064,0.0030,0.000,4.960,4.500,-5.084
5.0255,0.0092,0.0043,0.000,4.964,4.500,-5.085
5.0350,0.0096,0.0044,0.000,4.968,4.500,-5.087
5.0432,0.0082,0.0037,0.000,4.971,4.500,-5.089
5.0515,0.0083,0.0037,0.000,4.975,4.500,-5.090
5.0584,0.0069,0.0031,0.000,4.978,4.500,-5.091
5.0653,0.0069,0.0030,0.000,4.980,4.500,-5.092
5.0738,0.0084,0.0037,0.000,4.984,4.500,-5.094
5.0819,0.0081,0.0035,0.000,4.987,4.500,-5.095
5.0909,0.0090,0.0038,0.000,4.991,4.500,-5.096
5.0977,0.0068,0.0028,0.000,4.994,4.500,-5.097
5.1048,0.0071,0.0029,0.000,4.996,4.500,-5.098
5.1137,0.0089,0.0037,0.000,5.000,4.500,-5.099
5.1203,0.0067,0.0027,0.000,5.002,4.500,-5.099
5.1278,0.0075,0.0030,0.000,5.005,4.500,-5.100
5.1381,0.0103,0.0040,0.000,5.009,4.500,-5.101
5.1462,0.0082,0.0031,0.000,5.012,4.500,-5.102
5.1559,0.0096,0.0036,0.000,5.016,4.500,-5.103
5.1631,0.0073,0.0027,0.000,5.018,4.500,-5.103
5.1713,0.0082,0.0030,0.000,5.021,4.500,-5.104
5.1786,0.0073,0.0026,0.000,5.024,4.500,-5.104
5.1852,0.0067,0.0023,0.000,5.026,4.500,-5.105
5.1937,0.0085,0.0029,0.000,5.029,4.500,-5.105
5.2012,0.0075,0.0025,0.000,5.032,4.500,-5.106
5.2127,0.0115,0.0039,0.000,5.035,4.500,-5.106
5.2207,0.0080,0.0026,0.000,5.038,4.500,-5.107
5.2275,0.0067,0.0021,0.000,5.040,4.500,-5.107
5.2366,0.0091,0.0029,0.000,5.043,4.500,-5.108
5.2441,0.0075,0.0023,0.000,5.045,4.500,-5.108
5.2528,0.0087,0.0026,0.000,5.048,4.500,-5.109
5.2605,0.0077,0.0023,0.000,5.050,4.500,-5.109
5.2673,0.0068,0.0020,0.000,5.052,4.500,-5.109
5.2774,0.0101,0.0029,0.000,5.055,4.500,-5.110
5.2850,0.0076,0.0021,0.000,5.057,4.500,-5.110
5.2932,0.0082,0.0023,0.000,5.059,4.500,-5.111
5.3017,0.0084,0.0023,0.000,5.061,4.500,-5.111
5.3133,0.0116,0.0031,0.000,5.064,4.500,-5.111
5.3213,0.0080,0.0021,0.000,5.066,4.500,-5.112
5.3328,0.0115,0.0030,0.000,5.069,4.500,-5.112
5.3425,0.0097,0.0024,0.000,5.072,4.500,-5.112
5.3530,0.0106,0.0026,0.000,5.074,4.500,-5.113
5.3616,0.0086,0.0020,0.000,5.076,4.500,-5.113
5.3724,0.0108,0.0025,0.000,5.079,4.500,-5.113
5.3814,0.0090,0.0020,0.000,5.081,4.500,-5.114
5.3922,0.0108,0.0024,0.000,5.083,4.500,-5.114
5.4010,0.0088,0.0019,0.000,5.085,4.500,-5.114
5.4121,0.0111,0.0023,0.000,5.087,4.500,-5.114
5.4218,0.0096,0.0019,0.000,5.089,4.500,-5.114
5.4306,0.0089,0.0017,0.000,5.091,4.500,-5.114
5.4377,0.0070,0.0013,0.000,5.092,4.500,-5.114
5.4459,0.0083,0.0015,0.000,5.094,4.500,-5.114
5.4550,0.0090,0.0016,0.000,5.096,4.500,-5.114
5.4613,0.0063,0.0011,0.000,5.097,4.500,-5.114
5.4711,0.0098,0.0017,0.000,5.098,4.500,-5.114
5.4785,0.0074,0.0012,0.000,5.100,4.500,-5.114
5.4859,0.0074,0.0012,0.000,5.101,4.500,-5.113
5.4971,0.0112,0.0018,0.000,5.103,4.500,-5.113
5.5045,0.0074,0.0012,0.000,5.104,4.500,-5.113
5.5141,0.0096,0.0015,0.000,5.105,4.500,-5.112
5.5222,0.0082,0.0012,0.000,5.106,4.500,-5.112
5.5311,0.0089,0.0013,0.000,5.107,4.500,-5.111
5.5384,0.0073,0.0011,0.000,5.108,4.500,-5.111
5.5491,0.0107,0.0016,0.000,5.110,4.500,-5.110
5.5588,0.0097,0.0014,0.000,5.111,4.500,-5.109
5.5659,0.0071,0.0010,0.000,5.112,4.500,-5.109
5.5752,0.0093,0.0014,0.000,5.113,4.500,-5.108
5.5817,0.0065,0.0010,0.000,5.113,4.500,-5.107
5.5904,0.0087,0.0013,0.000,5.114,4.500,-5.106
5.5975,0.0072,0.0011,0.000,5.115,4.500,-5.105
5.6038,0.0062,0.0010,0.000,5.115,4.500,-5.104
5.6132,0.0094,0.0016,0.000,5.116,4.500,-5.103
5.6214,0.0082,0.0014,0.000,5.117,4.500,-5.102
5.6311,0.0097,0.0017,0.000,5.117,4.500,-5.100
5.6390,0.0078,0.0014,0.000,5.118,4.500,-5.099
5.6465,0.0075,0.0014,0.000,5.118,4.500,-5.097
5.6571,0.0106,0.0021,0.000,5.119,4.500,-5.095
5.6652,0.0081,0.0017,0.000,5.119,4.500,-5.094
5.6746,0.0094,0.0020,0.000,5.120,4.500,-5.092
5.6816,0.0070,0.0015,0.000,5.120,4.500,-5.090
5.6905,0.0090,0.0020,0.000,5.120,4.500,-5.088
5.6974,0.0069,0.0016,0.000,5.121,4.500,-5.087
5.7048,0.0073,0.0026,0.000,5.120,4.500,-5.084
5.7147,0.0099,0.0053,0.000,5.119,4.500,-5.079
5.7226,0.0079,0.0052,0.000,5.118,4.500,-5.074
5.7325,0.0099,0.0081,0.000,5.116,4.500,-5.066
5.7400,0.0075,0.0068,0.000,5.114,4.500,-5.059
5.7470,0.0070,0.0071,0.000,5.112,4.500,-5.053
5.7560,0.0090,0.0102,0.000,5.109,4.500,-5.043
5.7628,0.0067,0.0081,0.000,5.106,4.500,-5.035
5.7718,0.0090,0.0119,0.000,5.103,4.500,-5.024
5.7791,0.0074,0.0102,0.000,5.099,4.500,-5.014
5.7855,0.0064,0.0092,0.000,5.096,4.500,-5.006
5.7943,0.0088,0.0135,0.000,5.092,4.500,-4.993
5.8007,0.0064,0.0102,0.000,5.088,4.500,-4.983
5.8069,0.0062,0.0102,0.000,5.085,4.500,-4.974
5.8163,0.0094,0.0162,0.000,5.079,4.500,-4.958
5.8234,0.0071,0.0126,0.000,5.075,4.500,-4.947
5.8319,0.0086,0.0157,0.000,5.069,4.500,-4.932
5.8398,0.0079,0.0149,0.000,5.064,4.500,-4.918
5.8465,0.0067,0.0129,0.000,5.060,4.500,-4.906
5.8555,0.0090,0.0179,0.000,5.054,4.500,-4.889
5.8645,0.0090,0.0183,0.000,5.047,4.500,-4.872
5.8749,0.0104,0.0219,0.000,5.040,4.500,-4.851
5.8829,0.0079,0.0168,0.000,5.034,4.500,-4.836
5.8934,0.0105,0.0228,0.000,5.026,4.500,-4.814
5.9009,0.0075,0.0165,0.000,5.020,4.500,-4.799
5.9106,0.0097,0.0217,0.000,5.012,4.500,-4.779
5.9165,0.0059,0.0132,0.000,5.008,4.500,-4.766
5.9241,0.0075,0.0171,0.000,5.002,4.500,-4.750
5.9327,0.0086,0.0198,0.000,4.995,4.500,-4.732
5.9402,0.0075,0.0172,0.000,4.989,4.500,-4.716
5.9471,0.0069,0.0159,0.000,4.983,4.500,-4.701
5.9554,0.0083,0.0193,0.000,4.976,4.500,-4.683
5.9614,0.0060,0.0137,0.000,4.971,4.500,-4.670
5.9707,0.0093,0.0216,0.000,4.964,4.500,-4.650
5.9769,0.0062,0.0144,0.000,4.959,4.500,-4.636
5.9850,0.0081,0.0189,0.000,4.952,4.500,-4.618
5.9939,0.0089,0.0208,0.000,4.945,4.500,-4.599
6.0012,0.0073,0.0168,0.000,4.939,4.500,-4.583
6.0117,0.0105,0.0244,0.000,4.930,4.500,-4.560
6.0187,0.0070,0.0160,0.000,4.925,4.500,-4.545
6.0251,0.0064,0.0147,0.000,4.920,4.500,-4.532
6.0335,0.0084,0.0191,0.000,4.913,4.500,-4.514
6.0403,0.0068,0.0154,0.000,4.908,4.500,-4.499
6.0470,0.0067,0.0150,0.000,4.902,4.500,-4.485
6.0562,0.0092,0.0207,0.000,4.895,4.500,-4.466
6.0639,0.0077,0.0171,0.000,4.889,4.500,-4.450
6.0730,0.0091,0.0199,0.000,4.882,4.500,-4.431
6.0802,0.0072,0.0156,0.000,4.877,4.500,-4.417
6.0863,0.0061,0.0130,0.000,4.872,4.500,-4.404
6.0958,0.0095,0.0203,0.000,4.865,4.500,-4.385
6.1070,0.0113,0.0240,0.000,4.857,4.500,-4.363
6.1181,0.0111,0.0232,0.000,4.849,4.500,-4.341
6.1265,0.0084,0.0171,0.000,4.842,4.500,-4.325
6.1381,0.0117,0.0238,0.000,4.834,4.500,-4.303
6.1464,0.0083,0.0164,0.000,4.828,4.500,-4.288
6.1566,0.0101,0.0200,0.000,4.821,4.500,-4.269
6.1702,0.0136,0.0265,0.000,4.812,4.500,-4.244
6.1869,0.0167,0.0321,0.000,4.800,4.500,-4.214
6.2028,0.0160,0.0296,0.000,4.789,4.500,-4.187
6.2168,0.0139,0.0250,0.000,4.780,4.500,-4.163
6.2267,0.0099,0.0173,0.000,4.774,4.500,-4.147
6.2361,0.0094,0.0160,0.000,4.768,4.500,-4.133
6.2442,0.0081,0.0135,0.000,4.763,4.500,-4.120
6.2531,0.0089,0.0147,0.000,4.757,4.500,-4.106
6.2613,0.0082,0.0132,0.000,4.752,4.500,-4.094
6.2717,0.0104,0.0167,0.000,4.746,4.500,-4.079
6.2791,0.0074,0.0116,0.000,4.741,4.500,-4.068
6.2856,0.0065,0.0100,0.000,4.737,4.500,-4.059
6.2964,0.0108,0.0165,0.000,4.731,4.500,-4.044
6.3033,0.0069,0.0104,0.000,4.727,4.500,-4.034
6.3124,0.0091,0.0134,0.000,4.721,4.500,-4.022
6.3194,0.0070,0.0102,0.000,4.717,4.500,-4.013
6.3267,0.0073,0.0104,0.000,4.713,4.500,-4.003
6.3371,0.0105,0.0148,0.000,4.706,4.500,-3.990
6.3477,0.0105,0.0146,0.000,4.700,4.500,-3.977
6.3572,0.0095,0.0130,0.000,4.695,4.500,-3.965
6.3653,0.0081,0.0108,0.000,4.690,4.500,-3.955
6.3743,0.0089,0.0117,0.000,4.685,4.500,-3.945
6.3834,0.0091,0.0117,0.000,4.679,4.500,-3.934
6.3987,0.0153,0.0196,0.000,4.670,4.500,-3.917
6.4100,0.0113,0.0139,0.000,4.664,4.500,-3.905
6.4210,0.0110,0.0132,0.000,4.658,4.500,-3.893
6.4326,0.0115,0.0135,0.000,4.651,4.500,-3.881
6.4412,0.0086,0.0098,0.000,4.647,4.500,-3.872
6.4501,0.0090,0.0100,0.000,4.642,4.500,-3.864
6.4566,0.0064,0.0070,0.000,4.638,4.500,-3.857
6.4651,0.0086,0.0093,0.000,4.634,4.500,-3.849
6.4742,0.0091,0.0097,0.000,4.629,4.500,-3.841
6.4823,0.0081,0.0069,0.000,4.626,4.500,-3.835
6.4933,0.0110,0.0066,0.000,4.622,4.500,-3.829
6.5009,0.0076,0.0033,0.000,4.620,4.500,-3.827
6.5114,0.0105,0.0025,0.000,4.618,4.500,-3.825
6.5203,0.0089,0.0011,0.000,4.617,4.500,-3.825
6.5281,0.0078,0.0012,0.000,4.616,4.500,-3.826
6.5375,0.0094,0.0025,0.000,4.616,4.500,-3.829
6.5453,0.0078,0.0029,0.000,4.616,4.500,-3.832
6.5531,0.0078,0.0036,0.000,4.617,4.500,-3.835
6.5594,0.0064,0.0034,0.000,4.618,4.500,-3.839
6.5671,0.0076,0.0048,0.000,4.619,4.500,-3.843
6.5780,0.0110,0.0082,0.000,4.621,4.500,-3.851
6.5862,0.0081,0.0066,0.000,4.622,4.500,-3.858
6.5965,0.0104,0.0094,0.000,4.625,4.500,-3.867
6.6037,0.0071,0.0067,0.000,4.627,4.500,-3.873
6.6120,0.0083,0.0083,0.000,4.629,4.500,-3.881
6.6189,0.0070,0.0072,0.000,4.631,4.500,-3.888
6.6256,0.0066,0.0071,0.000,4.633,4.500,-3.895
6.6341,0.0085,0.0096,0.000,4.636,4.500,-3.904
6.6416,0.0075,0.0086,0.000,4.638,4.500,-3.912
6.6503,0.0087,0.0104,0.000,4.641,4.500,-3.922
6.6565,0.0062,0.0075,0.000,4.644,4.500,-3.929
6.6644,0.0079,0.0098,0.000,4.647,4.500,-3.939
6.6721,0.0076,0.0096,0.000,4.650,4.500,-3.948
6.6801,0.0081,0.0103,0.000,4.653,4.500,-3.958
6.6896,0.0095,0.0124,0.000,4.657,4.500,-3.970
6.7008,0.0112,0.0150,0.000,4.661,4.500,-3.984
6.7113,0.0105,0.0141,0.000,4.666,4.500,-3.997
6.7232,0.0119,0.0162,0.000,4.671,4.500,-4.013
6.7339,0.0107,0.0145,0.000,4.675,4.500,-4.026
6.7430,0.0091,0.0123,0.000,4.679,4.500,-4.038
6.7584,0.0154,0.0214,0.000,4.686,4.500,-4.058
6.7676,0.0093,0.0126,0.000,4.690,4.500,-4.070
6.7786,0.0110,0.0149,0.000,4.695,4.500,-4.084
6.7882,0.0096,0.0130,0.000,4.699,4.500,-4.097
6.7989,0.0107,0.0143,0.000,4.704,4.500,-4.110
6.8090,0.0102,0.0136,0.000,4.708,4.500,-4.123
6.8278,0.0187,0.0254,0.000,4.717,4.500,-4.147
6.8443,0.0165,0.0219,0.000,4.724,4.500,-4.168
6.8607,0.0164,0.0213,0.000,4.731,4.500,-4.188
6.8844,0.0236,0.0306,0.000,4.741,4.500,-4.217
6.9025,0.0182,0.0225,0.000,4.749,4.500,-4.238
6.9183,0.0158,0.0189,0.000,4.755,4.500,-4.256
6.9303,0.0120,0.0139,0.000,4.760,4.500,-4.269
6.9441,0.0139,0.0160,0.000,4.765,4.500,-4.284
6.9578,0.0137,0.0155,0.000,4.770,4.500,-4.299
6.9691,0.0113,0.0125,0.000,4.774,4.500,-4.310
6.9829,0.0138,0.0152,0.000,4.779,4.500,-4.325
6.9952,0.0123,0.0132,0.000,4.784,4.500,-4.337
7.0033,0.0081,0.0084,0.000,4.786,4.500,-4.345
7.0147,0.0114,0.0119,0.000,4.790,4.500,-4.356
7.0231,0.0084,0.0086,0.000,4.793,4.500,-4.365
7.0347,0.0116,0.0118,0.000,4.797,4.500,-4.376
7.0426,0.0080,0.0079,0.000,4.799,4.500,-4.383
7.0551,0.0125,0.0124,0.000,4.803,4.500,-4.395
7.0643,0.0092,0.0089,0.000,4.806,4.500,-4.403
7.0763,0.0120,0.0114,0.000,4.809,4.500,-4.414
7.0856,0.0093,0.0087,0.000,4.812,4.500,-4.423
7.0956,0.0100,0.0093,0.000,4.814,4.500,-4.432
7.1038,0.0081,0.0073,0.000,4.816,4.500,-4.439
7.1154,0.0116,0.0104,0.000,4.819,4.500,-4.448
7.1251,0.0097,0.0085,0.000,4.822,4.500,-4.457
7.1358,0.0107,0.0091,0.000,4.824,4.500,-4.465
7.1444,0.0086,0.0072,0.000,4.826,4.500,-4.472
7.1562,0.0119,0.0098,0.000,4.829,4.500,-4.482
7.1658,0.0095,0.0076,0.000,4.831,4.500,-4.489
7.1768,0.0110,0.0087,0.000,4.833,4.500,-4.497
7.1862,0.0094,0.0072,0.000,4.835,4.500,-4.504
7.1968,0.0106,0.0079,0.000,4.837,4.500,-4.512
7.2060,0.0092,0.0067,0.000,4.839,4.500,-4.519
7.2191,0.0131,0.0094,0.000,4.841,4.500,-4.528
7.2279,0.0088,0.0061,0.000,4.842,4.500,-4.534
7.2396,0.0117,0.0079,0.000,4.844,4.500,-4.541
7.2497,0.0101,0.0067,0.000,4.845,4.500,-4.548
7.2621,0.0125,0.0081,0.000,4.847,4.500,-4.556
7.2744,0.0122,0.0077,0.000,4.848,4.500,-4.563
7.2835,0.0091,0.0055,0.000,4.849,4.500,-4.569
7.2958,0.0124,0.0074,0.000,4.850,4.500,-4.576
7.3048,0.0090,0.0052,0.000,4.851,4.500,-4.581
7.3172,0.0124,0.0070,0.000,4.852,4.500,-4.588
7.3272,0.0100,0.0055,0.000,4.852,4.500,-4.594
7.3390,0.0118,0.0064,0.000,4.853,4.500,-4.600
7.3494,0.0105,0.0055,0.000,4.854,4.500,-4.606
7.3604,0.0109,0.0056,0.000,4.854,4.500,-4.611
7.3701,0.0098,0.0049,0.000,4.855,4.500,-4.616
7.3831,0.0130,0.0064,0.000,4.855,4.500,-4.623
7.3955,0.0124,0.0060,0.000,4.856,4.500,-4.628
7.4054,0.0099,0.0046,0.000,4.856,4.500,-4.633
7.4176,0.0122,0.0056,0.000,4.857,4.500,-4.639
7.4285,0.0109,0.0049,0.000,4.857,4.500,-4.644
7.4408,0.0123,0.0054,0.000,4.858,4.500,-4.649
7.4509,0.0101,0.0043,0.000,4.858,4.500,-4.653
7.4639,0.0130,0.0054,0.000,4.858,4.500,-4.659
7.4753,0.0114,0.0046,0.000,4.859,4.500,-4.663
7.4843,0.0091,0.0036,0.000,4.859,4.500,-4.667
7.4956,0.0113,0.0044,0.000,4.859,4.500,-4.671
7.5033,0.0077,0.0029,0.000,4.860,4.500,-4.674
7.5144,0.0112,0.0042,0.000,4.860,4.500,-4.678
7.5228,0.0083,0.0031,0.000,4.860,4.500,-4.681
7.5343,0.0115,0.0042,0.000,4.860,4.500,-4.685
7.5432,0.0089,0.0031,0.000,4.861,4.500,-4.689
7.5528,0.0097,0.0034,0.000,4.861,4.500,-4.692
7.5601,0.0073,0.0025,0.000,4.861,4.500,-4.694
7.5684,0.0083,0.0028,0.000,4.861,4.500,-4.697
7.5792,0.0108,0.0036,0.000,4.862,4.500,-4.701
7.5875,0.0083,0.0027,0.000,4.862,4.500,-4.704
7.5988,0.0113,0.0037,0.000,4.862,4.500,-4.707
7.6067,0.0079,0.0025,0.000,4.863,4.500,-4.710
7.6168,0.0101,0.0032,0.000,4.863,4.500,-4.713
7.6256,0.0088,0.0027,0.000,4.863,4.500,-4.716
7.6356,0.0101,0.0031,0.000,4.864,4.500,-4.719
7.6434,0.0077,0.0023,0.000,4.864,4.500,-4.721
7.6534,0.0101,0.0030,0.000,4.865,4.500,-4.724
7.6622,0.0088,0.0026,0.000,4.865,4.500,-4.726
7.6732,0.0110,0.0032,0.000,4.866,4.500,-4.730
7.6815,0.0083,0.0024,0.000,4.866,4.500,-4.732
7.6905,0.0090,0.0026,0.000,4.867,4.500,-4.735
7.6979,0.0074,0.0021,0.000,4.867,4.500,-4.737
7.7065,0.0086,0.0024,0.000,4.867,4.500,-4.739
7.7157,0.0092,0.0026,0.000,4.868,4.500,-4.741
7.7233,0.0076,0.0021,0.000,4.868,4.500,-4.743
7.7342,0.0110,0.0030,0.000,4.869,4.500,-4.746
7.7423,0.0081,0.0022,0.000,4.870,4.500,-4.749
7.7520,0.0096,0.0026,0.000,4.870,4.500,-4.751
7.7601,0.0081,0.0022,0.000,4.871,4.500,-4.753
7.7670,0.0070,0.0018,0.000,4.871,4.500,-4.755
7.7779,0.0109,0.0029,0.000,4.872,4.500,-4.758
7.7877,0.0097,0.0025,0.000,4.873,4.500,-4.760
7.8007,0.0130,0.0034,0.000,4.873,4.500,-4.764
7.8091,0.0085,0.0022,0.000,4.874,4.500,-4.766
7.8192,0.0101,0.0026,0.000,4.875,4.500,-4.768
7.8277,0.0084,0.0021,0.000,4.875,4.500,-4.770
7.8376,0.0099,0.0025,0.000,4.876,4.500,-4.773
7.8476,0.0100,0.0025,0.000,4.877,4.500,-4.775
7.8572,0.0096,0.0024,0.000,4.877,4.500,-4.777
7.8660,0.0088,0.0022,0.000,4.878,4.500,-4.779
7.8764,0.0104,0.0025,0.000,4.879,4.500,-4.782
7.8836,0.0072,0.0017,0.000,4.879,4.500,-4.783
7.8920,0.0084,0.0020,0.000,4.880,4.500,-4.785
7.9009,0.0089,0.0022,0.000,4.881,4.500,-4.787
7.9109,0.0100,0.0024,0.000,4.881,4.500,-4.790
7.9187,0.0078,0.0019,0.000,4.882,4.500,-4.792
7.9278,0.0091,0.0022,0.000,4.883,4.500,-4.794
7.9384,0.0106,0.0026,0.000,4.884,4.500,-4.796
7.9459,0.0076,0.0018,0.000,4.884,4.500,-4.798
7.9568,0.0108,0.0026,0.000,4.885,4.500,-4.800
7.9650,0.0082,0.0020,0.000,4.886,4.500,-4.802
7.9731,0.0081,0.0020,0.000,4.887,4.500,-4.804
7.9810,0.0079,0.0019,0.000,4.887,4.500,-4.806
7.9929,0.0119,0.0029,0.000,4.888,4.500,-4.808
8.0009,0.0079,0.0019,0.000,4.889,4.500,-4.810
8.0108,0.0099,0.0024,0.000,4.890,4.500,-4.812
8.0172,0.0064,0.0015,0.000,4.891,4.500,-4.814
8.0250,0.0078,0.0018,0.000,4.891,4.500,-4.815
8.0362,0.0112,0.0026,0.000,4.893,4.500,-4.818
8.0450,0.0088,0.0020,0.000,4.893,4.500,-4.819
8.0528,0.0078,0.0018,0.000,4.894,4.500,-4.821
8.0596,0.0068,0.0015,0.000,4.895,4.500,-4.822
8.0660,0.0065,0.0015,0.000,4.895,4.500,-4.824
8.0746,0.0086,0.0019,0.000,4.896,4.500,-4.826
8.0815,0.0069,0.0015,0.000,4.897,4.500,-4.827
8.0903,0.0088,0.0020,0.000,4.898,4.500,-4.829
8.0968,0.0065,0.0014,0.000,4.898,4.500,-4.830
8.1050,0.0081,0.0018,0.000,4.899,4.500,-4.832
8.1138,0.0089,0.0019,0.000,4.900,4.500,-4.833
8.1216,0.0077,0.0017,0.000,4.901,4.500,-4.835
8.1316,0.0100,0.0021,0.000,4.902,4.500,-4.837
8.1395,0.0079,0.0017,0.000,4.902,4.500,-4.838
8.1468,0.0073,0.0015,0.000,4.903,4.500,-4.840
8.1557,0.0089,0.0018,0.000,4.904,4.500,-4.841
8.1626,0.0069,0.0014,0.000,4.904,4.500,-4.842
8.1722,0.0096,0.0019,0.000,4.905,4.500,-4.844
8.1795,0.0072,0.0014,0.000,4.906,4.500,-4.846
8.1869,0.0075,0.0015,0.000,4.907,4.500,-4.847
8.1966,0.0096,0.0019,0.000,4.907,4.500,-4.849
8.2063,0.0097,0.0019,0.000,4.908,4.500,-4.850
8.2168,0.0105,0.0020,0.000,4.909,4.500,-4.852
8.2253,0.0085,0.0016,0.000,4.910,4.500,-4.853
8.2334,0.0081,0.0015,0.000,4.910,4.500,-4.855
8.2413,0.0079,0.0014,0.000,4.911,4.500,-4.856
8.2505,0.0092,0.0016,0.000,4.912,4.500,-4.857
8.2584,0.0079,0.0014,0.000,4.912,4.500,-4.859
8.2674,0.0090,0.0015,0.000,4.913,4.500,-4.860
8.2773,0.0099,0.0016,0.000,4.914,4.500,-4.862
8.2883,0.0109,0.0018,0.000,4.914,4.500,-4.863
8.2974,0.0092,0.0014,0.000,4.915,4.500,-4.864
8.3053,0.0079,0.0012,0.000,4.916,4.500,-4.865
8.3141,0.0089,0.0013,0.000,4.916,4.500,-4.867
8.3212,0.0071,0.0010,0.000,4.917,4.500,-4.868
8.3310,0.0098,0.0014,0.000,4.917,4.500,-4.869
8.3412,0.0101,0.0014,0.000,4.918,4.500,-4.870
8.3515,0.0103,0.0014,0.000,4.919,4.500,-4.871
8.3594,0.0079,0.0010,0.000,4.919,4.500,-4.872
8.3675,0.0081,0.0010,0.000,4.920,4.500,-4.873
8.3781,0.0106,0.0013,0.000,4.920,4.500,-4.874
8.3856,0.0075,0.0009,0.000,4.921,4.500,-4.875
8.3948,0.0092,0.0010,0.000,4.921,4.500,-4.876
8.4022,0.0075,0.0008,0.000,4.922,4.500,-4.876
8.4121,0.0099,0.0011,0.000,4.922,4.500,-4.877
8.4198,0.0077,0.0008,0.000,4.923,4.500,-4.878
8.4266,0.0068,0.0007,0.000,4.923,4.500,-4.878
8.4352,0.0086,0.0009,0.000,4.924,4.500,-4.879
8.4434,0.0082,0.0008,0.000,4.924,4.500,-4.880
8.4521,0.0087,0.0008,0.000,4.925,4.500,-4.880
8.4599,0.0077,0.0007,0.000,4.925,4.500,-4.881
8.4680,0.0082,0.0007,0.000,4.926,4.500,-4.881
8.4789,0.0108,0.0009,0.000,4.926,4.500,-4.882
8.4861,0.0072,0.0006,0.000,4.927,4.500,-4.882
8.4987,0.0126,0.0010,0.000,4.928,4.500,-4.883
8.5074,0.0088,0.0007,0.000,4.928,4.500,-4.884
8.5165,0.0091,0.0007,0.000,4.929,4.500,-4.884
8.5247,0.0082,0.0006,0.000,4.929,4.500,-4.884
8.5338,0.0091,0.0007,0.000,4.930,4.500,-4.885
8.5422,0.0084,0.0006,0.000,4.930,4.500,-4.885
8.5535,0.0112,0.0008,0.000,4.931,4.500,-4.886
8.5612,0.0078,0.0005,0.000,4.931,4.500,-4.886
8.5707,0.0094,0.0007,0.000,4.932,4.500,-4.886
8.5775,0.0069,0.0005,0.000,4.932,4.500,-4.886
8.5852,0.0077,0.0005,0.000,4.933,4.500,-4.887
8.5953,0.0101,0.0007,0.000,4.933,4.500,-4.887
8.6051,0.0098,0.0006,0.000,4.934,4.500,-4.887
8.6155,0.0104,0.0007,0.000,4.935,4.500,-4.887
8.6238,0.0082,0.0005,0.000,4.935,4.500,-4.887
8.6348,0.0111,0.0007,0.000,4.936,4.500,-4.887
8.6446,0.0097,0.0006,0.000,4.937,4.500,-4.887
8.6553,0.0108,0.0007,0.000,4.937,4.500,-4.887
8.6641,0.0088,0.0006,0.000,4.938,4.500,-4.887
8.6749,0.0107,0.0007,0.000,4.938,4.500,-4.887
8.6813,0.0064,0.0004,0.000,4.939,4.500,-4.887
8.6901,0.0088,0.0006,0.000,4.939,4.500,-4.887
8.6971,0.0070,0.0004,0.000,4.940,4.500,-4.887
8.7054,0.0083,0.0005,0.000,4.940,4.500,-4.887
8.7143,0.0089,0.0006,0.000,4.941,4.500,-4.886
8.7222,0.0080,0.0005,0.000,4.941,4.500,-4.886
8.7314,0.0092,0.0006,0.000,4.942,4.500,-4.886
8.7399,0.0085,0.0006,0.000,4.942,4.500,-4.886
8.7471,0.0072,0.0005,0.000,4.943,4.500,-4.885
8.7562,0.0091,0.0006,0.000,4.943,4.500,-4.885
8.7639,0.0077,0.0005,0.000,4.944,4.500,-4.885
8.7733,0.0094,0.0006,0.000,4.944,4.500,-4.885
8.7809,0.0076,0.0005,0.000,4.945,4.500,-4.884
8.7911,0.0101,0.0007,0.000,4.945,4.500,-4.884
8.7980,0.0069,0.0005,0.000,4.946,4.500,-4.884
8.8046,0.0067,0.0005,0.000,4.946,4.500,-4.883
8.8136,0.0089,0.0006,0.000,4.947,4.500,-4.883
8.8202,0.0067,0.0005,0.000,4.947,4.500,-4.883
8.8264,0.0062,0.0004,0.000,4.947,4.500,-4.883
8.8362,0.0098,0.0007,0.000,4.948,4.500,-4.882
8.8429,0.0067,0.0005,0.000,4.948,4.500,-4.882
8.8513,0.0084,0.0006,0.000,4.949,4.500,-4.882
8.8587,0.0074,0.0005,0.000,4.949,4.500,-4.882
8.8655,0.0068,0.0005,0.000,4.950,4.500,-4.881
8.8739,0.0084,0.0006,0.000,4.950,4.500,-4.881
8.8825,0.0086,0.0006,0.000,4.951,4.500,-4.881
8.8919,0.0094,0.0006,0.000,4.951,4.500,-4.880
8.8995,0.0076,0.0005,0.000,4.952,4.500,-4.880
8.9069,0.0073,0.0005,0.000,4.952,4.500,-4.880
8.9156,0.0087,0.0006,0.000,4.953,4.500,-4.880
8.9218,0.0063,0.0004,0.000,4.953,4.500,-4.879
8.9318,0.0099,0.0007,0.000,4.954,4.500,-4.879
8.9401,0.0084,0.0005,0.000,4.954,4.500,-4.879
8.9488,0.0087,0.0005,0.000,4.955,4.500,-4.879
8.9590,0.0101,0.0006,0.000,4.955,4.500,-4.878
8.9670,0.0081,0.0005,0.000,4.956,4.500,-4.878
8.9775,0.0105,0.0006,0.000,4.956,4.500,-4.878
8.9864,0.0089,0.0005,0.000,4.957,4.500,-4.878
8.9967,0.0103,0.0005,0.000,4.957,4.500,-4.878
9.0041,0.0074,0.0004,0.000,4.958,4.500,-4.877
9.0156,0.0115,0.0005,0.000,4.958,4.500,-4.877
9.0238,0.0082,0.0004,0.000,4.958,4.500,-4.877
9.0342,0.0104,0.0004,0.000,4.959,4.500,-4.877
9.0434,0.0092,0.0003,0.000,4.959,4.500,-4.877
9.0533,0.0099,0.0003,0.000,4.959,4.500,-4.877
9.0621,0.0089,0.0003,0.000,4.960,4.500,-4.877
9.0723,0.0101,0.0003,0.000,4.960,4.500,-4.877
9.0794,0.0071,0.0002,0.000,4.960,4.500,-4.877
9.0893,0.0099,0.0003,0.000,4.960,4.500,-4.876
9.1005,0.0112,0.0003,0.000,4.961,4.500,-4.876
9.1100,0.0095,0.0002,0.000,4.961,4.500,-4.876
9.1196,0.0097,0.0002,0.000,4.961,4.500,-4.876
9.1274,0.0078,0.0001,0.000,4.961,4.500,-4.876
9.1361,0.0087,0.0002,0.000,4.961,4.500,-4.876
9.1435,0.0074,0.0001,0.000,4.961,4.500,-4.876
9.1519,0.0084,0.0001,0.000,4.961,4.500,-4.876
9.1584,0.0065,0.0001,0.000,4.962,4.500,-4.876
9.1648,0.0063,0.0001,0.000,4.962,4.500,-4.876
9.1746,0.0098,0.0001,0.000,4.962,4.500,-4.876
9.1831,0.0085,0.0001,0.000,4.962,4.500,-4.876
9.1930,0.0099,0.0001,0.000,4.962,4.500,-4.876
9.2000,0.0070,0.0001,0.000,4.962,4.500,-4.876
9.2072,0.0072,0.0001,0.000,4.962,4.500,-4.875
9.2175,0.0102,0.0001,0.000,4.962,4.500,-4.875
9.2256,0.0081,0.0001,0.000,4.962,4.500,-4.875
9.2337,0.0081,0.0001,0.000,4.962,4.500,-4.875
9.2409,0.0072,0.0001,0.000,4.962,4.500,-4.875
9.2508,0.0100,0.0001,0.000,4.962,4.500,-4.875
9.2576,0.0067,0.0001,0.000,4.962,4.500,-4.875
9.2690,0.0114,0.0002,0.000,4.962,4.500,-4.875
9.2781,0.0091,0.0002,0.000,4.961,4.500,-4.875
9.2866,0.0085,0.0002,0.000,4.961,4.500,-4.875
9.2958,0.0092,0.0002,0.000,4.961,4.500,-4.875
9.3034,0.0076,0.0002,0.000,4.961,4.500,-4.875
9.3129,0.0095,0.0003,0.000,4.961,4.500,-4.874
9.3212,0.0083,0.0002,0.000,4.960,4.500,-4.874
9.3313,0.0101,0.0003,0.000,4.960,4.500,-4.874
9.3390,0.0078,0.0002,0.000,4.960,4.500,-4.874
9.3468,0.0078,0.0002,0.000,4.960,4.500,-4.874
9.3569,0.0101,0.0003,0.000,4.959,4.500,-4.874
9.3648,0.0079,0.0003,0.000,4.959,4.500,-4.874
9.3746,0.0097,0.0003,0.000,4.959,4.500,-4.874
9.3830,0.0084,0.0003,0.000,4.959,4.500,-4.874
9.3920,0.0091,0.0003,0.000,4.958,4.500,-4.874
9.3994,0.0073,0.0002,0.000,4.958,4.500,-4.874
9.4065,0.0071,0.0002,0.000,4.958,4.500,-4.874
9.4157,0.0092,0.0003,0.000,4.957,4.500,-4.874
9.4223,0.0066,0.0002,0.000,4.957,4.500,-4.874
9.4318,0.0096,0.0003,0.000,4.957,4.500,-4.874
9.4442,0.0124,0.0004,0.000,4.957,4.500,-4.874
9.4558,0.0116,0.0003,0.000,4.956,4.500,-4.874
9.4641,0.0083,0.0002,0.000,4.956,4.500,-4.874
9.4728,0.0087,0.0002,0.000,4.956,4.500,-4.874
9.4803,0.0075,0.0002,0.000,4.956,4.500,-4.874
9.4882,0.0079,0.0002,0.000,4.955,4.500,-4.874
9.4982,0.0100,0.0003,0.000,4.955,4.500,-4.874
9.5076,0.0094,0.0002,0.000,4.955,4.500,-4.874
9.5192,0.0116,0.0003,0.000,4.955,4.500,-4.874
9.5276,0.0084,0.0002,0.000,4.954,4.500,-4.874
9.5373,0.0097,0.0002,0.000,4.954,4.500,-4.874
9.5475,0.0102,0.0002,0.000,4.954,4.500,-4.874
9.5585,0.0110,0.0002,0.000,4.954,4.500,-4.874
9.5664,0.0080,0.0002,0.000,4.954,4.500,-4.874
9.5773,0.0109,0.0002,0.000,4.953,4.500,-4.874
9.5878,0.0105,0.0002,0.000,4.953,4.500,-4.875
9.5977,0.0099,0.0002,0.000,4.953,4.500,-4.875
9.6068,0.0091,0.0002,0.000,4.953,4.500,-4.875
9.6168,0.0100,0.0002,0.000,4.953,4.500,-4.875
9.6238,0.0070,0.0001,0.000,4.953,4.500,-4.875
9.6324,0.0085,0.0002,0.000,4.953,4.500,-4.875
9.6398,0.0074,0.0002,0.000,4.953,4.500,-4.875
9.6465,0.0067,0.0002,0.000,4.953,4.500,-4.876
9.6563,0.0098,0.0002,0.000,4.953,4.500,-4.876
9.6641,0.0078,0.0002,0.000,4.953,4.500,-4.876
9.6730,0.0090,0.0003,0.000,4.953,4.500,-4.876
9.6815,0.0084,0.0003,0.000,4.953,4.500,-4.877
9.6915,0.0100,0.0003,0.000,4.953,4.500,-4.877
9.7022,0.0107,0.0004,0.000,4.953,4.500,-4.877
9.7141,0.0119,0.0005,0.000,4.953,4.500,-4.878
9.7220,0.0079,0.0003,0.000,4.954,4.500,-4.878
9.7305,0.0086,0.0004,0.000,4.954,4.500,-4.878
9.7377,0.0072,0.0003,0.000,4.954,4.500,-4.879
9.7448,0.0071,0.0003,0.000,4.954,4.500,-4.879
9.7530,0.0082,0.0004,0.000,4.954,4.500,-4.879
9.7601,0.0071,0.0003,0.000,4.954,4.500,-4.880
9.7661,0.0060,0.0003,0.000,4.954,4.500,-4.880
9.7753,0.0092,0.0004,0.000,4.954,4.500,-4.880
9.7823,0.0070,0.0003,0.000,4.954,4.500,-4.881
9.7922,0.0099,0.0005,0.000,4.954,4.500,-4.881
9.7999,0.0076,0.0004,0.000,4.954,4.500,-4.881
9.8067,0.0069,0.0003,0.000,4.955,4.500,-4.882
9.8167,0.0100,0.0005,0.000,4.955,4.500,-4.882
9.8252,0.0085,0.0004,0.000,4.955,4.500,-4.883
9.8338,0.0086,0.0004,0.000,4.955,4.500,-4.883
9.8410,0.0073,0.0004,0.000,4.955,4.500,-4.883
9.8508,0.0098,0.0005,0.000,4.955,4.500,-4.884
9.8593,0.0085,0.0005,0.000,4.955,4.500,-4.884
9.8673,0.0081,0.0004,0.000,4.955,4.500,-4.885
9.8773,0.0100,0.0006,0.000,4.955,4.500,-4.885
9.8855,0.0082,0.0005,0.000,4.955,4.500,-4.886
9.8939,0.0084,0.0005,0.000,4.955,4.500,-4.886
9.9053,0.0113,0.0007,0.000,4.956,4.500,-4.887
9.9175,0.0122,0.0008,0.000,4.956,4.500,-4.888
9.9261,0.0086,0.0005,0.000,4.956,4.500,-4.888
9.9348,0.0086,0.0006,0.000,4.956,4.500,-4.889
9.9424,0.0076,0.0005,0.000,4.956,4.500,-4.889
9.9519,0.0095,0.0007,0.000,4.956,4.500,-4.890
9.9614,0.0095,0.0007,0.000,4.956,4.500,-4.891
9.9707,0.0093,0.0007,0.000,4.956,4.500,-4.891
9.9771,0.0064,0.0005,0.000,4.956,4.500,-4.892
9.9850,0.0078,0.0006,0.000,4.957,4.500,-4.892
9.9938,0.0089,0.0007,0.000,4.957,4.500,-4.893
10.0032,0.0093,0.0007,0.000,4.957,4.500,-4.894
10.0145,0.0114,0.0009,0.000,4.957,4.500,-4.894
10.0226,0.0081,0.0006,0.000,4.957,4.500,-4.895
10.0324,0.0098,0.0008,0.000,4.957,4.500,-4.896
10.0394,0.0070,0.0005,0.000,4.957,4.500,-4.896
10.0472,0.0078,0.0006,0.000,4.957,4.500,-4.897
10.0569,0.0096,0.0007,0.000,4.958,4.500,-4.898
10.0657,0.0089,0.0007,0.000,4.958,4.500,-4.898
10.0756,0.0098,0.0008,0.000,4.958,4.500,-4.899
10.0842,0.0086,0.0007,0.000,4.958,4.500,-4.900
10.0938,0.0096,0.0007,0.000,4.958,4.500,-4.900
10.1015,0.0078,0.0006,0.000,4.958,4.500,-4.901
10.1098,0.0083,0.0006,0.000,4.958,4.500,-4.902
10.1166,0.0068,0.0005,0.000,4.958,4.500,-4.902
10.1240,0.0074,0.0005,0.000,4.958,4.500,-4.903
10.1327,0.0087,0.0006,0.000,4.958,4.500,-4.903
10.1404,0.0077,0.0006,0.000,4.958,4.500,-4.904
10.1475,0.0071,0.0005,0.000,4.958,4.500,-4.904
10.1570,0.0095,0.0007,0.000,4.958,4.500,-4.905
10.1696,0.0126,0.0009,0.000,4.958,4.500,-4.906
10.1795,0.0098,0.0007,0.000,4.958,4.500,-4.907
10.1882,0.0087,0.0006,0.000,4.958,4.500,-4.907
10.1969,0.0087,0.0006,0.000,4.958,4.500,-4.908
10.2046,0.0078,0.0005,0.000,4.958,4.500,-4.908
10.2131,0.0085,0.0006,0.000,4.958,4.500,-4.909
10.2212,0.0081,0.0005,0.000,4.958,4.500,-4.910
10.2302,0.0090,0.0006,0.000,4.958,4.500,-4.910
10.2367,0.0066,0.0004,0.000,4.958,4.500,-4.911
10.2435,0.0068,0.0004,0.000,4.958,4.500,-4.911
10.2517,0.0083,0.0005,0.000,4.958,4.500,-4.911
10.2596,0.0079,0.0005,0.000,4.958,4.500,-4.912
10.2675,0.0079,0.0005,0.000,4.958,4.500,-4.912
10.2785,0.0110,0.0006,0.000,4.958,4.500,-4.913
10.2859,0.0074,0.0004,0.000,4.958,4.500,-4.913
10.2962,0.0103,0.0006,0.000,4.958,4.500,-4.914
10.3043,0.0081,0.0004,0.000,4.958,4.500,-4.914
10.3130,0.0087,0.0004,0.000,4.958,4.500,-4.915
10.3209,0.0079,0.0004,0.000,4.958,4.500,-4.915
10.3325,0.0116,0.0005,0.000,4.958,4.500,-4.916
10.3421,0.0096,0.0004,0.000,4.958,4.500,-4.916
10.3503,0.0082,0.0003,0.000,4.958,4.500,-4.917
10.3581,0.0078,0.0003,0.000,4.958,4.500,-4.917
10.3654,0.0073,0.0003,0.000,4.959,4.500,-4.917
10.3741,0.0087,0.0003,0.000,4.959,4.500,-4.917
10.3897,0.0156,0.0006,0.000,4.959,4.500,-4.918
10.4024,0.0126,0.0005,0.000,4.959,4.500,-4.918
10.4136,0.0112,0.0004,0.000,4.959,4.500,-4.919
10.4222,0.0087,0.0003,0.000,4.959,4.500,-4.919
10.4313,0.0090,0.0003,0.000,4.959,4.500,-4.919
10.4398,0.0085,0.0003,0.000,4.960,4.500,-4.920
10.4486,0.0089,0.0003,0.000,4.960,4.500,-4.920
10.4601,0.0115,0.0004,0.000,4.960,4.500,-4.920
10.4683,0.0082,0.0003,0.000,4.960,4.500,-4.920
10.4773,0.0090,0.0003,0.000,4.961,4.500,-4.920
10.4840,0.0067,0.0002,0.000,4.961,4.500,-4.921
10.4927,0.0087,0.0003,0.000,4.961,4.500,-4.921
10.5009,0.0082,0.0003,0.000,4.961,4.500,-4.921
10.5125,0.0116,0.0004,0.000,4.962,4.500,-4.921
10.5201,0.0076,0.0003,0.000,4.962,4.500,-4.921
10.5276,0.0075,0.0003,0.000,4.962,4.500,-4.921
10.5357,0.0081,0.0003,0.000,4.962,4.500,-4.922
10.5421,0.0064,0.0003,0.000,4.963,4.500,-4.922
10.5516,0.0095,0.0004,0.000,4.963,4.500,-4.922
10.5593,0.0078,0.0003,0.000,4.963,4.500,-4.922
10.5788,0.0195,0.0009,0.000,4.964,4.500,-4.922
10.5945,0.0157,0.0008,0.000,4.965,4.500,-4.922
10.6053,0.0108,0.0006,0.000,4.966,4.500,-4.922
10.6152,0.0099,0.0005,0.000,4.966,4.500,-4.922
10.6230,0.0078,0.0004,0.000,4.967,4.500,-4.922
10.6323,0.0093,0.0005,0.000,4.967,4.500,-4.922
10.6411,0.0088,0.0005,0.000,4.968,4.500,-4.922
10.6509,0.0098,0.0006,0.000,4.968,4.500,-4.922
10.6593,0.0084,0.0005,0.000,4.969,4.500,-4.922
10.6705,0.0113,0.0007,0.000,4.970,4.500,-4.922
10.6810,0.0105,0.0007,0.000,4.970,4.500,-4.922
10.6917,0.0107,0.0007,0.000,4.971,4.500,-4.922
10.6989,0.0071,0.0005,0.000,4.971,4.500,-4.922
10.7067,0.0078,0.0005,0.000,4.972,4.500,-4.921
10.7158,0.0092,0.0007,0.000,4.973,4.500,-4.921
10.7247,0.0089,0.0006,0.000,4.973,4.500,-4.921
10.7336,0.0089,0.0007,0.000,4.974,4.500,-4.921
10.7416,0.0080,0.0006,0.000,4.974,4.500,-4.921
10.7505,0.0089,0.0007,0.000,4.975,4.500,-4.920
10.7586,0.0081,0.0006,0.000,4.976,4.500,-4.920
10.7658,0.0072,0.0005,0.000,4.976,4.500,-4.920
10.7741,0.0083,0.0006,0.000,4.977,4.500,-4.920
10.7814,0.0072,0.0005,0.000,4.977,4.500,-4.920
10.7911,0.0097,0.0007,0.000,4.978,4.500,-4.920
10.7984,0.0074,0.0006,0.000,4.979,4.500,-4.919
10.8058,0.0073,0.0006,0.000,4.979,4.500,-4.919
10.8151,0.0093,0.0007,0.000,4.980,4.500,-4.919
10.8219,0.0068,0.0005,0.000,4.980,4.500,-4.919
10.8318,0.0099,0.0008,0.000,4.981,4.500,-4.919
10.8390,0.0072,0.0006,0.000,4.982,4.500,-4.919
10.8452,0.0062,0.0005,0.000,4.982,4.500,-4.919
10.8539,0.0086,0.0007,0.000,4.983,4.500,-4.918
10.8607,0.0069,0.0056,0.000,4.979,4.500,-4.923
10.8671,0.0064,0.0052,0.000,4.975,4.500,-4.926
10.8772,0.0101,0.0081,0.000,4.970,4.500,-4.932
10.8858,0.0086,0.0068,0.000,4.965,4.499,-4.937
10.8950,0.0091,0.0071,0.000,4.959,4.499,-4.941
10.9032,0.0082,0.0063,0.000,4.954,4.498,-4.945
10.9119,0.0087,0.0066,0.000,4.948,4.497,-4.948
10.9190,0.0072,0.0055,0.000,4.944,4.496,-4.951
10.9275,0.0085,0.0065,0.000,4.938,4.495,-4.953
10.9356,0.0081,0.0062,0.000,4.932,4.493,-4.955
10.9419,0.0063,0.0049,0.000,4.927,4.492,-4.957
10.9586,0.0167,0.0133,0.000,4.915,4.488,-4.959
10.9708,0.0122,0.0101,0.000,4.906,4.485,-4.960
10.9817,0.0109,0.0093,0.000,4.897,4.481,-4.961
10.9922,0.0104,0.0092,0.000,4.888,4.478,-4.961
10.9985,0.0064,0.0058,0.000,4.883,4.476,-4.960
11.0055,0.0070,0.0065,0.000,4.877,4.473,-4.960
11.0174,0.0119,0.0114,0.000,4.867,4.468,-4.958
11.0264,0.0091,0.0090,0.000,4.859,4.464,-4.956
11.0353,0.0089,0.0091,0.000,4.851,4.460,-4.955
11.0431,0.0078,0.0083,0.000,4.844,4.457,-4.953
11.0545,0.0113,0.0124,0.000,4.833,4.451,-4.949
11.0634,0.0090,0.0101,0.000,4.825,4.447,-4.946
11.0770,0.0136,0.0159,0.000,4.812,4.439,-4.941
11.0861,0.0091,0.0111,0.000,4.803,4.434,-4.937
11.0963,0.0102,0.0128,0.000,4.792,4.428,-4.933
11.1058,0.0095,0.0122,0.000,4.783,4.422,-4.928
11.1159,0.0101,0.0133,0.000,4.772,4.416,-4.923
11.1256,0.0097,0.0132,0.000,4.762,4.409,-4.917
11.1343,0.0087,0.0121,0.000,4.753,4.403,-4.912
11.1427,0.0085,0.0121,0.000,4.744,4.397,-4.907
11.1536,0.0109,0.0159,0.000,4.732,4.389,-4.899
11.1625,0.0089,0.0133,0.000,4.723,4.382,-4.893
11.1724,0.0100,0.0152,0.000,4.712,4.375,-4.886
11.1803,0.0079,0.0123,0.000,4.703,4.369,-4.880
11.1871,0.0068,0.0108,0.000,4.695,4.363,-4.875
11.1952,0.0080,0.0129,0.000,4.686,4.356,-4.868
11.2011,0.0059,0.0097,0.000,4.680,4.351,-4.863
11.2101,0.0090,0.0150,0.000,4.669,4.344,-4.856
11.2161,0.0060,0.0102,0.000,4.662,4.338,-4.850
11.2237,0.0076,0.0131,0.000,4.653,4.332,-4.843
11.2332,0.0094,0.0164,0.000,4.643,4.323,-4.835
11.2396,0.0065,0.0115,0.000,4.635,4.317,-4.829
11.2468,0.0071,0.0128,0.000,4.626,4.311,-4.822
11.2558,0.0090,0.0164,0.000,4.616,4.302,-4.813
11.2629,0.0071,0.0130,0.000,4.607,4.295,-4.805
11.2726,0.0098,0.0191,0.000,4.596,4.286,-4.794
11.2826,0.0100,0.0206,0.000,4.584,4.276,-4.780
11.2927,0.0101,0.0220,0.000,4.572,4.265,-4.765
11.2992,0.0065,0.0147,0.000,4.565,4.259,-4.754
11.3071,0.0079,0.0185,0.000,4.555,4.250,-4.740
11.3173,0.0102,0.0247,0.000,4.544,4.239,-4.721
11.3242,0.0069,0.0173,0.000,4.535,4.232,-4.708
11.3336,0.0093,0.0241,0.000,4.525,4.222,-4.689
11.3421,0.0085,0.0229,0.000,4.514,4.212,-4.671
11.3523,0.0102,0.0289,0.000,4.501,4.200,-4.648
11.3608,0.0085,0.0249,0.000,4.489,4.191,-4.628
11.3683,0.0075,0.0224,0.000,4.479,4.182,-4.611
11.3780,0.0097,0.0302,0.000,4.465,4.170,-4.586
11.3859,0.0078,0.0249,0.000,4.453,4.161,-4.567
11.3938,0.0079,0.0258,0.000,4.441,4.152,-4.546
11.4002,0.0064,0.0212,0.000,4.431,4.144,-4.529
11.4071,0.0069,0.0232,0.000,4.420,4.135,-4.510
11.4159,0.0088,0.0300,0.000,4.406,4.124,-4.486
11.4229,0.0070,0.0242,0.000,4.394,4.116,-4.467
11.4310,0.0082,0.0289,0.000,4.381,4.105,-4.443
11.4375,0.0065,0.4625,0.256,4.708,4.097,-4.116
11.4498,0.0123,0.0452,0.430,4.688,4.081,-4.079
11.4604,0.0106,0.0392,0.363,4.670,4.066,-4.047
11.4682,0.0078,0.0292,0.262,4.657,4.055,-4.024
11.4763,0.0081,0.0307,0.271,4.642,4.044,-4.000
11.4831,0.0067,0.0258,0.220,4.629,4.034,-3.979
11.4913,0.0082,0.0318,0.268,4.613,4.022,-3.955
11.4999,0.0086,0.0337,0.280,4.595,4.009,-3.929
11.5080,0.0081,0.0319,0.262,4.579,3.997,-3.905
11.5164,0.0085,0.0340,0.271,4.560,3.984,-3.879
11.5252,0.0087,0.0353,0.271,4.541,3.970,-3.853
11.5353,0.0101,0.0415,0.314,4.519,3.954,-3.822
11.5420,0.0067,0.0279,0.206,4.503,3.944,-3.801
11.5508,0.0088,0.0367,0.265,4.483,3.929,-3.774
11.5576,0.0069,0.0289,0.209,4.467,3.918,-3.753
11.5647,0.0071,0.0302,0.213,4.451,3.906,-3.730
11.5732,0.0085,0.0363,0.250,4.431,3.892,-3.704
11.5815,0.0083,0.0359,0.247,4.411,3.878,-3.677
11.5918,0.0102,0.0446,0.299,4.387,3.861,-3.644
11.5994,0.0076,0.0333,0.220,4.368,3.848,-3.619
11.6079,0.0085,0.0376,0.244,4.348,3.833,-3.591
11.6182,0.0103,0.0460,0.296,4.323,3.815,-3.557
11.6271,0.0089,0.0399,0.253,4.302,3.799,-3.527
11.6376,0.0105,0.0476,0.299,4.277,3.780,-3.491
11.6462,0.0086,0.0392,0.241,4.257,3.765,-3.462
11.6555,0.0093,0.0425,0.262,4.235,3.748,-3.429
11.6647,0.0092,0.0422,0.259,4.214,3.731,-3.397
11.6768,0.0121,0.0560,0.349,4.186,3.709,-3.354
11.6845,0.0077,0.0358,0.220,4.168,3.695,-3.326
11.6936,0.0091,0.0427,0.262,4.147,3.678,-3.293
11.7011,0.0075,0.0352,0.220,4.131,3.664,-3.265
11.7103,0.0092,0.0437,0.271,4.110,3.646,-3.231
11.7176,0.0073,0.0347,0.213,4.094,3.633,-3.203
11.7242,0.0065,0.0312,0.194,4.080,3.620,-3.178
11.7329,0.0088,0.0419,0.259,4.061,3.604,-3.145
11.7412,0.0083,0.0397,0.247,4.044,3.588,-3.113
11.7503,0.0091,0.0438,0.277,4.025,3.570,-3.077
11.7605,0.0102,0.0491,0.314,4.004,3.551,-3.037
11.7710,0.0105,0.0512,0.329,3.983,3.530,-2.995
11.7816,0.0106,0.0518,0.336,3.962,3.510,-2.953
11.7905,0.0089,0.0434,0.285,3.945,3.493,-2.917
11.7978,0.0073,0.0360,0.237,3.931,3.478,-2.887
11.8044,0.0066,0.0324,0.220,3.919,3.466,-2.860
11.8129,0.0085,0.0422,0.285,3.903,3.449,-2.824
11.8205,0.0076,0.0376,0.253,3.889,3.434,-2.792
11.8272,0.0068,0.0337,0.234,3.877,3.421,-2.764
11.8354,0.0081,0.0404,0.277,3.863,3.405,-2.730
11.8429,0.0076,0.0379,0.256,3.850,3.390,-2.697
11.8519,0.0090,0.0450,0.314,3.835,3.372,-2.659
11.8591,0.0072,0.0364,0.253,3.823,3.358,-2.627
11.8667,0.0076,0.0381,0.268,3.811,3.343,-2.595
11.8764,0.0096,0.0487,0.352,3.795,3.324,-2.552
11.8842,0.0078,0.0396,0.291,3.783,3.309,-2.518
11.8928,0.0086,0.0439,0.326,3.770,3.292,-2.480
11.9000,0.0072,0.0365,0.274,3.759,3.278,-2.448
11.9067,0.0067,0.0344,0.262,3.749,3.265,-2.418
11.9170,0.0102,0.0523,0.403,3.735,3.245,-2.372
11.9235,0.0065,0.0333,0.259,3.725,3.232,-2.342
11.9324,0.0089,0.0457,0.363,3.713,3.215,-2.302
11.9401,0.0077,0.0398,0.317,3.703,3.199,-2.267
11.9470,0.0068,0.0351,0.285,3.694,3.186,-2.235
11.9561,0.0091,0.0471,0.384,3.682,3.168,-2.193
11.9635,0.0074,0.0382,0.317,3.673,3.154,-2.159
11.9719,0.0084,0.0437,0.360,3.663,3.138,-2.120
11.9786,0.0067,0.0347,0.293,3.655,3.125,-2.089
11.9907,0.0121,0.0627,0.531,3.641,3.102,-2.032
11.9998,0.0090,0.0468,0.400,3.630,3.084,-1.990
12.0065,0.0067,0.0350,0.309,3.623,3.071,-1.958
12.0163,0.0098,0.0510,0.451,3.613,3.053,-1.912
12.0243,0.0080,0.0417,0.373,3.604,3.038,-1.874
12.0331,0.0088,0.0457,0.411,3.596,3.021,-1.832
12.0415,0.0084,0.0437,0.400,3.587,3.005,-1.792
12.0500,0.0085,0.0443,0.407,3.579,2.989,-1.752
12.0571,0.0072,0.0374,0.347,3.573,2.976,-1.717
12.0679,0.0108,0.0564,0.532,3.563,2.956,-1.666
12.0795,0.0116,0.0605,0.579,3.553,2.935,-1.610
12.0870,0.0075,0.0392,0.379,3.547,2.921,-1.574
12.0972,0.0102,0.0532,0.522,3.539,2.903,-1.524
12.1038,0.0066,0.0344,0.347,3.534,2.891,-1.492
12.1122,0.0083,0.0435,0.437,3.527,2.876,-1.452
12.1200,0.0079,0.0410,0.415,3.522,2.862,-1.414
12.1269,0.0069,0.0361,0.367,3.517,2.850,-1.380
12.1357,0.0088,0.0456,0.466,3.511,2.834,-1.338
12.1432,0.0075,0.0389,0.407,3.506,2.821,-1.302
12.1518,0.0087,0.0451,0.473,3.500,2.806,-1.259
12.1594,0.0076,0.0393,0.417,3.496,2.793,-1.223
12.1668,0.0074,0.0386,0.413,3.491,2.780,-1.186
12.1759,0.0091,0.0473,0.510,3.486,2.765,-1.142
12.1825,0.0066,0.0343,0.377,3.482,2.754,-1.110
12.1913,0.0087,0.0452,0.494,3.478,2.739,-1.067
12.1984,0.0071,0.0368,0.409,3.474,2.728,-1.033
12.2118,0.0134,0.0691,0.769,3.467,2.706,-0.967
12.2283,0.0165,0.0848,0.958,3.460,2.679,-0.887
12.2511,0.0228,0.1167,1.342,3.450,2.643,-0.777
12.2631,0.0120,0.0613,0.715,3.446,2.625,-0.718
12.2742,0.0111,0.0563,0.661,3.442,2.608,-0.665
12.2815,0.0073,0.0372,0.442,3.440,2.597,-0.629
12.2921,0.0106,0.0536,0.637,3.436,2.582,-0.578
12.3001,0.0080,0.0402,0.480,3.434,2.570,-0.540
12.3069,0.0068,0.0342,0.413,3.432,2.560,-0.507
12.3167,0.0099,0.0495,0.599,3.430,2.546,-0.459
12.3249,0.0081,0.0407,0.496,3.428,2.535,-0.420
12.3347,0.0099,0.0492,0.601,3.425,2.521,-0.373
12.3422,0.0074,0.0370,0.461,3.424,2.511,-0.338
12.3528,0.0106,0.0524,0.651,3.422,2.497,-0.287
12.3608,0.0081,0.0398,0.494,3.420,2.486,-0.249
12.3722,0.0113,0.0557,0.695,3.419,2.472,-0.195
12.3806,0.0084,0.0409,0.513,3.417,2.461,-0.156
12.3876,0.0070,0.0341,0.432,3.417,2.452,-0.123
12.3977,0.0102,0.0493,0.623,3.415,2.440,-0.075
12.4062,0.0085,0.0408,0.517,3.415,2.430,-0.036
12.4165,0.0104,0.0498,0.631,3.414,2.417,0.013
12.4232,0.0067,0.0320,0.409,3.413,2.409,0.044
12.4339,0.0107,0.0509,0.649,3.413,2.397,0.093
12.4413,0.0074,0.0349,0.449,3.412,2.389,0.127
12.4526,0.0113,0.0533,0.683,3.412,2.376,0.179
12.4611,0.0085,0.0401,0.514,3.412,2.367,0.218
12.4712,0.0101,0.0474,0.610,3.412,2.356,0.264
12.4783,0.0071,0.0329,0.424,3.412,2.349,0.296
12.4854,0.0071,0.0329,0.424,3.412,2.342,0.328
12.4954,0.0099,0.0458,0.590,3.412,2.332,0.373
12.5025,0.0071,0.0327,0.422,3.412,2.325,0.405
12.5131,0.0106,0.0482,0.621,3.413,2.315,0.452
12.5202,0.0072,0.0326,0.422,3.413,2.308,0.484
12.5269,0.0067,0.0301,0.388,3.414,2.302,0.513
12.5369,0.0100,0.0450,0.577,3.414,2.293,0.558
12.5440,0.0071,0.0318,0.411,3.415,2.287,0.589
12.5528,0.0088,0.0390,0.500,3.416,2.280,0.627
12.5601,0.0073,0.0322,0.413,3.416,2.273,0.659
12.5674,0.0073,0.0320,0.409,3.417,2.268,0.690
12.5777,0.0103,0.0450,0.573,3.418,2.259,0.734
12.5851,0.0074,0.0323,0.411,3.419,2.254,0.766
12.5942,0.0091,0.0392,0.497,3.421,2.247,0.805
12.6012,0.0070,0.0302,0.384,3.422,2.242,0.835
12.6127,0.0115,0.0489,0.617,3.423,2.234,0.883
12.6206,0.0079,0.0333,0.421,3.425,2.228,0.916
12.6270,0.0065,0.0274,0.343,3.426,2.224,0.943
12.6362,0.0092,0.0384,0.476,3.427,2.218,0.980
12.6434,0.0072,0.0298,0.369,3.429,2.214,1.010
12.6531,0.0097,0.0401,0.496,3.430,2.208,1.050
12.6616,0.0085,0.0350,0.430,3.432,2.203,1.084
12.6718,0.0102,0.0416,0.507,3.434,2.197,1.125
12.6791,0.0074,0.0299,0.365,3.436,2.193,1.155
12.6861,0.0069,0.0279,0.343,3.437,2.190,1.182
12.6959,0.0099,0.0395,0.478,3.439,2.185,1.222
12.7031,0.0072,0.0285,0.343,3.441,2.181,1.250
12.7123,0.0091,0.0361,0.435,3.443,2.177,1.286
12.7198,0.0075,0.0295,0.356,3.445,2.174,1.315
12.7261,0.0064,0.0248,0.296,3.446,2.171,1.339
12.7359,0.0098,0.0377,0.446,3.449,2.167,1.377
12.7434,0.0075,0.0287,0.336,3.451,2.164,1.405
12.7531,0.0098,0.0373,0.432,3.453,2.160,1.442
12.7610,0.0078,0.0296,0.343,3.455,2.158,1.472
12.7694,0.0085,0.0319,0.369,3.458,2.155,1.503
12.7754,0.0060,0.0224,0.259,3.459,2.153,1.526
12.7827,0.0073,0.0271,0.309,3.461,2.151,1.553
12.7917,0.0090,0.0331,0.373,3.464,2.148,1.586
12.7990,0.0073,0.0265,0.299,3.466,2.146,1.612
12.8057,0.0068,0.0246,0.271,3.468,2.145,1.636
12.8147,0.0089,0.0322,0.354,3.471,2.143,1.668
12.8219,0.0072,0.0259,0.285,3.473,2.141,1.694
12.8311,0.0092,0.0328,0.358,3.476,2.139,1.727
12.8374,0.0062,0.0221,0.241,3.477,2.138,1.749
12.8441,0.0067,0.0235,0.253,3.480,2.137,1.772
12.8546,0.0105,0.0367,0.392,3.483,2.136,1.809
12.8631,0.0085,0.0294,0.314,3.486,2.134,1.838
12.8719,0.0088,0.0301,0.319,3.488,2.133,1.868
12.8804,0.0085,0.0289,0.299,3.491,2.133,1.897
12.8892,0.0088,0.0297,0.306,3.494,2.132,1.926
12.9027,0.0134,0.0448,0.460,3.498,2.131,1.971
12.9135,0.0108,0.0356,0.363,3.502,2.131,2.006
12.9211,0.0076,0.0247,0.253,3.505,2.131,2.031
12.9290,0.0079,0.0257,0.262,3.507,2.131,2.056
12.9361,0.0072,0.0230,0.227,3.510,2.131,2.079
12.9436,0.0075,0.0240,0.234,3.512,2.131,2.103
12.9519,0.0082,0.0261,0.256,3.515,2.131,2.129
12.9594,0.0075,0.0237,0.231,3.518,2.131,2.152
12.9658,0.0064,0.0200,0.194,3.520,2.132,2.172
12.9739,0.0081,0.0249,0.237,3.523,2.132,2.197
12.9809,0.0070,0.0215,0.206,3.526,2.133,2.218
12.9891,0.0082,0.0250,0.234,3.528,2.134,2.243
12.9950,0.0059,0.0179,0.000,3.531,2.134,2.261
13.0019,0.0069,0.0208,0.186,3.533,2.135,2.282
13.0100,0.0081,0.0242,0.220,3.536,2.136,2.306
13.0160,0.0060,0.0177,0.000,3.538,2.137,2.323
13.0233,0.0073,0.0215,0.194,3.541,2.138,2.345
13.0310,0.0077,0.0225,0.202,3.544,2.139,2.367
13.0382,0.0072,0.0207,0.181,3.546,2.141,2.387
13.0454,0.0072,0.0207,0.181,3.549,2.142,2.408
13.0544,0.0090,0.0255,0.224,3.552,2.143,2.433
13.0613,0.0069,0.0194,0.163,3.555,2.145,2.452
13.0713,0.0101,0.0282,0.244,3.558,2.147,2.480
13.0789,0.0076,0.0211,0.177,3.561,2.149,2.501
13.0858,0.0069,0.0190,0.000,3.564,2.150,2.520
13.0950,0.0091,0.0249,0.209,3.567,2.152,2.544
13.1014,0.0064,0.0174,0.000,3.570,2.154,2.562
13.1117,0.0103,0.0275,0.224,3.573,2.157,2.589
13.1188,0.0071,0.0188,0.000,3.576,2.158,2.607
13.1257,0.0069,0.0182,0.000,3.579,2.160,2.625
13.1338,0.0081,0.0212,0.172,3.582,2.163,2.646
13.1413,0.0075,0.0194,0.000,3.584,2.165,2.665
13.1509,0.0096,0.0245,0.190,3.588,2.167,2.689
13.1578,0.0070,0.0176,0.000,3.590,2.170,2.706
13.1640,0.0062,0.0157,0.000,3.593,2.171,2.722
13.1735,0.0094,0.0235,0.186,3.596,2.174,2.745
13.1817,0.0082,0.0203,0.000,3.599,2.177,2.765
13.1916,0.0099,0.0243,0.186,3.603,2.180,2.789
13.1988,0.0072,0.0174,0.000,3.606,2.183,2.806
13.2053,0.0065,0.0156,0.000,3.608,2.185,2.821
13.2140,0.0086,0.0205,0.000,3.611,2.188,2.841
13.2218,0.0078,0.0184,0.000,3.614,2.190,2.859
13.2305,0.0087,0.0204,0.000,3.617,2.193,2.879
13.2390,0.0085,0.0196,0.000,3.620,2.196,2.898
13.2459,0.0068,0.0156,0.000,3.623,2.199,2.913
13.2561,0.0103,0.0232,0.172,3.626,2.202,2.936
13.2636,0.0075,0.0167,0.000,3.629,2.205,2.952
13.2713,0.0078,0.0172,0.000,3.632,2.208,2.969
13.2789,0.0076,0.0167,0.000,3.635,2.211,2.985
13.2869,0.0079,0.0172,0.000,3.637,2.214,3.002
13.2953,0.0085,0.0182,0.000,3.640,2.217,3.019
13.3018,0.0065,0.0138,0.000,3.643,2.219,3.033
13.3107,0.0089,0.0188,0.000,3.646,2.223,3.051
13.3169,0.0062,0.0129,0.000,3.648,2.225,3.064
13.3231,0.0061,0.0127,0.000,3.650,2.227,3.076
13.3314,0.0083,0.0171,0.000,3.653,2.230,3.092
13.3424,0.0109,0.0221,0.000,3.657,2.235,3.114
13.3508,0.0084,0.0168,0.000,3.659,2.238,3.130
13.3571,0.0063,0.0125,0.000,3.662,2.240,3.142
13.3638,0.0067,0.0132,0.000,3.664,2.243,3.155
13.3719,0.0081,0.0156,0.000,3.667,2.246,3.170
13.3800,0.0081,0.0154,0.000,3.669,2.249,3.185
13.3870,0.0070,0.0133,0.000,3.672,2.251,3.198
13.3962,0.0092,0.0173,0.000,3.674,2.255,3.214
13.4030,0.0067,0.0125,0.000,3.677,2.257,3.226
13.4103,0.0074,0.0135,0.000,3.679,2.260,3.239
13.4160,0.0056,0.0102,0.000,3.681,2.262,3.249
13.4233,0.0073,0.0132,0.000,3.683,2.264,3.262
13.4304,0.0071,0.0127,0.000,3.685,2.267,3.274
13.4365,0.0061,0.0109,0.000,3.687,2.269,3.285
13.4435,0.0070,0.0122,0.000,3.689,2.271,3.297
13.4511,0.0076,0.0132,0.000,3.692,2.274,3.309
13.4575,0.0064,0.0111,0.000,3.694,2.276,3.320
13.4636,0.0061,0.0104,0.000,3.695,2.278,3.330
13.4720,0.0083,0.0140,0.000,3.698,2.281,3.343
13.4780,0.0060,0.0100,0.000,3.700,2.283,3.353
13.4848,0.0068,0.0112,0.000,3.702,2.285,3.364
13.4934,0.0086,0.0139,0.000,3.704,2.288,3.377
13.5015,0.0081,0.0129,0.000,3.706,2.290,3.390
13.5114,0.0099,0.0155,0.000,3.709,2.293,3.405
13.5194,0.0080,0.0124,0.000,3.711,2.296,3.417
13.5267,0.0073,0.0111,0.000,3.713,2.298,3.427
13.5364,0.0098,0.0146,0.000,3.716,2.301,3.442
13.5430,0.0066,0.0097,0.000,3.717,2.303,3.451
13.5507,0.0077,0.0112,0.000,3.719,2.305,3.462
13.5575,0.0067,0.0096,0.000,3.721,2.307,3.471
13.5639,0.0064,0.0090,0.000,3.723,2.309,3.480
13.5715,0.0076,0.0106,0.000,3.725,2.311,3.490
13.5782,0.0067,0.0092,0.000,3.726,2.313,3.499
13.5848,0.0066,0.0089,0.000,3.728,2.314,3.507
13.5934,0.0086,0.0113,0.000,3.730,2.316,3.518
13.6010,0.0076,0.0099,0.000,3.732,2.318,3.528
13.6090,0.0080,0.0101,0.000,3.733,2.320,3.538
13.6144,0.0054,0.0068,0.000,3.735,2.322,3.544
13.6206,0.0062,0.0076,0.000,3.736,2.323,3.552
13.6270,0.0064,0.0078,0.000,3.737,2.325,3.559
13.6360,0.0090,0.0107,0.000,3.739,2.327,3.569
13.6436,0.0076,0.0088,0.000,3.741,2.328,3.578
13.6516,0.0080,0.0091,0.000,3.743,2.330,3.587
13.6596,0.0080,0.0088,0.000,3.744,2.332,3.595
13.6671,0.0075,0.0081,0.000,3.746,2.334,3.603
13.6767,0.0096,0.0101,0.000,3.748,2.336,3.613
13.6855,0.0088,0.0089,0.000,3.749,2.337,3.621
13.6961,0.0106,0.0104,0.000,3.751,2.339,3.631
13.7044,0.0083,0.0079,0.000,3.753,2.341,3.639
13.7153,0.0108,0.0099,0.000,3.754,2.343,3.648
13.7253,0.0100,0.0088,0.000,3.756,2.344,3.657
13.7374,0.0121,0.0101,0.000,3.758,2.346,3.667
13.7453,0.0078,0.0063,0.000,3.759,2.348,3.673
13.7588,0.0136,0.0103,0.000,3.761,2.350,3.683
13.7673,0.0085,0.0061,0.000,3.762,2.351,3.689
13.7790,0.0117,0.0079,0.000,3.764,2.352,3.696
13.7872,0.0082,0.0052,0.000,3.765,2.353,3.701
13.7966,0.0094,0.0057,0.000,3.766,2.354,3.707
13.8032,0.0067,0.0038,0.000,3.766,2.355,3.710
13.8114,0.0082,0.0045,0.000,3.767,2.356,3.715
13.8174,0.0060,0.0031,0.000,3.768,2.357,3.718
13.8241,0.0066,0.0033,0.000,3.769,2.357,3.721
13.8333,0.0093,0.0043,0.000,3.769,2.358,3.725
13.8396,0.0063,0.0027,0.000,3.770,2.359,3.727
13.8451,0.0055,0.0022,0.000,3.770,2.359,3.730
13.8533,0.0082,0.0031,0.000,3.771,2.360,3.733
13.8593,0.0060,0.0021,0.000,3.771,2.360,3.735
13.8659,0.0066,0.0021,0.000,3.772,2.360,3.737
13.8762,0.0103,0.0029,0.000,3.772,2.361,3.739
13.8828,0.0065,0.0016,0.000,3.773,2.361,3.741
13.8915,0.0088,0.0019,0.000,3.773,2.362,3.743
13.8991,0.0075,0.0014,0.000,3.773,2.362,3.744
13.9062,0.0071,0.0011,0.000,3.773,2.362,3.745
13.9171,0.0109,0.0012,0.000,3.774,2.362,3.746
13.9251,0.0080,0.0006,0.000,3.774,2.363,3.747
13.9332,0.0081,0.0003,0.000,3.774,2.363,3.747
13.9391,0.0059,0.0000,0.000,3.774,2.363,3.747
13.9501,0.0110,107.1049,120.367,103.307,2.200,-35.807
13.9618,0.0117,0.0000,0.000,103.307,2.200,-35.807
13.9742,0.0124,0.0000,0.000,103.307,2.200,-35.807
13.9819,0.0077,0.0000,0.000,103.307,2.200,-35.807
13.9905,0.0087,0.0000,0.000,103.307,2.200,-35.807
13.9965,0.0060,0.0000,0.000,103.307,2.200,-35.807
14.0043,0.0077,0.0000,0.000,103.307,2.200,-35.807
14.0157,0.0114,0.0000,0.000,103.307,2.200,-35.807
14.0225,0.0068,0.0000,0.000,103.307,2.200,-35.807
14.0318,0.0093,0.0000,0.000,103.307,2.200,-35.807
14.0381,0.0064,0.0000,0.000,103.307,2.200,-35.807
14.0440,0.0059,0.0000,0.000,103.307,2.200,-35.807
14.0522,0.0082,0.0000,0.000,103.307,2.200,-35.807
14.0589,0.0067,0.0000,0.000,103.307,2.200,-35.807
14.0659,0.0070,0.0000,0.000,103.307,2.200,-35.807
14.0764,0.0105,0.0000,0.000,103.307,2.200,-35.807
14.0838,0.0075,0.0000,0.000,103.307,2.200,-35.807
14.0937,0.0099,0.0000,0.000,103.307,2.200,-35.807
14.1016,0.0079,0.0000,0.000,103.307,2.200,-35.807
14.1111,0.0095,0.0000,0.000,103.307,2.200,-35.807
14.1176,0.0065,0.0000,0.000,103.307,2.200,-35.807
14.1251,0.0075,0.0000,0.000,103.307,2.200,-35.807
14.1345,0.0094,0.0000,0.000,103.307,2.200,-35.807
14.1435,0.0090,0.0000,0.000,103.307,2.200,-35.807
14.1534,0.0099,0.0000,0.000,103.307,2.200,-35.807
14.1600,0.0066,0.0000,0.000,103.307,2.200,-35.807
14.1668,0.0069,0.0000,0.000,103.307,2.200,-35.807
14.1774,0.0105,0.0000,0.000,103.307,2.200,-35.807
14.1855,0.0082,0.0000,0.000,103.307,2.200,-35.807
14.1952,0.0097,0.0000,0.000,103.307,2.200,-35.807
14.2028,0.0076,0.0000,0.000,103.307,2.200,-35.807
14.2112,0.0084,0.0000,0.000,103.307,2.200,-35.807
14.2177,0.0065,0.0000,0.000,103.307,2.200,-35.807
14.2241,0.0064,0.0000,0.000,103.307,2.200,-35.807
14.2315,0.0074,0.0000,0.000,103.307,2.200,-35.807
14.2382,0.0067,0.0000,0.000,103.307,2.200,-35.807
14.2454,0.0072,0.0000,0.000,103.307,2.200,-35.807
14.2545,0.0091,0.0000,0.000,103.307,2.200,-35.807
14.2617,0.0072,0.0000,0.000,103.307,2.200,-35.807
14.2713,0.0096,0.0000,0.000,103.307,2.200,-35.807
14.2781,0.0068,0.0000,0.000,103.307,2.200,-35.807
14.2843,0.0062,0.0000,0.000,103.307,2.200,-35.807
14.2931,0.0088,0.0000,0.000,103.307,2.200,-35.807
14.2996,0.0065,0.0000,0.000,103.307,2.200,-35.807
14.3056,0.0060,0.0000,0.000,103.307,2.200,-35.807
14.3142,0.0086,0.0000,0.000,103.307,2.200,-35.807
14.3208,0.0066,0.0000,0.000,103.307,2.200,-35.807
14.3278,0.0070,0.0000,0.000,103.307,2.200,-35.807
14.3370,0.0092,0.0000,0.000,103.307,2.200,-35.807
14.3442,0.0072,0.0000,0.000,103.307,2.200,-35.807
14.3516,0.0073,0.0000,0.000,103.307,2.200,-35.807
14.3595,0.0079,0.0000,0.000,103.307,2.200,-35.807
14.3655,0.0061,0.0000,0.000,103.307,2.200,-35.807
14.3743,0.0088,0.0000,0.000,103.307,2.200,-35.807
14.3815,0.0072,0.0000,0.000,103.307,2.200,-35.807
14.3904,0.0089,0.0000,0.000,103.307,2.200,-35.807
14.3964,0.0060,0.0000,0.000,103.307,2.200,-35.807
14.4043,0.0080,0.0000,0.000,103.307,2.200,-35.807
14.4127,0.0084,0.0000,0.000,103.307,2.200,-35.807
14.4193,0.0066,0.0000,0.000,103.307,2.200,-35.807
14.4261,0.0068,0.0000,0.000,103.307,2.200,-35.807
14.4344,0.0084,0.0000,0.000,103.307,2.200,-35.807
14.4406,0.0062,0.0000,0.000,103.307,2.200,-35.807
14.4472,0.0066,0.0000,0.000,103.307,2.200,-35.807
14.4559,0.0087,0.0000,0.000,103.307,2.200,-35.807
14.4628,0.0070,0.0000,0.000,103.307,2.200,-35.807
14.4718,0.0089,0.0000,0.000,103.307,2.200,-35.807
14.4789,0.0072,0.0000,0.000,103.307,2.200,-35.807
14.4852,0.0062,0.0000,0.000,103.307,2.200,-35.807
14.4934,0.0083,0.0000,0.000,103.307,2.200,-35.807
14.5069,0.0135,0.0000,0.000,103.307,2.200,-35.807
14.5183,0.0114,0.0000,0.000,103.307,2.200,-35.807
14.5262,0.0079,0.0000,0.000,103.307,2.200,-35.807
14.5345,0.0083,0.0000,0.000,103.307,2.200,-35.807
14.5404,0.0060,0.0000,0.000,103.307,2.200,-35.807
14.5470,0.0065,0.0000,0.000,103.307,2.200,-35.807
14.5557,0.0087,0.0000,0.000,103.307,2.200,-35.807
14.5616,0.0060,0.0000,0.000,103.307,2.200,-35.807
14.5705,0.0089,0.0000,0.000,103.307,2.200,-35.807
14.5768,0.0063,0.0000,0.000,103.307,2.200,-35.807
14.5838,0.0070,0.0000,0.000,103.307,2.200,-35.807
14.5933,0.0095,0.0000,0.000,103.307,2.200,-35.807
14.5996,0.0064,0.0000,0.000,103.307,2.200,-35.807
14.6060,0.0064,0.0000,0.000,103.307,2.200,-35.807
14.6146,0.0086,0.0000,0.000,103.307,2.200,-35.807
14.6208,0.0062,0.0000,0.000,103.307,2.200,-35.807
14.6271,0.0064,0.0000,0.000,103.307,2.200,-35.807
14.6369,0.0098,0.0000,0.000,103.307,2.200,-35.807
14.6434,0.0065,0.0000,0.000,103.307,2.200,-35.807
14.6513,0.0080,0.0000,0.000,103.307,2.200,-35.807
14.6591,0.0077,0.0000,0.000,103.307,2.200,-35.807
14.6648,0.0057,0.0000,0.000,103.307,2.200,-35.807
14.6725,0.0077,0.0000,0.000,103.307,2.200,-35.807
14.6797,0.0072,0.0000,0.000,103.307,2.200,-35.807
14.6857,0.0060,0.0000,0.000,103.307,2.200,-35.807
14.6934,0.0077,0.0000,0.000,103.307,2.200,-35.807
14.7017,0.0083,0.0000,0.000,103.307,2.200,-35.807
14.7108,0.0091,0.0000,0.000,103.307,2.200,-35.807
14.7166,0.0058,0.0000,0.000,103.307,2.200,-35.807
14.7254,0.0088,0.0000,0.000,103.307,2.200,-35.807
14.7345,0.0091,0.0000,0.000,103.307,2.200,-35.807
14.7419,0.0074,0.0000,0.000,103.307,2.200,-35.807
14.7512,0.0092,0.0000,0.000,103.307,2.200,-35.807
14.7586,0.0074,0.0000,0.000,103.307,2.200,-35.807
14.7658,0.0072,0.0000,0.000,103.307,2.200,-35.807
14.7758,0.0100,0.0000,0.000,103.307,2.200,-35.807
14.7818,0.0060,0.0000,0.000,103.307,2.200,-35.807
14.7916,0.0098,0.0000,0.000,103.307,2.200,-35.807
14.7991,0.0075,0.0000,0.000,103.307,2.200,-35.807
14.8057,0.0066,0.0000,0.000,103.307,2.200,-35.807
14.8151,0.0094,0.0000,0.000,103.307,2.200,-35.807
14.8265,0.0115,0.0000,0.000,103.307,2.200,-35.807
14.8369,0.0103,0.0000,0.000,103.307,2.200,-35.807
14.8434,0.0065,0.0000,0.000,103.307,2.200,-35.807
14.8511,0.0078,0.0000,0.000,103.307,2.200,-35.807
14.8572,0.0061,0.0000,0.000,103.307,2.200,-35.807
14.8629,0.0056,0.0000,0.000,103.307,2.200,-35.807
14.8721,0.0093,0.0000,0.000,103.307,2.200,-35.807
14.8793,0.0071,0.0000,0.000,103.307,2.200,-35.807
14.8855,0.0062,0.0000,0.000,103.307,2.200,-35.807
14.8949,0.0094,0.0000,0.000,103.307,2.200,-35.807
14.9022,0.0074,0.0000,0.000,103.307,2.200,-35.807
14.9119,0.0097,0.0000,0.000,103.307,2.200,-35.807
14.9199,0.0080,0.0000,0.000,103.307,2.200,-35.807
14.9259,0.0060,0.0000,0.000,103.307,2.200,-35.807
14.9353,0.0094,0.0000,0.000,103.307,2.200,-35.807
14.9421,0.0068,0.0000,0.000,103.307,2.200,-35.807
14.9511,0.0090,0.0000,0.000,103.307,2.200,-35.807
14.9583,0.0072,0.0000,0.000,103.307,2.200,-35.807
14.9649,0.0066,0.0000,0.000,103.307,2.200,-35.807
14.9728,0.0079,0.0000,0.000,103.307,2.200,-35.807
14.9797,0.0069,0.0000,0.000,103.307,2.200,-35.807
14.9876,0.0079,0.0000,0.000,103.307,2.200,-35.807
14.9976,0.0101,0.0000,0.000,103.307,2.200,-35.807
15.0043,0.0067,0.0000,0.000,103.307,2.200,-35.807
15.0140,0.0096,0.0000,0.000,103.307,2.200,-35.807
15.0214,0.0074,0.0000,0.000,103.307,2.200,-35.807
15.0295,0.0081,0.0000,0.000,103.307,2.200,-35.807
15.0363,0.0069,0.0000,0.000,103.307,2.200,-35.807
15.0433,0.0069,0.0000,0.000,103.307,2.200,-35.807
15.0506,0.0074,0.0000,0.000,103.307,2.200,-35.807
15.0598,0.0091,0.0000,0.000,103.307,2.200,-35.807
15.0666,0.0069,0.0000,0.000,103.307,2.200,-35.807
15.0763,0.0096,0.0000,0.000,103.307,2.200,-35.807
15.0846,0.0083,0.0000,0.000,103.307,2.200,-35.807
15.0934,0.0088,0.0000,0.000,103.307,2.200,-35.807
15.1003,0.0069,0.0000,0.000,103.307,2.200,-35.807
15.1083,0.0080,0.0000,0.000,103.307,2.200,-35.807
15.1166,0.0083,0.0000,0.000,103.307,2.200,-35.807
15.1233,0.0067,0.0000,0.000,103.307,2.200,-35.807
15.1333,0.0099,0.0000,0.000,103.307,2.200,-35.807
15.1413,0.0080,0.0000,0.000,103.307,2.200,-35.807
15.1502,0.0089,0.0000,0.000,103.307,2.200,-35.807
15.1575,0.0072,0.0000,0.000,103.307,2.200,-35.807
15.1638,0.0063,0.0000,0.000,103.307,2.200,-35.807
15.1719,0.0081,0.0000,0.000,103.307,2.200,-35.807
15.1792,0.0074,0.0000,0.000,103.307,2.200,-35.807
15.1865,0.0072,0.0000,0.000,103.307,2.200,-35.807
15.1963,0.0099,0.0000,0.000,103.307,2.200,-35.807
15.2041,0.0077,0.0000,0.000,103.307,2.200,-35.807
15.2136,0.0096,0.0000,0.000,103.307,2.200,-35.807
15.2211,0.0075,0.0000,0.000,103.307,2.200,-35.807
15.2306,0.0095,0.0000,0.000,103.307,2.200,-35.807
15.2368,0.0062,0.0000,0.000,103.307,2.200,-35.807
15.2443,0.0075,0.0000,0.000,103.307,2.200,-35.807
15.2535,0.0092,0.0000,0.000,103.307,2.200,-35.807
15.2611,0.0076,0.0000,0.000,103.307,2.200,-35.807
15.2708,0.0097,0.0000,0.000,103.307,2.200,-35.807
15.2795,0.0088,0.0000,0.000,103.307,2.200,-35.807
15.2867,0.0072,0.0000,0.000,103.307,2.200,-35.807
15.2963,0.0096,0.0000,0.000,103.307,2.200,-35.807
15.3045,0.0082,0.0000,0.000,103.307,2.200,-35.807
15.3134,0.0089,0.0000,0.000,103.307,2.200,-35.807
15.3212,0.0078,0.0000,0.000,103.307,2.200,-35.807
15.3317,0.0105,0.0000,0.000,103.307,2.200,-35.807
15.3386,0.0069,0.0000,0.000,103.307,2.200,-35.807
15.3452,0.0066,0.0000,0.000,103.307,2.200,-35.807
15.3542,0.0090,0.0000,0.000,103.307,2.200,-35.807
15.3616,0.0074,0.0000,0.000,103.307,2.200,-35.807
15.3700,0.0084,0.0000,0.000,103.307,2.200,-35.807
15.3777,0.0077,0.0000,0.000,103.307,2.200,-35.807
15.3848,0.0071,0.0000,0.000,103.307,2.200,-35.807
15.3941,0.0092,0.0000,0.000,103.307,2.200,-35.807
15.4012,0.0072,0.0000,0.000,103.307,2.200,-35.807
15.4095,0.0083,0.0000,0.000,103.307,2.200,-35.807
15.4164,0.0068,0.0000,0.000,103.307,2.200,-35.807
15.4256,0.0093,0.0000,0.000,103.307,2.200,-35.807
15.4343,0.0087,0.0000,0.000,103.307,2.200,-35.807
15.4409,0.0065,0.0000,0.000,103.307,2.200,-35.807
15.4503,0.0094,0.0000,0.000,103.307,2.200,-35.807
15.4563,0.0060,0.0000,0.000,103.307,2.200,-35.807
15.4644,0.0081,0.0000,0.000,103.307,2.200,-35.807
15.4740,0.0096,0.0000,0.000,103.307,2.200,-35.807
15.4809,0.0069,0.0000,0.000,103.307,2.200,-35.807
15.4895,0.0086,0.0000,0.000,103.307,2.200,-35.807
15.4967,0.0072,0.0000,0.000,103.307,2.200,-35.807
15.5044,0.0077,0.0000,0.000,103.307,2.200,-35.807
15.5130,0.0086,0.0000,0.000,103.307,2.200,-35.807
15.5222,0.0092,0.0000,0.000,103.307,2.200,-35.807
15.5304,0.0082,0.0000,0.000,103.307,2.200,-35.807
15.5373,0.0069,0.0000,0.000,103.307,2.200,-35.807
15.5460,0.0087,0.0000,0.000,103.307,2.200,-35.807
15.5541,0.0082,0.0000,0.000,103.307,2.200,-35.807
15.5601,0.0060,0.0000,0.000,103.307,2.200,-35.807
15.5676,0.0075,0.0000,0.000,103.307,2.200,-35.807
15.5767,0.0091,0.0000,0.000,103.307,2.200,-35.807
15.5834,0.0067,0.0000,0.000,103.307,2.200,-35.807
15.5924,0.0089,0.0000,0.000,103.307,2.200,-35.807
15.5989,0.0065,0.0000,0.000,103.307,2.200,-35.807
15.6046,0.0057,0.0000,0.000,103.307,2.200,-35.807
15.6138,0.0092,0.0000,0.000,103.307,2.200,-35.807
15.6210,0.0072,0.0000,0.000,103.307,2.200,-35.807
15.6296,0.0085,0.0000,0.000,103.307,2.200,-35.807
15.6364,0.0069,0.0000,0.000,103.307,2.200,-35.807
15.6441,0.0077,0.0000,0.000,103.307,2.200,-35.807
15.6527,0.0086,0.0000,0.000,103.307,2.200,-35.807
15.6611,0.0084,0.0000,0.000,103.307,2.200,-35.807
15.6700,0.0089,0.0000,0.000,103.307,2.200,-35.807
15.6766,0.0065,0.0000,0.000,103.307,2.200,-35.807
15.6851,0.0085,0.0000,0.000,103.307,2.200,-35.807
15.6929,0.0078,0.0000,0.000,103.307,2.200,-35.807
15.6993,0.0065,0.0000,0.000,103.307,2.200,-35.807
15.7069,0.0076,0.0000,0.000,103.307,2.200,-35.807
15.7160,0.0091,0.0000,0.000,103.307,2.200,-35.807
15.7226,0.0066,0.0000,0.000,103.307,2.200,-35.807
15.7311,0.0085,0.0000,0.000,103.307,2.200,-35.807
15.7375,0.0064,0.0000,0.000,103.307,2.200,-35.807
15.7444,0.0069,0.0000,0.000,103.307,2.200,-35.807
15.7538,0.0093,0.0000,0.000,103.307,2.200,-35.807
15.7612,0.0074,0.0000,0.000,103.307,2.200,-35.807
15.7709,0.0097,0.0000,0.000,103.307,2.200,-35.807
15.7802,0.0094,0.0000,0.000,103.307,2.200,-35.807
15.7889,0.0087,0.0000,0.000,103.307,2.200,-35.807
15.7994,0.0105,0.0000,0.000,103.307,2.200,-35.807
15.8088,0.0093,0.0000,0.000,103.307,2.200,-35.807
15.8196,0.0108,0.0000,0.000,103.307,2.200,-35.807
15.8274,0.0078,0.0000,0.000,103.307,2.200,-35.807
15.8380,0.0106,0.0000,0.000,103.307,2.200,-35.807
15.8455,0.0076,0.0000,0.000,103.307,2.200,-35.807
15.8540,0.0085,0.0000,0.000,103.307,2.200,-35.807
15.8631,0.0091,0.0000,0.000,103.307,2.200,-35.807
15.8729,0.0098,0.0000,0.000,103.307,2.200,-35.807
15.8831,0.0102,0.0000,0.000,103.307,2.200,-35.807
15.8959,0.0127,0.0000,0.000,103.307,2.200,-35.807
15.9030,0.0071,0.0000,0.000,103.307,2.200,-35.807
15.9110,0.0080,0.0000,0.000,103.307,2.200,-35.807
15.9184,0.0074,0.0000,0.000,103.307,2.200,-35.807
15.9240,0.0056,0.0000,0.000,103.307,2.200,-35.807
15.9322,0.0082,0.0000,0.000,103.307,2.200,-35.807
15.9406,0.0084,0.0000,0.000,103.307,2.200,-35.807
15.9470,0.0064,0.0000,0.000,103.307,2.200,-35.807
15.9584,0.0114,0.0000,0.000,103.307,2.200,-35.807
15.9655,0.0070,0.0000,0.000,103.307,2.200,-35.807
15.9745,0.0090,0.0000,0.000,103.307,2.200,-35.807
15.9819,0.0075,0.0000,0.000,103.307,2.200,-35.807
15.9936,0.0117,0.0000,0.000,103.307,2.200,-35.807
16.0012,0.0077,0.0000,0.000,103.307,2.200,-35.807
16.0113,0.0101,0.0000,0.000,103.307,2.200,-35.807
16.0182,0.0069,0.0000,0.000,103.307,2.200,-35.807
16.0247,0.0065,0.0000,0.000,103.307,2.200,-35.807
16.0317,0.0070,0.0000,0.000,103.307,2.200,-35.807
16.0397,0.0080,0.0000,0.000,103.307,2.200,-35.807
16.0452,0.0055,0.0000,0.000,103.307,2.200,-35.807
16.0549,0.0097,0.0000,0.000,103.307,2.200,-35.807
16.0633,0.0084,0.0000,0.000,103.307,2.200,-35.807
16.0718,0.0085,0.0000,0.000,103.307,2.200,-35.807
16.0783,0.0065,0.0000,0.000,103.307,2.200,-35.807
16.0851,0.0067,0.0000,0.000,103.307,2.200,-35.807
16.0929,0.0079,0.0000,0.000,103.307,2.200,-35.807
16.1001,0.0072,0.0000,0.000,103.307,2.200,-35.807
16.1094,0.0092,0.0000,0.000,103.307,2.200,-35.807
16.1194,0.0100,0.0000,0.000,103.307,2.200,-35.807
16.1278,0.0084,0.0000,0.000,103.307,2.200,-35.807
16.1378,0.0099,0.0000,0.000,103.307,2.200,-35.807
16.1462,0.0085,0.0000,0.000,103.307,2.200,-35.807
16.1588,0.0126,0.0000,0.000,103.307,2.200,-35.807
16.1764,0.0176,0.0000,0.000,103.307,2.200,-35.807
16.1913,0.0149,0.0000,0.000,103.307,2.200,-35.807
16.2080,0.0167,0.0000,0.000,103.307,2.200,-35.807
16.2215,0.0135,0.0000,0.000,103.307,2.200,-35.807
16.2314,0.0099,0.0000,0.000,103.307,2.200,-35.807
16.2383,0.0069,0.0000,0.000,103.307,2.200,-35.807
16.2456,0.0072,0.0000,0.000,103.307,2.200,-35.807
16.2543,0.0088,0.0000,0.000,103.307,2.200,-35.807
16.2624,0.0081,0.0000,0.000,103.307,2.200,-35.807
16.2724,0.0100,0.0000,0.000,103.307,2.200,-35.807
16.2791,0.0067,0.0000,0.000,103.307,2.200,-35.807
16.2858,0.0066,0.0000,0.000,103.307,2.200,-35.807
16.2943,0.0086,0.0000,0.000,103.307,2.200,-35.807
16.3018,0.0075,0.0000,0.000,103.307,2.200,-35.807
16.3102,0.0084,0.0000,0.000,103.307,2.200,-35.807
16.3178,0.0077,0.0000,0.000,103.307,2.200,-35.807
16.3247,0.0068,0.0000,0.000,103.307,2.200,-35.807
16.3331,0.0084,0.0000,0.000,103.307,2.200,-35.807
16.3425,0.0094,0.0000,0.000,103.307,2.200,-35.807
16.3520,0.0095,0.0000,0.000,103.307,2.200,-35.807
16.3600,0.0080,0.0000,0.000,103.307,2.200,-35.807
16.3683,0.0083,0.0000,0.000,103.307,2.200,-35.807
16.3777,0.0094,0.0000,0.000,103.307,2.200,-35.807
16.3855,0.0078,0.0000,0.000,103.307,2.200,-35.807
16.3992,0.0137,0.0000,0.000,103.307,2.200,-35.807
16.4098,0.0106,0.0000,0.000,103.307,2.200,-35.807
16.4211,0.0113,0.0000,0.000,103.307,2.200,-35.807
16.4349,0.0138,0.0000,0.000,103.307,2.200,-35.807
16.4430,0.0081,0.0000,0.000,103.307,2.200,-35.807
16.4526,0.0096,0.0000,0.000,103.307,2.200,-35.807
16.4602,0.0076,0.0000,0.000,103.307,2.200,-35.807
16.4671,0.0069,0.0000,0.000,103.307,2.200,-35.807
16.4752,0.0081,0.0000,0.000,103.307,2.200,-35.807
16.4820,0.0068,0.0000,0.000,103.307,2.200,-35.807
16.4899,0.0079,0.0000,0.000,103.307,2.200,-35.807
16.4962,0.0062,0.0000,0.000,103.307,2.200,-35.807
16.5052,0.0090,0.0000,0.000,103.307,2.200,-35.807
16.5136,0.0084,0.0000,0.000,103.307,2.200,-35.807
16.5273,0.0137,0.0000,0.000,103.307,2.200,-35.807
16.5396,0.0123,0.0000,0.000,103.307,2.200,-35.807
16.5463,0.0068,0.0000,0.000,103.307,2.200,-35.807
16.5552,0.0089,0.0000,0.000,103.307,2.200,-35.807
16.5624,0.0072,0.0000,0.000,103.307,2.200,-35.807
16.5712,0.0088,0.0000,0.000,103.307,2.200,-35.807
16.5776,0.0064,0.0000,0.000,103.307,2.200,-35.807
16.5854,0.0078,0.0000,0.000,103.307,2.200,-35.807
16.5938,0.0084,0.0000,0.000,103.307,2.200,-35.807
16.6003,0.0065,0.0000,0.000,103.307,2.200,-35.807
16.6076,0.0073,0.0000,0.000,103.307,2.200,-35.807
16.6167,0.0091,0.0000,0.000,103.307,2.200,-35.807
16.6228,0.0061,0.0000,0.000,103.307,2.200,-35.807
16.6326,0.0098,0.0000,0.000,103.307,2.200,-35.807
16.6395,0.0069,0.0000,0.000,103.307,2.200,-35.807
16.6457,0.0062,0.0000,0.000,103.307,2.200,-35.807
16.6556,0.0099,0.0000,0.000,103.307,2.200,-35.807
16.6636,0.0080,0.0000,0.000,103.307,2.200,-35.807
16.6727,0.0091,0.0000,0.000,103.307,2.200,-35.807
16.6803,0.0076,0.0000,0.000,103.307,2.200,-35.807
16.6871,0.0069,0.0000,0.000,103.307,2.200,-35.807
16.6960,0.0089,0.0000,0.000,103.307,2.200,-35.807
16.7042,0.0081,0.0000,0.000,103.307,2.200,-35.807
16.7120,0.0078,0.0000,0.000,103.307,2.200,-35.807
16.7200,0.0080,0.0000,0.000,103.307,2.200,-35.807
16.7266,0.0067,0.0000,0.000,103.307,2.200,-35.807
16.7356,0.0090,0.0000,0.000,103.307,2.200,-35.807
16.7417,0.0061,0.0000,0.000,103.307,2.200,-35.807
16.7514,0.0097,0.0000,0.000,103.307,2.200,-35.807
16.7587,0.0073,0.0000,0.000,103.307,2.200,-35.807
16.7672,0.0086,0.0000,0.000,103.307,2.200,-35.807
16.7804,0.0132,0.0000,0.000,103.307,2.200,-35.807
16.7902,0.0098,0.0000,0.000,103.307,2.200,-35.807
16.8013,0.0111,0.0000,0.000,103.307,2.200,-35.807
16.8120,0.0107,0.0000,0.000,103.307,2.200,-35.807
16.8187,0.0067,0.0000,0.000,103.307,2.200,-35.807
16.8255,0.0068,0.0000,0.000,103.307,2.200,-35.807
16.8346,0.0091,0.0000,0.000,103.307,2.200,-35.807
16.8415,0.0069,0.0000,0.000,103.307,2.200,-35.807
16.8506,0.0091,0.0000,0.000,103.307,2.200,-35.807
16.8585,0.0079,0.0000,0.000,103.307,2.200,-35.807
16.8656,0.0071,0.0000,0.000,103.307,2.200,-35.807
16.8748,0.0092,0.0000,0.000,103.307,2.200,-35.807
16.8822,0.0075,0.0000,0.000,103.307,2.200,-35.807
16.8916,0.0094,0.0000,0.000,103.307,2.200,-35.807
16.8986,0.0070,0.0000,0.000,103.307,2.200,-35.807
16.9064,0.0078,0.0000,0.000,103.307,2.200,-35.807
16.9160,0.0096,0.0000,0.000,103.307,2.200,-35.807
16.9229,0.0069,0.0000,0.000,103.307,2.200,-35.807
16.9317,0.0088,0.0000,0.000,103.307,2.200,-35.807
16.9392,0.0075,0.0000,0.000,103.307,2.200,-35.807
16.9459,0.0067,0.0000,0.000,103.307,2.200,-35.807
16.9557,0.0098,0.0000,0.000,103.307,2.200,-35.807
16.9622,0.0065,0.0000,0.000,103.307,2.200,-35.807
16.9710,0.0088,0.0000,0.000,103.307,2.200,-35.807
16.9785,0.0075,0.0000,0.000,103.307,2.200,-35.807
16.9850,0.0065,0.0000,0.000,103.307,2.200,-35.807
16.9933,0.0083,0.0000,0.000,103.307,2.200,-35.807
17.0013,0.0080,0.0000,0.000,103.307,2.200,-35.807
17.0100,0.0087,0.0000,0.000,103.307,2.200,-35.807
17.0162,0.0061,0.0000,0.000,103.307,2.200,-35.807
17.0251,0.0089,0.0000,0.000,103.307,2.200,-35.807
17.0340,0.0089,0.0000,0.000,103.307,2.200,-35.807
17.0406,0.0066,0.0000,0.000,103.307,2.200,-35.807
17.0481,0.0075,0.0000,0.000,103.307,2.200,-35.807
17.0572,0.0091,0.0000,0.000,103.307,2.200,-35.807
17.0638,0.0066,0.0000,0.000,103.307,2.200,-35.807
17.0734,0.0096,0.0000,0.000,103.307,2.200,-35.807
17.0809,0.0075,0.0000,0.000,103.307,2.200,-35.807
17.0891,0.0081,0.0000,0.000,103.307,2.200,-35.807
17.0967,0.0076,0.0000,0.000,103.307,2.200,-35.807
17.1033,0.0066,0.0000,0.000,103.307,2.200,-35.807
17.1122,0.0089,0.0000,0.000,103.307,2.200,-35.807
17.1195,0.0073,0.0000,0.000,103.307,2.200,-35.807
17.1261,0.0065,0.0000,0.000,103.307,2.200,-35.807
17.1348,0.0087,0.0000,0.000,103.307,2.200,-35.807
17.1432,0.0084,0.0000,0.000,103.307,2.200,-35.807
17.1529,0.0097,0.0000,0.000,103.307,2.200,-35.807
17.1601,0.0072,0.0000,0.000,103.307,2.200,-35.807
17.1679,0.0078,0.0000,0.000,103.307,2.200,-35.807
17.1767,0.0088,0.0000,0.000,103.307,2.200,-35.807
17.1830,0.0063,0.0000,0.000,103.307,2.200,-35.807
17.1941,0.0110,0.0000,0.000,103.307,2.200,-35.807
17.2025,0.0084,0.0000,0.000,103.307,2.200,-35.807
17.2133,0.0108,0.0000,0.000,103.307,2.200,-35.807
17.2219,0.0087,0.0000,0.000,103.307,2.200,-35.807
17.2319,0.0100,0.0000,0.000,103.307,2.200,-35.807
17.2482,0.0163,0.0000,0.000,103.307,2.200,-35.807
17.2662,0.0180,0.0000,0.000,103.307,2.200,-35.807
17.2917,0.0254,0.0000,0.000,103.307,2.200,-35.807
17.3052,0.0136,0.0000,0.000,103.307,2.200,-35.807
17.3174,0.0121,0.0000,0.000,103.307,2.200,-35.807
17.3273,0.0100,0.0000,0.000,103.307,2.200,-35.807
17.3383,0.0110,0.0000,0.000,103.307,2.200,-35.807
17.3485,0.0101,0.0000,0.000,103.307,2.200,-35.807
17.3616,0.0132,0.0000,0.000,103.307,2.200,-35.807
17.3748,0.0132,0.0000,0.000,103.307,2.200,-35.807
17.3853,0.0105,0.0000,0.000,103.307,2.200,-35.807
17.3971,0.0118,0.0000,0.000,103.307,2.200,-35.807
17.4069,0.0098,0.0000,0.000,103.307,2.200,-35.807
17.4200,0.0131,0.0000,0.000,103.307,2.200,-35.807
17.4282,0.0083,0.0000,0.000,103.307,2.200,-35.807
17.4403,0.0120,0.0000,0.000,103.307,2.200,-35.807
17.4562,0.0159,104.1134,55.854,4.445,4.500,-3.241
17.4728,0.0166,0.0021,0.000,4.445,4.500,-3.243
17.4854,0.0125,0.0020,0.000,4.446,4.500,-3.245
17.4982,0.0128,0.0025,0.000,4.446,4.500,-3.248
17.5067,0.0085,0.0018,0.000,4.447,4.500,-3.249
17.5170,0.0104,0.0025,0.000,4.447,4.500,-3.252
17.5247,0.0076,0.0019,0.000,4.447,4.500,-3.254
17.5339,0.0093,0.0025,0.000,4.448,4.500,-3.256
17.5411,0.0072,0.0020,0.000,4.448,4.500,-3.258
17.5514,0.0103,0.0031,0.000,4.449,4.500,-3.261
17.5582,0.0068,0.0021,0.000,4.450,4.500,-3.263
17.5652,0.0070,0.0022,0.000,4.450,4.500,-3.265
17.5753,0.0101,0.0033,0.000,4.451,4.500,-3.268
17.5829,0.0076,0.0025,0.000,4.451,4.500,-3.271
17.5930,0.0101,0.0034,0.000,4.452,4.500,-3.274
17.6007,0.0077,0.0026,0.000,4.453,4.500,-3.277
17.6079,0.0072,0.0025,0.000,4.453,4.500,-3.279
17.6185,0.0106,0.0038,0.000,4.454,4.500,-3.283
17.6263,0.0078,0.0028,0.000,4.455,4.500,-3.286
17.6363,0.0100,0.0036,0.000,4.455,4.500,-3.289
17.6439,0.0075,0.0027,0.000,4.456,4.500,-3.292
17.6537,0.0099,0.0036,0.000,4.457,4.500,-3.295
17.6608,0.0071,0.0026,0.000,4.457,4.500,-3.298
17.6678,0.0070,0.0025,0.000,4.458,4.500,-3.300
17.6786,0.0108,0.0040,0.000,4.459,4.500,-3.304
17.6866,0.0080,0.0029,0.000,4.459,4.500,-3.307
17.6966,0.0100,0.0036,0.000,4.460,4.500,-3.311
17.7342,0.0376,0.0146,0.000,4.464,4.500,-3.325
17.7530,0.0188,0.0067,0.000,4.465,4.500,-3.331
17.7648,0.0118,0.0040,0.000,4.466,4.500,-3.335
17.7754,0.0107,0.0036,0.000,4.467,4.500,-3.339
17.7851,0.0097,0.0032,0.000,4.467,4.500,-3.342
17.7959,0.0108,0.0036,0.000,4.468,4.500,-3.345
17.8046,0.0087,0.0028,0.000,4.469,4.500,-3.348
17.8133,0.0087,0.0028,0.000,4.469,4.500,-3.351
17.8203,0.0070,0.0022,0.000,4.470,4.500,-3.353
17.8281,0.0078,0.0025,0.000,4.470,4.500,-3.355
17.8382,0.0102,0.0032,0.000,4.471,4.500,-3.359
17.8463,0.0080,0.0025,0.000,4.472,4.500,-3.361
17.8566,0.0103,0.0032,0.000,4.472,4.500,-3.364
17.8645,0.0079,0.0024,0.000,4.473,4.500,-3.366
17.8741,0.0096,0.0029,0.000,4.473,4.500,-3.369
17.8834,0.0093,0.0027,0.000,4.474,4.500,-3.372
17.8951,0.0117,0.0034,0.000,4.475,4.500,-3.375
17.9037,0.0086,0.0025,0.000,4.475,4.500,-3.378
17.9150,0.0113,0.0032,0.000,4.476,4.500,-3.381
17.9231,0.0081,0.0022,0.000,4.476,4.500,-3.383
17.9338,0.0107,0.0030,0.000,4.477,4.500,-3.386
17.9427,0.0089,0.0024,0.000,4.478,4.500,-3.388
17.9533,0.0106,0.0028,0.000,4.478,4.500,-3.391
17.9616,0.0084,0.0022,0.000,4.479,4.500,-3.393
17.9735,0.0119,0.0031,0.000,4.479,4.500,-3.396
17.9807,0.0072,0.0018,0.000,4.480,4.500,-3.398
17.9872,0.0065,0.0016,0.000,4.480,4.500,-3.399
17.9975,0.0103,0.0025,0.000,4.480,4.500,-3.402
18.0038,0.0063,0.0015,0.000,4.481,4.500,-3.403
18.0155,0.0117,0.0028,0.000,4.481,4.500,-3.406
18.0254,0.0098,0.0023,0.000,4.482,4.500,-3.408
18.0343,0.0089,0.0021,0.000,4.482,4.500,-3.411
18.0411,0.0067,0.0015,0.000,4.483,4.500,-3.412
18.0502,0.0091,0.0020,0.000,4.483,4.500,-3.414
18.0566,0.0064,0.0014,0.000,4.483,4.500,-3.415
18.0646,0.0080,0.0018,0.000,4.484,4.500,-3.417
18.0744,0.0098,0.0021,0.000,4.484,4.500,-3.419
18.0812,0.0068,0.0014,0.000,4.484,4.500,-3.421
18.0899,0.0087,0.0018,0.000,4.485,4.500,-3.422
18.0968,0.0069,0.0014,0.000,4.485,4.500,-3.424
18.1041,0.0073,0.0015,0.000,4.485,4.500,-3.425
18.1125,0.0084,0.0017,0.000,4.486,4.500,-3.427
18.1197,0.0072,0.0014,0.000,4.486,4.500,-3.428
18.1260,0.0063,0.0012,0.000,4.486,4.500,-3.429
18.1345,0.0085,0.0017,0.000,4.487,4.500,-3.431
18.1413,0.0068,0.0013,0.000,4.487,4.500,-3.432
18.1498,0.0085,0.0016,0.000,4.487,4.500,-3.434
18.1561,0.0063,0.0012,0.000,4.487,4.500,-3.435
18.1631,0.0070,0.0013,0.000,4.488,4.500,-3.436
18.1720,0.0089,0.0016,0.000,4.488,4.500,-3.438
18.1790,0.0070,0.0013,0.000,4.488,4.500,-3.439
18.1855,0.0065,0.0011,0.000,4.488,4.500,-3.440
18.1932,0.0077,0.0014,0.000,4.489,4.500,-3.442
18.2025,0.0093,0.0016,0.000,4.489,4.500,-3.443
18.2138,0.0112,0.0019,0.000,4.489,4.500,-3.445
18.2222,0.0085,0.0014,0.000,4.490,4.500,-3.446
18.2314,0.0091,0.0015,0.000,4.490,4.500,-3.448
18.2382,0.0069,0.0011,0.000,4.490,4.500,-3.449
18.2445,0.0063,0.0010,0.000,4.490,4.500,-3.450
18.2519,0.0074,0.0011,0.000,4.491,4.500,-3.451
18.2594,0.0075,0.0012,0.000,4.491,4.500,-3.452
18.2658,0.0064,0.0010,0.000,4.491,4.500,-3.453
18.2732,0.0074,0.0011,0.000,4.491,4.500,-3.454
18.2808,0.0075,0.0011,0.000,4.491,4.500,-3.455
18.2878,0.0071,0.0010,0.000,4.492,4.500,-3.456
18.2975,0.0097,0.0014,0.000,4.492,4.500,-3.458
18.3059,0.0083,0.0012,0.000,4.492,4.500,-3.459
18.3152,0.0093,0.0013,0.000,4.492,4.500,-3.460
18.3211,0.0059,0.0008,0.000,4.492,4.500,-3.461
18.3301,0.0089,0.0012,0.000,4.493,4.500,-3.462
18.3363,0.0062,0.0008,0.000,4.493,4.500,-3.463
18.3437,0.0074,0.0010,0.000,4.493,4.500,-3.464
18.3534,0.0097,0.0013,0.000,4.493,4.500,-3.465
18.3607,0.0073,0.0009,0.000,4.493,4.500,-3.466
18.3671,0.0064,0.0008,0.000,4.493,4.500,-3.467
18.3766,0.0095,0.0012,0.000,4.493,4.500,-3.468
18.3837,0.0071,0.0009,0.000,4.494,4.500,-3.469
18.3917,0.0080,0.0010,0.000,4.494,4.500,-3.470
18.3990,0.0073,0.0009,0.000,4.494,4.500,-3.471
18.4048,0.0059,0.0007,0.000,4.494,4.500,-3.471
18.4132,0.0084,0.0010,0.000,4.494,4.500,-3.472
18.4204,0.0071,0.0008,0.000,4.494,4.500,-3.473
18.4264,0.0060,0.0007,0.000,4.494,4.500,-3.474
18.4351,0.0087,0.0010,0.000,4.494,4.500,-3.475
18.4421,0.0070,0.0008,0.000,4.494,4.500,-3.476
18.4512,0.0090,0.0010,0.000,4.494,4.500,-3.477
18.4577,0.0065,0.0007,0.000,4.494,4.500,-3.477
18.4645,0.0068,0.0007,0.000,4.495,4.500,-3.478
18.4726,0.0081,0.0009,0.000,4.495,4.500,-3.479
18.4806,0.0080,0.0008,0.000,4.495,4.500,-3.480
18.4872,0.0066,0.0007,0.000,4.495,4.500,-3.480
18.4970,0.0098,0.0010,0.000,4.495,4.500,-3.481
18.5041,0.0072,0.0007,0.000,4.495,4.500,-3.482
18.5149,0.0107,0.0011,0.000,4.495,4.500,-3.483
18.5230,0.0082,0.0008,0.000,4.495,4.500,-3.484
18.5315,0.0084,0.0008,0.000,4.495,4.500,-3.485
18.5388,0.0074,0.0007,0.000,4.495,4.500,-3.485
18.5444,0.0055,0.0005,0.000,4.495,4.500,-3.486
18.5523,0.0080,0.0007,0.000,4.495,4.500,-3.487
18.5595,0.0072,0.0007,0.000,4.495,4.500,-3.487
18.5652,0.0057,0.0005,0.000,4.495,4.500,-3.488
18.5740,0.0088,0.0008,0.000,4.495,4.500,-3.489
18.5822,0.0081,0.0007,0.000,4.495,4.500,-3.489
18.5916,0.0094,0.0008,0.000,4.495,4.500,-3.490
18.5985,0.0069,0.0006,0.000,4.495,4.500,-3.491
18.6057,0.0073,0.0006,0.000,4.495,4.500,-3.491
18.6140,0.0082,0.0007,0.000,4.495,4.500,-3.492
18.6211,0.0071,0.0006,0.000,4.495,4.500,-3.493
18.6297,0.0086,0.0007,0.000,4.495,4.500,-3.493
18.6359,0.0062,0.0005,0.000,4.495,4.500,-3.494
18.6433,0.0074,0.0006,0.000,4.495,4.500,-3.495
18.6531,0.0098,0.0008,0.000,4.495,4.500,-3.495
18.6605,0.0074,0.0006,0.000,4.495,4.500,-3.496
18.6668,0.0063,0.0005,0.000,4.495,4.500,-3.496
18.6750,0.0082,0.0006,0.000,4.495,4.500,-3.497
18.6821,0.0070,0.0005,0.000,4.495,4.500,-3.498
18.6910,0.0090,0.0007,0.000,4.495,4.500,-3.498
18.7142,0.0232,0.0018,0.000,4.495,4.500,-3.500
18.7289,0.0147,0.0011,0.000,4.495,4.500,-3.501
18.7386,0.0097,0.0007,0.000,4.495,4.500,-3.502
18.7473,0.0087,0.0006,0.000,4.495,4.500,-3.502
18.7571,0.0097,0.0007,0.000,4.495,4.500,-3.503
18.7640,0.0069,0.0005,0.000,4.495,4.500,-3.503
18.7726,0.0087,0.0006,0.000,4.495,4.500,-3.504
18.7795,0.0069,0.0005,0.000,4.495,4.500,-3.504
18.7866,0.0071,0.0005,0.000,4.495,4.500,-3.505
18.7976,0.0109,0.0007,0.000,4.495,4.500,-3.506
18.8040,0.0064,0.0004,0.000,4.495,4.500,-3.506
18.8123,0.0083,0.0005,0.000,4.495,4.500,-3.507
18.8201,0.0078,0.0005,0.000,4.495,4.500,-3.507
18.8271,0.0070,0.0004,0.000,4.495,4.500,-3.507
18.8371,0.0099,0.0006,0.000,4.495,4.500,-3.508
18.8441,0.0070,0.0004,0.000,4.495,4.500,-3.508
18.8518,0.0077,0.0005,0.000,4.495,4.500,-3.509
18.8582,0.0065,0.0004,0.000,4.495,4.500,-3.509
18.8644,0.0062,0.0004,0.000,4.496,4.500,-3.510
18.8728,0.0084,0.0005,0.000,4.496,4.500,-3.510
18.8798,0.0070,0.0004,0.000,4.496,4.500,-3.511
18.8870,0.0072,0.0004,0.000,4.496,4.500,-3.511
18.8961,0.0090,0.0005,0.000,4.496,4.500,-3.511
18.9033,0.0072,0.0004,0.000,4.496,4.500,-3.512
18.9121,0.0087,0.0005,0.000,4.496,4.500,-3.512
18.9182,0.0061,0.0003,0.000,4.496,4.500,-3.513
18.9246,0.0064,0.0003,0.000,4.496,4.500,-3.513
18.9333,0.0087,0.0005,0.000,4.496,4.500,-3.513
18.9399,0.0066,0.0003,0.000,4.496,4.500,-3.514
18.9459,0.0060,0.0003,0.000,4.496,4.500,-3.514
18.9554,0.0095,0.0005,0.000,4.496,4.500,-3.515
18.9612,0.0058,0.0003,0.000,4.496,4.500,-3.515
18.9703,0.0091,0.0005,0.000,4.496,4.500,-3.515
18.9770,0.0066,0.0003,0.000,4.496,4.500,-3.516
18.9845,0.0075,0.0004,0.000,4.496,4.500,-3.516
18.9926,0.0081,0.0004,0.000,4.496,4.500,-3.516
19.0010,0.0084,0.0004,0.000,4.496,4.500,-3.517
19.0098,0.0088,0.0004,0.000,4.496,4.500,-3.517
19.0164,0.0066,0.0003,0.000,4.496,4.500,-3.517
19.0235,0.0072,0.0003,0.000,4.496,4.500,-3.518
19.0320,0.0085,0.0004,0.000,4.496,4.500,-3.518
19.0391,0.0071,0.0003,0.000,4.497,4.500,-3.518
19.0461,0.0070,0.0003,0.000,4.497,4.500,-3.519
19.0548,0.0087,0.0004,0.000,4.497,4.500,-3.519
19.0615,0.0067,0.0003,0.000,4.497,4.500,-3.519
19.0711,0.0096,0.0004,0.000,4.497,4.500,-3.520
19.0780,0.0069,0.0003,0.000,4.497,4.500,-3.520
19.0844,0.0064,0.0002,0.000,4.497,4.500,-3.520
19.0935,0.0090,0.0003,0.000,4.497,4.500,-3.521
19.1008,0.0073,0.0003,0.000,4.497,4.500,-3.521
19.1072,0.0064,0.0002,0.000,4.497,4.500,-3.521
19.1166,0.0094,0.0003,0.000,4.497,4.500,-3.521
19.1233,0.0067,0.0002,0.000,4.497,4.500,-3.522
19.1312,0.0079,0.0003,0.000,4.497,4.500,-3.522
19.1389,0.0078,0.0003,0.000,4.497,4.500,-3.522
19.1451,0.0062,0.0002,0.000,4.497,4.500,-3.522
19.1535,0.0084,0.0003,0.000,4.498,4.500,-3.523
19.1616,0.0081,0.0003,0.000,4.498,4.500,-3.523
19.1694,0.0078,0.0003,0.000,4.498,4.500,-3.523
19.1759,0.0065,0.0002,0.000,4.498,4.500,-3.523
19.1837,0.0079,0.0003,0.000,4.498,4.500,-3.523
19.1912,0.0075,0.0002,0.000,4.498,4.500,-3.524
19.1983,0.0071,0.0002,0.000,4.498,4.500,-3.524
19.2053,0.0070,0.0002,0.000,4.498,4.500,-3.524
19.2130,0.0077,0.0002,0.000,4.499,4.500,-3.524
19.2193,0.0063,0.0002,0.000,4.499,4.500,-3.524
19.2256,0.0063,0.0002,0.000,4.499,4.500,-3.525
19.2344,0.0088,0.0003,0.000,4.499,4.500,-3.525
19.2411,0.0067,0.0002,0.000,4.499,4.500,-3.525
19.2501,0.0090,0.0003,0.000,4.499,4.500,-3.525
19.2565,0.0064,0.0002,0.000,4.499,4.500,-3.525
19.2629,0.0064,0.0002,0.000,4.499,4.500,-3.525
19.2713,0.0084,0.0002,0.000,4.500,4.500,-3.526
19.2787,0.0075,0.0002,0.000,4.500,4.500,-3.526
19.2860,0.0073,0.0002,0.000,4.500,4.500,-3.526
19.2960,0.0100,0.0003,0.000,4.500,4.500,-3.526
19.3031,0.0071,0.0002,0.000,4.500,4.500,-3.526
19.3117,0.0086,0.0002,0.000,4.501,4.500,-3.526
19.3193,0.0076,0.0002,0.000,4.501,4.500,-3.526
19.3256,0.0063,0.0002,0.000,4.501,4.500,-3.527
19.3471,0.0215,0.0006,0.000,4.501,4.500,-3.527
19.3661,0.0190,0.0005,0.000,4.502,4.500,-3.527
19.3771,0.0110,0.0003,0.000,4.502,4.500,-3.527
19.3847,0.0075,0.0002,0.000,4.502,4.500,-3.528
19.3936,0.0090,0.0002,0.000,4.502,4.500,-3.528
19.4024,0.0088,0.0002,0.000,4.502,4.500,-3.528
19.4109,0.0085,0.0002,0.000,4.503,4.500,-3.528
19.4187,0.0078,0.0002,0.000,4.503,4.500,-3.528
19.4261,0.0074,0.0001,0.000,4.503,4.500,-3.528
19.4372,0.0110,0.0002,0.000,4.503,4.500,-3.528
19.4455,0.0084,0.0002,0.000,4.503,4.500,-3.528
19.4556,0.0101,0.0002,0.000,4.503,4.500,-3.528
19.4636,0.0080,0.0001,0.000,4.503,4.500,-3.528
19.4745,0.0109,0.0002,0.000,4.503,4.500,-3.529
19.4828,0.0083,0.0001,0.000,4.504,4.500,-3.529
19.4936,0.0108,0.0001,0.000,4.504,4.500,-3.529
19.5038,0.0102,0.0001,0.000,4.504,4.500,-3.529
19.5140,0.0102,0.0001,0.000,4.504,4.500,-3.529
19.5218,0.0078,0.0001,0.000,4.504,4.500,-3.529
19.5307,0.0090,0.0001,0.000,4.504,4.500,-3.529
19.5380,0.0073,0.0001,0.000,4.504,4.500,-3.529
19.5451,0.0071,0.0001,0.000,4.504,4.500,-3.529
19.5537,0.0086,0.0001,0.000,4.504,4.500,-3.529
19.5615,0.0078,0.0001,0.000,4.504,4.500,-3.529
19.5703,0.0088,0.0001,0.000,4.504,4.500,-3.529
19.5778,0.0075,0.0000,0.000,4.504,4.500,-3.529
19.5849,0.0071,0.0000,0.000,4.504,4.500,-3.529
19.5929,0.0081,0.0000,0.000,4.505,4.500,-3.529
19.6018,0.0089,0.0000,0.000,4.505,4.500,-3.529
19.6101,0.0083,0.0000,0.000,4.505,4.500,-3.529
19.6165,0.0064,0.0000,0.000,4.505,4.500,-3.529
19.6239,0.0074,0.0000,0.000,4.505,4.500,-3.529
19.6328,0.0089,0.0000,0.000,4.505,4.500,-3.529
19.6398,0.0070,0.0001,0.000,4.505,4.500,-3.529
19.6464,0.0066,0.0000,0.000,4.505,4.500,-3.529
19.6545,0.0081,0.0001,0.000,4.505,4.500,-3.529
19.6639,0.0093,0.0001,0.000,4.505,4.500,-3.529
19.6742,0.0104,0.0001,0.000,4.505,4.500,-3.529
19.6811,0.0068,0.0000,0.000,4.505,4.500,-3.529
19.6908,0.0098,0.0001,0.000,4.505,4.500,-3.529
19.6977,0.0069,0.0000,0.000,4.505,4.500,-3.529
19.7051,0.0073,0.0000,0.000,4.505,4.500,-3.529
19.7161,0.0111,0.0001,0.000,4.505,4.500,-3.529
19.7261,0.0100,0.0001,0.000,4.505,4.500,-3.529
19.7344,0.0083,0.0001,0.000,4.505,4.500,-3.529
19.7413,0.0069,0.0001,0.000,4.505,4.500,-3.528
19.7496,0.0083,0.0001,0.000,4.505,4.500,-3.528
19.7557,0.0062,0.0000,0.000,4.505,4.500,-3.528
19.7629,0.0072,0.0001,0.000,4.505,4.500,-3.528
19.7740,0.0111,0.0001,0.000,4.505,4.500,-3.528
19.7836,0.0097,0.0001,0.000,4.505,4.500,-3.528
19.7925,0.0089,0.0001,0.000,4.505,4.500,-3.528
19.7999,0.0074,0.0001,0.000,4.505,4.500,-3.528
19.8071,0.0072,0.0001,0.000,4.505,4.500,-3.528
19.8163,0.0091,0.0001,0.000,4.505,4.500,-3.528
19.8239,0.0077,0.0001,0.000,4.505,4.500,-3.528
19.8320,0.0081,0.0001,0.000,4.505,4.500,-3.528
19.8388,0.0068,0.0001,0.000,4.505,4.500,-3.528
19.8451,0.0063,0.0001,0.000,4.505,4.500,-3.528
19.8532,0.0081,0.0001,0.000,4.505,4.500,-3.528
19.8606,0.0074,0.0001,0.000,4.505,4.500,-3.527
19.8675,0.0069,0.0001,0.000,4.505,4.500,-3.527
19.8772,0.0097,0.0001,0.000,4.505,4.500,-3.527
19.8841,0.0069,0.0001,0.000,4.505,4.500,-3.527
19.8925,0.0084,0.0001,0.000,4.505,4.500,-3.527
19.8990,0.0066,0.0001,0.000,4.505,4.500,-3.527
19.9049,0.0058,0.0001,0.000,4.505,4.500,-3.527
19.9140,0.0092,0.0001,0.000,4.505,4.500,-3.527
19.9205,0.0064,0.0001,0.000,4.505,4.500,-3.527
19.9267,0.0062,0.0001,0.000,4.505,4.500,-3.527
19.9358,0.0091,0.0001,0.000,4.505,4.500,-3.527
19.9426,0.0068,0.0001,0.000,4.505,4.500,-3.527
19.9514,0.0088,0.0001,0.000,4.505,4.500,-3.527
19.9600,0.0086,0.0001,0.000,4.505,4.500,-3.526
19.9677,0.0077,0.0001,0.000,4.505,4.500,-3.526
19.9791,0.0115,0.0001,0.000,4.505,4.500,-3.526
19.9881,0.0090,0.0001,0.000,4.505,4.500,-3.526
19.9984,0.0103,0.0001,0.000,4.505,4.500,-3.526
20.0075,0.0091,0.0001,0.000,4.505,4.500,-3.526
20.0195,0.0121,0.0001,0.000,4.505,4.500,-3.526
20.0276,0.0080,0.0001,0.000,4.505,4.500,-3.526
20.0377,0.0101,0.0001,0.000,4.505,4.500,-3.526
20.0487,0.0111,0.0001,0.000,4.505,4.500,-3.526
20.0594,0.0107,0.0001,0.000,4.505,4.500,-3.526
20.0667,0.0073,0.0001,0.000,4.505,4.500,-3.526
20.0768,0.0101,0.0001,0.000,4.505,4.500,-3.526
20.0836,0.0068,0.0001,0.000,4.505,4.500,-3.526
20.0919,0.0083,0.0001,0.000,4.505,4.500,-3.525
20.0988,0.0069,0.0000,0.000,4.505,4.500,-3.525
20.1059,0.0071,0.0001,0.000,4.505,4.500,-3.525
20.1152,0.0093,0.0001,0.000,4.505,4.500,-3.525
20.1224,0.0072,0.0000,0.000,4.505,4.500,-3.525
20.1314,0.0090,0.0001,0.000,4.505,4.500,-3.525
20.1394,0.0080,0.0001,0.000,4.505,4.500,-3.525
20.1463,0.0069,0.0000,0.000,4.505,4.500,-3.525
20.1544,0.0081,0.0001,0.000,4.505,4.500,-3.525
20.1607,0.0063,0.0000,0.000,4.504,4.500,-3.525
20.1691,0.0084,0.0001,0.000,4.504,4.500,-3.525
20.1783,0.0093,0.0001,0.000,4.504,4.500,-3.525
20.1861,0.0078,0.0001,0.000,4.504,4.500,-3.525
20.1953,0.0092,0.0001,0.000,4.504,4.500,-3.525
20.2021,0.0067,0.0001,0.000,4.504,4.500,-3.525
20.2108,0.0088,0.0001,0.000,4.504,4.500,-3.525
20.2194,0.0085,0.0001,0.000,4.504,4.500,-3.525
20.2255,0.0062,0.0001,0.000,4.504,4.500,-3.525
20.2336,0.0081,0.0001,0.000,4.504,4.500,-3.525
20.2403,0.0067,0.0001,0.000,4.504,4.500,-3.524
20.2464,0.0061,0.0001,0.000,4.504,4.500,-3.524
20.2552,0.0087,0.0001,0.000,4.504,4.500,-3.524
20.2623,0.0072,0.0001,0.000,4.504,4.500,-3.524
20.2713,0.0090,0.0001,0.000,4.504,4.501,-3.524
20.2784,0.0070,0.0001,0.000,4.504,4.501,-3.524
20.2850,0.0066,0.0001,0.000,4.504,4.501,-3.524
20.2933,0.0084,0.0001,0.000,4.504,4.501,-3.524
20.3001,0.0067,0.0001,0.000,4.504,4.501,-3.524
20.3066,0.0065,0.0001,0.000,4.504,4.501,-3.524
20.3152,0.0087,0.0001,0.000,4.504,4.501,-3.524
20.3222,0.0070,0.0001,0.000,4.504,4.501,-3.524
20.3317,0.0094,0.0001,0.000,4.504,4.501,-3.524
20.3394,0.0077,0.0001,0.000,4.504,4.501,-3.523
20.3455,0.0061,0.0001,0.000,4.503,4.501,-3.523
20.3544,0.0090,0.0001,0.000,4.503,4.501,-3.523
20.3626,0.0082,0.0001,0.000,4.503,4.501,-3.523
20.3721,0.0094,0.0001,0.000,4.503,4.501,-3.523
20.3810,0.0090,0.0001,0.000,4.503,4.501,-3.523
20.3899,0.0089,0.0001,0.000,4.503,4.501,-3.523
20.3976,0.0076,0.0001,0.000,4.503,4.501,-3.523
20.4058,0.0082,0.0001,0.000,4.503,4.501,-3.523
20.4148,0.0090,0.0001,0.000,4.503,4.501,-3.522
20.4220,0.0072,0.0001,0.000,4.503,4.501,-3.522
20.4309,0.0089,0.0001,0.000,4.503,4.501,-3.522
20.4374,0.0065,0.0001,0.000,4.503,4.501,-3.522
20.4438,0.0064,0.0001,0.000,4.503,4.501,-3.522
20.4536,0.0099,0.0002,0.000,4.503,4.501,-3.522
20.4609,0.0073,0.0001,0.000,4.503,4.501,-3.522
20.4709,0.0100,0.0002,0.000,4.502,4.501,-3.522
20.4793,0.0083,0.0002,0.000,4.502,4.501,-3.521
20.4862,0.0069,0.0001,0.000,4.502,4.501,-3.521
20.4964,0.0102,0.0002,0.000,4.502,4.501,-3.521
20.5049,0.0085,0.0002,0.000,4.502,4.501,-3.521
20.5158,0.0109,0.0002,0.000,4.502,4.501,-3.521
20.5230,0.0072,0.0001,0.000,4.502,4.501,-3.521
20.5331,0.0101,0.0002,0.000,4.502,4.501,-3.521
20.5413,0.0082,0.0002,0.000,4.502,4.501,-3.521
20.5505,0.0092,0.0002,0.000,4.502,4.501,-3.521
20.5579,0.0075,0.0001,0.000,4.501,4.501,-3.520
20.5653,0.0074,0.0001,0.000,4.501,4.501,-3.520
20.5747,0.0094,0.0002,0.000,4.501,4.501,-3.520
20.5820,0.0073,0.0001,0.000,4.501,4.501,-3.520
20.5908,0.0088,0.0001,0.000,4.501,4.501,-3.520
20.5976,0.0068,0.0001,0.000,4.501,4.501,-3.520
20.6057,0.0080,0.0001,0.000,4.501,4.501,-3.520
20.6148,0.0092,0.0001,0.000,4.501,4.501,-3.520
20.6229,0.0080,0.0001,0.000,4.501,4.501,-3.520
20.6323,0.0094,0.0001,0.000,4.500,4.501,-3.520
20.6394,0.0071,0.0001,0.000,4.500,4.501,-3.520
20.6466,0.0072,0.0001,0.000,4.500,4.501,-3.520
20.6566,0.0100,0.0001,0.000,4.500,4.500,-3.520
20.6645,0.0079,0.0001,0.000,4.500,4.500,-3.520
20.6735,0.0090,0.0001,0.000,4.500,4.500,-3.520
20.6811,0.0076,0.0001,0.000,4.500,4.500,-3.520
20.6912,0.0101,0.0002,0.000,4.500,4.500,-3.520
20.6989,0.0077,0.0001,0.000,4.500,4.500,-3.520
20.7065,0.0076,0.0001,0.000,4.500,4.500,-3.521
20.7163,0.0098,0.0001,0.000,4.500,4.500,-3.521
20.7232,0.0069,0.0001,0.000,4.500,4.500,-3.521
20.7318,0.0086,0.0001,0.000,4.499,4.500,-3.521
20.7395,0.0076,0.0001,0.000,4.499,4.500,-3.521
20.7475,0.0080,0.0001,0.000,4.499,4.500,-3.521
20.7573,0.0097,0.0001,0.000,4.499,4.500,-3.521
20.7654,0.0082,0.0001,0.000,4.499,4.500,-3.521
20.7743,0.0089,0.0001,0.000,4.499,4.500,-3.521
20.7821,0.0078,0.0001,0.000,4.499,4.500,-3.522
20.7922,0.0100,0.0002,0.000,4.499,4.500,-3.522
20.8018,0.0096,0.0002,0.000,4.499,4.500,-3.522
20.8128,0.0110,0.0002,0.000,4.499,4.500,-3.522
20.8200,0.0072,0.0001,0.000,4.499,4.500,-3.522
20.8278,0.0078,0.0001,0.000,4.499,4.500,-3.522
20.8385,0.0107,0.0002,0.000,4.499,4.500,-3.523
20.8460,0.0075,0.0001,0.000,4.499,4.500,-3.523
20.8559,0.0099,0.0002,0.000,4.499,4.500,-3.523
20.8643,0.0084,0.0002,0.000,4.499,4.500,-3.523
20.8724,0.0081,0.0002,0.000,4.499,4.500,-3.523
20.8807,0.0082,0.0002,0.000,4.499,4.500,-3.523
20.8885,0.0079,0.0001,0.000,4.499,4.500,-3.524
20.8979,0.0094,0.0002,0.000,4.499,4.500,-3.524
20.9049,0.0070,0.0001,0.000,4.499,4.500,-3.524
20.9152,0.0102,0.0002,0.000,4.499,4.500,-3.524
20.9225,0.0073,0.0001,0.000,4.500,4.500,-3.524
20.9311,0.0086,0.0001,0.000,4.500,4.500,-3.524
20.9395,0.0084,0.0001,0.000,4.500,4.500,-3.524
20.9467,0.0072,0.0001,0.000,4.500,4.500,-3.524
20.9560,0.0093,0.0002,0.000,4.500,4.500,-3.525
20.9644,0.0084,0.0001,0.000,4.500,4.500,-3.525
20.9728,0.0084,0.0001,0.000,4.500,4.500,-3.525
20.9804,0.0076,0.0002,0.000,4.500,4.500,-3.525
20.9875,0.0071,0.0001,0.000,4.500,4.500,-3.525
20.9965,0.0089,0.0002,0.000,4.500,4.500,-3.525
21.0033,0.0068,0.0001,0.000,4.500,4.500,-3.525
21.0126,0.0093,0.0002,0.000,4.500,4.500,-3.525
21.0200,0.0074,0.0002,0.000,4.501,4.500,-3.525
21.0264,0.0064,0.0001,0.000,4.501,4.500,-3.525
21.0354,0.0090,0.0002,0.000,4.501,4.500,-3.526
21.0418,0.0063,0.0001,0.000,4.501,4.500,-3.526
21.0507,0.0090,0.0002,0.000,4.501,4.500,-3.526
21.0586,0.0079,0.0002,0.000,4.501,4.500,-3.526
21.0660,0.0073,0.0002,0.000,4.502,4.500,-3.526
21.0751,0.0091,0.0002,0.000,4.502,4.500,-3.526
21.0828,0.0077,0.0002,0.000,4.502,4.500,-3.526
21.0929,0.0101,0.0003,0.000,4.502,4.500,-3.526
21.1012,0.0083,0.0002,0.000,4.502,4.500,-3.526
21.1121,0.0109,0.0003,0.000,4.503,4.500,-3.526
21.1192,0.0071,0.0002,0.000,4.503,4.500,-3.526
21.1257,0.0066,0.0002,0.000,4.503,4.500,-3.526
21.1349,0.0091,0.0002,0.000,4.503,4.500,-3.526
21.1427,0.0078,0.0002,0.000,4.503,4.500,-3.527
21.1534,0.0107,0.0002,0.000,4.504,4.500,-3.527
21.1611,0.0077,0.0002,0.000,4.504,4.500,-3.527
21.1706,0.0095,0.0002,0.000,4.504,4.500,-3.527
21.1774,0.0068,0.0001,0.000,4.504,4.500,-3.527
21.1854,0.0080,0.0002,0.000,4.504,4.500,-3.527
21.1941,0.0087,0.0002,0.000,4.504,4.500,-3.527
21.2018,0.0077,0.0002,0.000,4.504,4.500,-3.527
21.2125,0.0107,0.0002,0.000,4.504,4.500,-3.528
21.2204,0.0079,0.0002,0.000,4.504,4.500,-3.528
21.2282,0.0078,0.0002,0.000,4.505,4.500,-3.528
21.2379,0.0098,0.0002,0.000,4.505,4.500,-3.528
21.2454,0.0074,0.0002,0.000,4.505,4.500,-3.528
21.2550,0.0096,0.0003,0.000,4.505,4.500,-3.529
21.2635,0.0085,0.0003,0.000,4.505,4.500,-3.529
21.2724,0.0089,0.0003,0.000,4.504,4.500,-3.529
21.2800,0.0076,0.0003,0.000,4.504,4.500,-3.529
21.2886,0.0085,0.0003,0.000,4.504,4.500,-3.530
21.2988,0.0102,0.0004,0.000,4.504,4.500,-3.530
21.3081,0.0094,0.0004,0.000,4.504,4.500,-3.530
21.3188,0.0107,0.0005,0.000,4.504,4.500,-3.531
21.3261,0.0072,0.0003,0.000,4.504,4.500,-3.531
21.3350,0.0089,0.0004,0.000,4.503,4.500,-3.532
21.3418,0.0068,0.0003,0.000,4.503,4.500,-3.532
21.3518,0.0100,0.0005,0.000,4.503,4.500,-3.532
21.3598,0.0080,0.0004,0.000,4.503,4.500,-3.533
21.3677,0.0079,0.0004,0.000,4.503,4.500,-3.533
21.3777,0.0101,0.0006,0.000,4.502,4.500,-3.533
21.3857,0.0079,0.0005,0.000,4.502,4.500,-3.534
21.3948,0.0091,0.0006,0.000,4.502,4.500,-3.534
21.4035,0.0087,0.0006,0.000,4.501,4.500,-3.535
21.4153,0.0118,0.0008,0.000,4.501,4.500,-3.535
21.4246,0.0093,0.0007,0.000,4.500,4.500,-3.536
21.4338,0.0092,0.0007,0.000,4.500,4.500,-3.536
21.4410,0.0072,0.0005,0.000,4.499,4.500,-3.537
21.4509,0.0099,0.0008,0.000,4.499,4.500,-3.537
21.4586,0.0077,0.0006,0.000,4.498,4.500,-3.538
21.4657,0.0071,0.0006,0.000,4.498,4.500,-3.538
21.4751,0.0093,0.0007,0.000,4.498,4.500,-3.539
21.4834,0.0083,0.0007,0.000,4.497,4.500,-3.539
21.4929,0.0095,0.0008,0.000,4.496,4.500,-3.540
21.5012,0.0083,0.0007,0.000,4.496,4.500,-3.540
21.5108,0.0096,0.0008,0.000,4.495,4.500,-3.541
21.5178,0.0070,0.0006,0.000,4.495,4.500,-3.541
21.5269,0.0091,0.0007,0.000,4.494,4.500,-3.541
21.5366,0.0097,0.0008,0.000,4.494,4.500,-3.542
21.5463,0.0098,0.0008,0.000,4.493,4.500,-3.542
21.5569,0.0106,0.0009,0.000,4.493,4.500,-3.543
21.5656,0.0087,0.0007,0.000,4.492,4.500,-3.543
21.5751,0.0095,0.0008,0.000,4.491,4.500,-3.544
21.5831,0.0080,0.0006,0.000,4.491,4.500,-3.544
21.5934,0.0102,0.0008,0.000,4.490,4.500,-3.545
21.6023,0.0089,0.0007,0.000,4.490,4.500,-3.545
21.6127,0.0104,0.0008,0.000,4.489,4.500,-3.546
21.6207,0.0080,0.0006,0.000,4.489,4.500,-3.546
21.6275,0.0067,0.0005,0.000,4.489,4.500,-3.547
21.6363,0.0088,0.0006,0.000,4.488,4.500,-3.547
21.6440,0.0077,0.0006,0.000,4.488,4.500,-3.548
21.6517,0.0077,0.0005,0.000,4.487,4.500,-3.548
21.6598,0.0081,0.0006,0.000,4.487,4.500,-3.549
21.6668,0.0070,0.0005,0.000,4.487,4.500,-3.549
21.6760,0.0092,0.0006,0.000,4.486,4.500,-3.549
21.6837,0.0076,0.0005,0.000,4.486,4.500,-3.550
21.6923,0.0087,0.0005,0.000,4.486,4.500,-3.550
21.6995,0.0072,0.0004,0.000,4.486,4.500,-3.551
21.7062,0.0066,0.0004,0.000,4.486,4.500,-3.551
21.7158,0.0097,0.0005,0.000,4.485,4.500,-3.551
21.7220,0.0062,0.0003,0.000,4.485,4.500,-3.552
21.7311,0.0090,0.0005,0.000,4.485,4.500,-3.552
21.7386,0.0076,0.0004,0.000,4.485,4.500,-3.553
21.7458,0.0072,0.0004,0.000,4.485,4.500,-3.553
21.7551,0.0093,0.0005,0.000,4.485,4.500,-3.553
21.7616,0.0065,0.0003,0.000,4.485,4.500,-3.554
21.7717,0.0101,0.0005,0.000,4.485,4.500,-3.554
21.7793,0.0076,0.0004,0.000,4.485,4.500,-3.555
21.7869,0.0076,0.0004,0.000,4.485,4.500,-3.555
21.7972,0.0102,0.0005,0.000,4.485,4.500,-3.556
21.8056,0.0084,0.0005,0.000,4.485,4.500,-3.556
21.8139,0.0083,0.0005,0.000,4.486,4.500,-3.556
21.8232,0.0093,0.0005,0.000,4.486,4.500,-3.557
21.8348,0.0116,0.0007,0.000,4.486,4.500,-3.558
21.8427,0.0079,0.0005,0.000,4.486,4.500,-3.558
21.8527,0.0100,0.0006,0.000,4.487,4.500,-3.559
21.8632,0.0105,0.0006,0.000,4.487,4.500,-3.559
21.8768,0.0136,0.0008,0.000,4.487,4.500,-3.560
21.8861,0.0094,0.0006,0.000,4.487,4.500,-3.560
21.8975,0.0113,0.0007,0.000,4.488,4.500,-3.561
21.9050,0.0075,0.0005,0.000,4.488,4.500,-3.562
21.9139,0.0089,0.0005,0.000,4.488,4.500,-3.562
21.9215,0.0076,0.0004,0.000,4.488,4.500,-3.562
21.9314,0.0100,0.0006,0.000,4.488,4.500,-3.563
21.9392,0.0078,0.0004,0.000,4.488,4.500,-3.563
21.9465,0.0073,0.0004,0.000,4.489,4.500,-3.564
21.9561,0.0095,0.0005,0.000,4.489,4.500,-3.564
21.9642,0.0082,0.0004,0.000,4.489,4.500,-3.565
21.9732,0.0090,0.0005,0.000,4.489,4.500,-3.565
21.9808,0.0076,0.0004,0.000,4.489,4.500,-3.566
21.9879,0.0071,0.0004,0.000,4.489,4.500,-3.566
21.9985,0.0106,0.0005,0.000,4.489,4.500,-3.566
22.0065,0.0080,0.0004,0.000,4.489,4.500,-3.567
22.0166,0.0101,0.0005,0.000,4.489,4.500,-3.567
22.0250,0.0084,0.0004,0.000,4.490,4.500,-3.568
22.0338,0.0088,0.0004,0.000,4.490,4.500,-3.568
22.0412,0.0073,0.0003,0.000,4.490,4.500,-3.568
22.0513,0.0101,0.0004,0.000,4.490,4.500,-3.569
22.0590,0.0078,0.0003,0.000,4.490,4.500,-3.569
22.0665,0.0075,0.0003,0.000,4.490,4.500,-3.569
22.0770,0.0106,0.0004,0.000,4.490,4.500,-3.570
22.0866,0.0096,0.0004,0.000,4.490,4.500,-3.570
22.0983,0.0116,0.0005,0.000,4.491,4.500,-3.570
22.1088,0.0105,0.0004,0.000,4.491,4.500,-3.571
22.1211,0.0124,0.0005,0.000,4.491,4.500,-3.571
22.1332,0.0121,0.0005,0.000,4.491,4.500,-3.572
22.1430,0.0098,0.0004,0.000,4.491,4.500,-3.572
22.1543,0.0114,0.0004,0.000,4.492,4.500,-3.572
22.1626,0.0083,0.0003,0.000,4.492,4.500,-3.573
22.1734,0.0108,0.0004,0.000,4.492,4.500,-3.573
22.1805,0.0071,0.0003,0.000,4.492,4.500,-3.573
22.1891,0.0086,0.0004,0.000,4.493,4.500,-3.573
22.2008,0.0117,0.0005,0.000,4.493,4.500,-3.574
22.2089,0.0081,0.0004,0.000,4.493,4.500,-3.574
22.2170,0.0081,0.0004,0.000,4.494,4.500,-3.574
22.2243,0.0073,0.0004,0.000,4.494,4.500,-3.574
22.2327,0.0084,0.0005,0.000,4.494,4.500,-3.575
22.2404,0.0077,0.0004,0.000,4.495,4.500,-3.575
22.2489,0.0085,0.0005,0.000,4.495,4.500,-3.575
22.2578,0.0090,0.0006,0.000,4.496,4.500,-3.575
22.2658,0.0080,0.0005,0.000,4.496,4.500,-3.576
22.2745,0.0087,0.0006,0.000,4.497,4.500,-3.576
22.2821,0.0077,0.0006,0.000,4.497,4.500,-3.576
22.2916,0.0095,0.0007,0.000,4.498,4.500,-3.576
22.3010,0.0093,0.0018,0.000,4.500,4.500,-3.577
22.3105,0.0095,0.0028,0.000,4.502,4.500,-3.578
22.3174,0.0069,0.0025,0.000,4.505,4.500,-3.578
22.3274,0.0100,0.0046,0.000,4.509,4.500,-3.580
22.3379,0.0106,0.0060,0.000,4.514,4.500,-3.583
22.3459,0.0080,0.0053,0.000,4.518,4.500,-3.586
22.3551,0.0091,0.0071,0.000,4.523,4.500,-3.592
22.3621,0.0070,0.0059,0.000,4.527,4.500,-3.596
22.3714,0.0093,0.0090,0.000,4.532,4.500,-3.603
22.3800,0.0087,0.0092,0.000,4.537,4.500,-3.611
22.3867,0.0066,0.0075,0.000,4.541,4.500,-3.618
22.3960,0.0094,0.0116,0.000,4.547,4.500,-3.628
22.4045,0.0085,0.0111,0.000,4.552,4.500,-3.637
22.4211,0.0166,0.0248,0.000,4.564,4.500,-3.659
22.4428,0.0217,0.0365,0.000,4.579,4.500,-3.692
22.4595,0.0168,0.0295,0.000,4.591,4.500,-3.719
22.4813,0.0218,0.0415,0.000,4.608,4.500,-3.757
22.4962,0.0149,0.0288,0.000,4.619,4.500,-3.784
22.5057,0.0095,0.0184,0.000,4.626,4.500,-3.801
22.5166,0.0109,0.0218,0.000,4.635,4.500,-3.821
22.5251,0.0085,0.0171,0.000,4.641,4.500,-3.837
22.5360,0.0109,0.0226,0.000,4.649,4.500,-3.858
22.5447,0.0087,0.0182,0.000,4.656,4.500,-3.875
22.5534,0.0086,0.0183,0.000,4.663,4.500,-3.892
22.5613,0.0079,0.0169,0.000,4.669,4.500,-3.907
22.5716,0.0103,0.0224,0.000,4.677,4.500,-3.928
22.5801,0.0085,0.0187,0.000,4.684,4.500,-3.946
22.5881,0.0080,0.0177,0.000,4.690,4.500,-3.962
22.5982,0.0101,0.0226,0.000,4.698,4.500,-3.983
22.6072,0.0089,0.0201,0.000,4.705,4.500,-4.002
22.6195,0.0124,0.0282,0.000,4.715,4.500,-4.028
22.6278,0.0083,0.0186,0.000,4.722,4.500,-4.046
22.6382,0.0105,0.0238,0.000,4.730,4.500,-4.068
22.6472,0.0090,0.0202,0.000,4.737,4.500,-4.087
22.6587,0.0114,0.0259,0.000,4.746,4.500,-4.111
22.6665,0.0078,0.0174,0.000,4.752,4.500,-4.127
22.6780,0.0116,0.0260,0.000,4.761,4.500,-4.152
22.6866,0.0086,0.0191,0.000,4.768,4.500,-4.170
22.6970,0.0104,0.0229,0.000,4.776,4.500,-4.191
22.7061,0.0090,0.0197,0.000,4.783,4.500,-4.210
22.7159,0.0098,0.0213,0.000,4.790,4.500,-4.230
22.7232,0.0073,0.0156,0.000,4.796,4.500,-4.244
22.7332,0.0100,0.0215,0.000,4.803,4.500,-4.264
22.7413,0.0081,0.0169,0.000,4.809,4.500,-4.280
22.7514,0.0101,0.0212,0.000,4.817,4.500,-4.300
22.7597,0.0083,0.0172,0.000,4.823,4.500,-4.316
22.7672,0.0075,0.0153,0.000,4.828,4.500,-4.330
22.7767,0.0095,0.0193,0.000,4.835,4.500,-4.349
22.7856,0.0089,0.0177,0.000,4.841,4.500,-4.365
22.7946,0.0090,0.0178,0.000,4.847,4.500,-4.382
22.8033,0.0086,0.0169,0.000,4.853,4.500,-4.398
22.8149,0.0116,0.0225,0.000,4.861,4.500,-4.419
22.8228,0.0080,0.0151,0.000,4.866,4.500,-4.433
22.8335,0.0107,0.0201,0.000,4.873,4.500,-4.452
22.8418,0.0083,0.0153,0.000,4.878,4.500,-4.466
22.8525,0.0107,0.0195,0.000,4.885,4.500,-4.484
22.8597,0.0073,0.0125,0.000,4.890,4.500,-4.496
22.8676,0.0078,0.0128,0.000,4.895,4.500,-4.508
22.8778,0.0102,0.0158,0.000,4.902,4.500,-4.522
22.8859,0.0081,0.0118,0.000,4.908,4.500,-4.532
22.8981,0.0123,0.0170,0.000,4.917,4.500,-4.546
22.9061,0.0080,0.0104,0.000,4.923,4.500,-4.555
22.9168,0.0107,0.0134,0.000,4.931,4.500,-4.565
22.9248,0.0080,0.0096,0.000,4.938,4.500,-4.572
22.9331,0.0083,0.0096,0.000,4.944,4.500,-4.579
22.9406,0.0075,0.0083,0.000,4.950,4.500,-4.585
22.9481,0.0075,0.0081,0.000,4.956,4.500,-4.591
22.9580,0.0099,0.0105,0.000,4.965,4.500,-4.597
22.9661,0.0082,0.0083,0.000,4.971,4.500,-4.602
22.9769,0.0107,0.0107,0.000,4.980,4.500,-4.608
22.9839,0.0071,0.0068,0.000,4.986,4.500,-4.612
22.9924,0.0085,0.0081,0.000,4.993,4.500,-4.616
23.0003,0.0078,0.0073,0.000,5.000,4.500,-4.619
23.0074,0.0071,0.0066,0.000,5.005,4.500,-4.622
23.0184,0.0110,0.0100,0.000,5.015,4.500,-4.626
23.0269,0.0085,0.0075,0.000,5.022,4.500,-4.628
23.0364,0.0095,0.0083,0.000,5.030,4.500,-4.631
23.0437,0.0073,0.0063,0.000,5.036,4.500,-4.633
23.0539,0.0102,0.0087,0.000,5.044,4.500,-4.635
23.0610,0.0071,0.0060,0.000,5.050,4.500,-4.637
23.0702,0.0092,0.0077,0.000,5.057,4.500,-4.638
23.0772,0.0069,0.0057,0.000,5.063,4.500,-4.640
23.0850,0.0078,0.0063,0.000,5.069,4.500,-4.641
23.0954,0.0104,0.0085,0.000,5.078,4.500,-4.642
23.1035,0.0080,0.0064,0.000,5.084,4.500,-4.643
23.1144,0.0110,0.0087,0.000,5.093,4.500,-4.644
23.1219,0.0074,0.0058,0.000,5.098,4.500,-4.645
23.1314,0.0095,0.0074,0.000,5.106,4.500,-4.645
23.1400,0.0086,0.0066,0.000,5.112,4.500,-4.646
23.1498,0.0098,0.0075,0.000,5.120,4.500,-4.646
23.1603,0.0105,0.0079,0.000,5.128,4.500,-4.646
23.1679,0.0076,0.0056,0.000,5.133,4.500,-4.647
23.1771,0.0092,0.0068,0.000,5.140,4.500,-4.647
23.1859,0.0088,0.0064,0.000,5.146,4.500,-4.647
23.1954,0.0096,0.0069,0.000,5.153,4.500,-4.647
23.2027,0.0072,0.0052,0.000,5.159,4.500,-4.647
23.2128,0.0101,0.0072,0.000,5.166,4.500,-4.646
23.2203,0.0075,0.0052,0.000,5.171,4.500,-4.646
23.2275,0.0073,0.0051,0.000,5.176,4.500,-4.646
23.2371,0.0096,0.0066,0.000,5.183,4.500,-4.646
23.2442,0.0070,0.0048,0.000,5.187,4.500,-4.646
23.2536,0.0094,0.0064,0.000,5.194,4.500,-4.645
23.2612,0.0076,0.0051,0.000,5.199,4.500,-4.645
23.2710,0.0098,0.0065,0.000,5.205,4.500,-4.645
23.2787,0.0077,0.0051,0.000,5.210,4.500,-4.644
23.2860,0.0073,0.0048,0.000,5.215,4.500,-4.644
23.2958,0.0098,0.0063,0.000,5.222,4.500,-4.644
23.3072,0.0114,0.0073,0.000,5.229,4.500,-4.643
23.3187,0.0114,0.0072,0.000,5.236,4.500,-4.643
23.3259,0.0072,0.0045,0.000,5.240,4.500,-4.642
23.3347,0.0088,0.0054,0.000,5.246,4.500,-4.642
23.3417,0.0071,0.0043,0.000,5.250,4.500,-4.641
23.3519,0.0102,0.0061,0.000,5.256,4.500,-4.641
23.3617,0.0098,0.0058,0.000,5.262,4.500,-4.640
23.3719,0.0102,0.0060,0.000,5.268,4.500,-4.640
23.3804,0.0085,0.0049,0.000,5.273,4.500,-4.639
23.3878,0.0074,0.0042,0.000,5.277,4.500,-4.639
23.3965,0.0087,0.0049,0.000,5.282,4.500,-4.639
23.4039,0.0074,0.0041,0.000,5.286,4.500,-4.638
23.4128,0.0089,0.0049,0.000,5.291,4.500,-4.638
23.4215,0.0087,0.0047,0.000,5.296,4.500,-4.638
23.4309,0.0094,0.0051,0.000,5.301,4.500,-4.637
23.4393,0.0085,0.0045,0.000,5.305,4.500,-4.637
23.4469,0.0075,0.0040,0.000,5.309,4.500,-4.637
23.4575,0.0107,0.0056,0.000,5.315,4.500,-4.636
23.4667,0.0091,0.0047,0.000,5.319,4.500,-4.636
23.4771,0.0104,0.0053,0.000,5.325,4.500,-4.636
23.4839,0.0068,0.0034,0.000,5.328,4.500,-4.636
23.4929,0.0090,0.0044,0.000,5.332,4.500,-4.635
23.5012,0.0083,0.0040,0.000,5.336,4.500,-4.635
23.5112,0.0100,0.0047,0.000,5.341,4.500,-4.635
23.5182,0.0070,0.0033,0.000,5.344,4.500,-4.635
23.5257,0.0075,0.0035,0.000,5.348,4.500,-4.634
23.5343,0.0087,0.0039,0.000,5.352,4.500,-4.634
23.5431,0.0087,0.0039,0.000,5.356,4.500,-4.634
23.5528,0.0097,0.0043,0.000,5.360,4.500,-4.634
23.5607,0.0079,0.0034,0.000,5.363,4.500,-4.634
23.5674,0.0067,0.0028,0.000,5.366,4.500,-4.633
23.5771,0.0096,0.0041,0.000,5.370,4.500,-4.633
23.5835,0.0064,0.0026,0.000,5.373,4.500,-4.633
23.5915,0.0080,0.0033,0.000,5.376,4.500,-4.633
23.5998,0.0083,0.0033,0.000,5.379,4.500,-4.633
23.6073,0.0075,0.0029,0.000,5.382,4.500,-4.633
23.6189,0.0116,0.0045,0.000,5.387,4.500,-4.632
23.6289,0.0100,0.0038,0.000,5.391,4.500,-4.632
23.6393,0.0104,0.0039,0.000,5.395,4.500,-4.632
23.6475,0.0082,0.0030,0.000,5.398,4.500,-4.632
23.6583,0.0108,0.0039,0.000,5.401,4.500,-4.632
23.6664,0.0081,0.0028,0.000,5.404,4.500,-4.632
23.6760,0.0096,0.0033,0.000,5.408,4.500,-4.632
23.6841,0.0081,0.0027,0.000,5.410,4.500,-4.631
23.6933,0.0092,0.0031,0.000,5.413,4.500,-4.631
23.7012,0.0078,0.0025,0.000,5.416,4.500,-4.631
23.7120,0.0108,0.0034,0.000,5.419,4.500,-4.631
23.7201,0.0082,0.0025,0.000,5.422,4.500,-4.631
23.7278,0.0077,0.0023,0.000,5.424,4.500,-4.631
23.7389,0.0111,0.0033,0.000,5.427,4.500,-4.630
23.7472,0.0083,0.0024,0.000,5.430,4.500,-4.630
23.7569,0.0097,0.0027,0.000,5.433,4.500,-4.630
23.7655,0.0086,0.0024,0.000,5.435,4.500,-4.630
23.7745,0.0090,0.0024,0.000,5.437,4.500,-4.630
23.7813,0.0068,0.0018,0.000,5.439,4.500,-4.629
23.7913,0.0101,0.0026,0.000,5.442,4.500,-4.629
23.7986,0.0073,0.0018,0.000,5.443,4.500,-4.629
23.8062,0.0076,0.0019,0.000,5.445,4.500,-4.629
23.8169,0.0107,0.0025,0.000,5.448,4.500,-4.629
23.8247,0.0078,0.0018,0.000,5.450,4.500,-4.629
23.8329,0.0082,0.0018,0.000,5.451,4.500,-4.628
23.8421,0.0091,0.0020,0.000,5.453,4.500,-4.628
23.8520,0.0099,0.0021,0.000,5.456,4.500,-4.628
23.8606,0.0086,0.0018,0.000,5.457,4.500,-4.628
23.8693,0.0087,0.0017,0.000,5.459,4.500,-4.628
23.8796,0.0103,0.0020,0.000,5.461,4.500,-4.627
23.8867,0.0071,0.0013,0.000,5.462,4.500,-4.627
23.8970,0.0103,0.0019,0.000,5.464,4.500,-4.627
23.9050,0.0080,0.0014,0.000,5.465,4.500,-4.627
23.9139,0.0089,0.0015,0.000,5.467,4.500,-4.627
23.9222,0.0083,0.0014,0.000,5.468,4.500,-4.627
23.9313,0.0091,0.0014,0.000,5.470,4.500,-4.626
23.9383,0.0070,0.0011,0.000,5.471,4.500,-4.626
23.9451,0.0068,0.0010,0.000,5.472,4.500,-4.626
23.9527,0.0076,0.0011,0.000,5.473,4.500,-4.626
23.9604,0.0077,0.0011,0.000,5.474,4.500,-4.626
23.9683,0.0079,0.0011,0.000,5.475,4.500,-4.626
23.9785,0.0102,0.0014,0.000,5.476,4.500,-4.625
23.9872,0.0087,0.0011,0.000,5.478,4.500,-4.625
23.9975,0.0102,0.0012,0.000,5.479,4.500,-4.625
24.0050,0.0075,0.0009,0.000,5.480,4.500,-4.625
24.0133,0.0083,0.0009,0.000,5.481,4.500,-4.625
24.0218,0.0085,0.0009,0.000,5.481,4.500,-4.625
24.0332,0.0114,0.0011,0.000,5.483,4.500,-4.625
24.0402,0.0070,0.0007,0.000,5.483,4.500,-4.624
24.0483,0.0081,0.0007,0.000,5.484,4.500,-4.624
24.0576,0.0094,0.0008,0.000,5.485,4.500,-4.624
24.0656,0.0079,0.0006,0.000,5.485,4.500,-4.624
24.0759,0.0103,0.0008,0.000,5.486,4.500,-4.624
24.0830,0.0072,0.0005,0.000,5.486,4.500,-4.624
24.0927,0.0097,0.0006,0.000,5.487,4.500,-4.624
24.1013,0.0085,0.0005,0.000,5.488,4.500,-4.623
24.1105,0.0092,0.0005,0.000,5.488,4.500,-4.623
24.1175,0.0070,0.0004,0.000,5.488,4.500,-4.623
24.1259,0.0084,0.0004,0.000,5.489,4.500,-4.623
24.1356,0.0098,0.0005,0.000,5.489,4.500,-4.623
24.1430,0.0073,0.0003,0.000,5.490,4.500,-4.623
24.1536,0.0106,0.0005,0.000,5.490,4.500,-4.623
24.1614,0.0079,0.0003,0.000,5.490,4.500,-4.622
24.1720,0.0105,0.0004,0.000,5.491,4.500,-4.622
24.1813,0.0093,0.0003,0.000,5.491,4.500,-4.622
24.1924,0.0111,0.0004,0.000,5.491,4.500,-4.622
24.2013,0.0089,0.0003,0.000,5.491,4.500,-4.622
24.2137,0.0123,0.0003,0.000,5.492,4.500,-4.621
24.2224,0.0087,0.0002,0.000,5.492,4.500,-4.621
24.2328,0.0104,0.0003,0.000,5.492,4.500,-4.621
24.2414,0.0085,0.0002,0.000,5.492,4.500,-4.621
24.2513,0.0100,0.0002,0.000,5.492,4.500,-4.621
24.2589,0.0076,0.0002,0.000,5.492,4.500,-4.621
24.2668,0.0079,0.0002,0.000,5.492,4.500,-4.620
24.2761,0.0093,0.0002,0.000,5.492,4.500,-4.620
24.2832,0.0071,0.0001,0.000,5.492,4.500,-4.620
24.2923,0.0091,0.0002,0.000,5.493,4.500,-4.620
24.2992,0.0069,0.0001,0.000,5.493,4.500,-4.620
24.3064,0.0072,0.0001,0.000,5.493,4.500,-4.620
24.3161,0.0097,0.0001,0.000,5.493,4.500,-4.620
24.3236,0.0075,0.0001,0.000,5.493,4.500,-4.620
24.3321,0.0085,0.0001,0.000,5.493,4.500,-4.619
24.3408,0.0087,0.0001,0.000,5.493,4.500,-4.619
24.3486,0.0078,0.0001,0.000,5.493,4.500,-4.619
24.3581,0.0096,0.0001,0.000,5.493,4.500,-4.619
24.3660,0.0078,0.0001,0.000,5.493,4.500,-4.619
24.3753,0.0094,0.0001,0.000,5.493,4.500,-4.619
24.3819,0.0065,0.0001,0.000,5.493,4.500,-4.619
24.3921,0.0102,0.0001,0.000,5.493,4.500,-4.619
24.3997,0.0076,0.0001,0.000,5.493,4.500,-4.619
24.4061,0.0065,0.0001,0.000,5.493,4.500,-4.619
24.4161,0.0099,0.0002,0.000,5.493,4.500,-4.619
24.4246,0.0086,0.0001,0.000,5.493,4.500,-4.618
24.4324,0.0078,0.0001,0.000,5.493,4.500,-4.618
24.4414,0.0090,0.0002,0.000,5.494,4.500,-4.618
24.4508,0.0094,0.0002,0.000,5.494,4.500,-4.618
24.4572,0.0063,0.0001,0.000,5.494,4.500,-4.618
24.4663,0.0091,0.0002,0.000,5.494,4.500,-4.618
24.4770,0.0107,0.0003,0.000,5.494,4.500,-4.618
24.4852,0.0082,0.0002,0.000,5.494,4.500,-4.617
24.4950,0.0097,0.0003,0.000,5.494,4.500,-4.617
24.5030,0.0081,0.0002,0.000,5.495,4.500,-4.617
24.5133,0.0103,0.0003,0.000,5.495,4.500,-4.617
24.5228,0.0095,0.0003,0.000,5.495,4.500,-4.617
24.5330,0.0102,0.0003,0.000,5.495,4.500,-4.616
24.5405,0.0075,0.0002,0.000,5.495,4.500,-4.616
24.5476,0.0071,0.0002,0.000,5.495,4.500,-4.616
24.5563,0.0087,0.0003,0.000,5.495,4.500,-4.616
24.5643,0.0080,0.0003,0.000,5.496,4.500,-4.615
24.5734,0.0091,0.0003,0.000,5.496,4.500,-4.615
24.5812,0.0078,0.0003,0.000,5.496,4.500,-4.615
24.5905,0.0093,0.0003,0.000,5.496,4.500,-4.615
24.5971,0.0065,0.0002,0.000,5.496,4.500,-4.615
24.6056,0.0085,0.0003,0.000,5.496,4.500,-4.614
24.6139,0.0084,0.0003,0.000,5.497,4.500,-4.614
24.6223,0.0084,0.0003,0.000,5.497,4.500,-4.614
24.6318,0.0095,0.0003,0.000,5.497,4.500,-4.613
24.6392,0.0074,0.0003,0.000,5.497,4.500,-4.613
24.6466,0.0075,0.0003,0.000,5.497,4.500,-4.613
24.6548,0.0082,0.0003,0.000,5.497,4.501,-4.613
24.6616,0.0068,0.0002,0.000,5.497,4.501,-4.613
24.6717,0.0101,0.0004,0.000,5.497,4.501,-4.612
24.6789,0.0072,0.0003,0.000,5.498,4.501,-4.612
24.6869,0.0079,0.0003,0.000,5.498,4.501,-4.612
24.6990,0.0121,0.0005,0.000,5.498,4.501,-4.611
24.7074,0.0083,0.0003,0.000,5.498,4.501,-4.611
24.7162,0.0088,0.0004,0.000,5.498,4.500,-4.611
24.7247,0.0085,0.0003,0.000,5.498,4.500,-4.610
24.7338,0.0090,0.0004,0.000,5.499,4.500,-4.610
24.7407,0.0069,0.0003,0.000,5.499,4.500,-4.610
24.7479,0.0073,0.0003,0.000,5.499,4.500,-4.609
24.7568,0.0088,0.0004,0.000,5.499,4.500,-4.609
24.7701,0.0133,0.0006,0.000,5.499,4.500,-4.609
24.7806,0.0105,0.0004,0.000,5.499,4.500,-4.608
24.7900,0.0094,0.0004,0.000,5.500,4.500,-4.608
24.7990,0.0090,0.0004,0.000,5.500,4.500,-4.608
24.8071,0.0081,0.0003,0.000,5.500,4.500,-4.607
24.8181,0.0110,0.0004,0.000,5.500,4.500,-4.607
24.8256,0.0075,0.0003,0.000,5.500,4.500,-4.607
24.8362,0.0106,0.0004,0.000,5.501,4.500,-4.606
24.8447,0.0085,0.0003,0.000,5.501,4.500,-4.606
24.8524,0.0077,0.0003,0.000,5.501,4.500,-4.606
24.8598,0.0074,0.0003,0.000,5.501,4.500,-4.606
24.8666,0.0068,0.0002,0.000,5.501,4.500,-4.605
24.8781,0.0115,0.0004,0.000,5.501,4.500,-4.605
24.8862,0.0081,0.0003,0.000,5.502,4.500,-4.605
24.8956,0.0094,0.0003,0.000,5.502,4.500,-4.605
24.9024,0.0068,0.0002,0.000,5.502,4.500,-4.604
24.9132,0.0108,0.0003,0.000,5.502,4.500,-4.604
24.9200,0.0069,0.0002,0.000,5.502,4.500,-4.604
24.9270,0.0070,0.0002,0.000,5.502,4.500,-4.604
24.9369,0.0099,0.0003,0.000,5.503,4.500,-4.604
24.9450,0.0082,0.0002,0.000,5.503,4.500,-4.604
24.9529,0.0078,0.0002,0.000,5.503,4.500,-4.604
24.9608,0.0079,0.0002,0.000,5.503,4.500,-4.603
24.9677,0.0069,0.0002,0.000,5.503,4.500,-4.603
24.9763,0.0087,0.0002,0.000,5.504,4.500,-4.603
24.9841,0.0078,0.0002,0.000,5.504,4.500,-4.603
24.9914,0.0074,0.0002,0.000,5.504,4.500,-4.603
24.9986,0.0072,0.0001,0.000,5.504,4.500,-4.603
25.0059,0.0073,0.0001,0.000,5.504,4.500,-4.603
25.0157,0.0097,0.0001,0.000,5.504,4.500,-4.603
25.0221,0.0064,0.0001,0.000,5.504,4.500,-4.603
25.0332,0.0111,0.0002,0.000,5.505,4.500,-4.603
25.0408,0.0076,0.0001,0.000,5.505,4.500,-4.603
25.0489,0.0081,0.0001,0.000,5.505,4.500,-4.603
25.0607,0.0118,0.0002,0.000,5.505,4.500,-4.603
25.0692,0.0085,0.0002,0.000,5.505,4.500,-4.603
25.0788,0.0096,0.0002,0.000,5.505,4.500,-4.604
25.0866,0.0079,0.0002,0.000,5.505,4.500,-4.604
25.0963,0.0097,0.0003,0.000,5.505,4.500,-4.604
25.1035,0.0072,0.0002,0.000,5.505,4.500,-4.604
25.1122,0.0088,0.0003,0.000,5.505,4.500,-4.604
25.1203,0.0081,0.0002,0.000,5.506,4.500,-4.605
25.1268,0.0065,0.0002,0.000,5.506,4.500,-4.605
25.1366,0.0097,0.0003,0.000,5.506,4.500,-4.605
25.1450,0.0084,0.0003,0.000,5.506,4.500,-4.605
25.1535,0.0085,0.0003,0.000,5.506,4.500,-4.606
25.1618,0.0083,0.0003,0.000,5.506,4.500,-4.606
25.1706,0.0089,0.0003,0.000,5.506,4.500,-4.606
25.1776,0.0070,0.0003,0.000,5.506,4.500,-4.607
25.1866,0.0089,0.0003,0.000,5.506,4.500,-4.607
25.1962,0.0097,0.0004,0.000,5.506,4.500,-4.607
25.2039,0.0077,0.0003,0.000,5.506,4.500,-4.608
25.2131,0.0092,0.0004,0.000,5.506,4.500,-4.608
25.2207,0.0076,0.0003,0.000,5.506,4.500,-4.608
25.2274,0.0067,0.0003,0.000,5.506,4.500,-4.609
25.2369,0.0095,0.0004,0.000,5.506,4.500,-4.609
25.2447,0.0078,0.0003,0.000,5.506,4.500,-4.609
25.2526,0.0079,0.0003,0.000,5.506,4.500,-4.610
25.2603,0.0077,0.0003,0.000,5.506,4.500,-4.610
25.2676,0.0073,0.0003,0.000,5.506,4.500,-4.610
25.2768,0.0092,0.0004,0.000,5.506,4.500,-4.611
25.2851,0.0083,0.0003,0.000,5.506,4.500,-4.611
25.2937,0.0086,0.0004,0.000,5.506,4.500,-4.611
25.3011,0.0074,0.0003,0.000,5.506,4.500,-4.612
25.3118,0.0107,0.0004,0.000,5.506,4.500,-4.612
25.3193,0.0075,0.0003,0.000,5.506,4.500,-4.612
25.3264,0.0071,0.0003,0.000,5.506,4.500,-4.613
25.3357,0.0093,0.0004,0.000,5.506,4.500,-4.613
25.3425,0.0068,0.0003,0.000,5.506,4.500,-4.613
25.3530,0.0105,0.0005,0.000,5.506,4.500,-4.614
25.3607,0.0078,0.0003,0.000,5.506,4.500,-4.614
25.3679,0.0072,0.0003,0.000,5.506,4.500,-4.614
25.3776,0.0096,0.0004,0.000,5.506,4.500,-4.615
25.3865,0.0090,0.0004,0.000,5.506,4.500,-4.615
25.3955,0.0090,0.0004,0.000,5.506,4.500,-4.616
25.4021,0.0066,0.0003,0.000,5.506,4.500,-4.616
25.4125,0.0104,0.0005,0.000,5.506,4.500,-4.617
25.4212,0.0087,0.0004,0.000,5.506,4.500,-4.617
25.4305,0.0093,0.0005,0.000,5.506,4.500,-4.617
25.4379,0.0074,0.0004,0.000,5.506,4.500,-4.618
25.4462,0.0084,0.0004,0.000,5.506,4.500,-4.618
25.4550,0.0088,0.0005,0.000,5.506,4.500,-4.619
25.4633,0.0082,0.0004,0.000,5.506,4.500,-4.619
25.4737,0.0104,0.0005,0.000,5.506,4.500,-4.620
25.4822,0.0085,0.0004,0.000,5.505,4.500,-4.620
25.4934,0.0112,0.0006,0.000,5.505,4.500,-4.621
25.5013,0.0079,0.0004,0.000,5.505,4.500,-4.621
25.5118,0.0105,0.0005,0.000,5.505,4.500,-4.622
25.5208,0.0090,0.0004,0.000,5.505,4.500,-4.622
25.5287,0.0080,0.0004,0.000,5.505,4.500,-4.622
25.5391,0.0104,0.0005,0.000,5.505,4.500,-4.623
25.5476,0.0085,0.0004,0.000,5.505,4.500,-4.623
25.5565,0.0089,0.0004,0.000,5.505,4.500,-4.624
25.5638,0.0073,0.0003,0.000,5.505,4.500,-4.624
25.5730,0.0091,0.0004,0.000,5.505,4.500,-4.625
25.5807,0.0077,0.0003,0.000,5.505,4.500,-4.625
25.5879,0.0073,0.0003,0.000,5.505,4.500,-4.625
25.5980,0.0100,0.0004,0.000,5.505,4.500,-4.626
25.6062,0.0082,0.0003,0.000,5.505,4.500,-4.626
25.6156,0.0094,0.0004,0.000,5.505,4.500,-4.626
25.6220,0.0064,0.0003,0.000,5.505,4.500,-4.627
25.6310,0.0090,0.0004,0.000,5.505,4.500,-4.627
25.6384,0.0074,0.0003,0.000,5.504,4.500,-4.627
25.6460,0.0075,0.0003,0.000,5.504,4.500,-4.628
25.6550,0.0090,0.0004,0.000,5.504,4.500,-4.628
25.6615,0.0065,0.0003,0.000,5.504,4.500,-4.628
25.6714,0.0099,0.0004,0.000,5.504,4.500,-4.628
25.6798,0.0085,0.0003,0.000,5.504,4.500,-4.629
25.6866,0.0067,0.0003,0.000,5.504,4.500,-4.629
25.6965,0.0099,0.0004,0.000,5.504,4.500,-4.629
25.7045,0.0080,0.0003,0.000,5.504,4.500,-4.630
25.7143,0.0099,0.0004,0.000,5.503,4.500,-4.630
25.7243,0.0100,0.0005,0.000,5.503,4.500,-4.631
25.7348,0.0105,0.0005,0.000,5.503,4.500,-4.631
25.7431,0.0083,0.0005,0.000,5.503,4.500,-4.631
25.7532,0.0101,0.0006,0.000,5.502,4.500,-4.632
25.7620,0.0088,0.0006,0.000,5.502,4.500,-4.632
25.7730,0.0110,0.0008,0.000,5.501,4.500,-4.633
25.7819,0.0090,0.0007,0.000,5.501,4.500,-4.633
25.7916,0.0096,0.0008,0.000,5.500,4.500,-4.633
25.7990,0.0074,0.0006,0.000,5.500,4.500,-4.634
25.8062,0.0073,0.0006,0.000,5.499,4.500,-4.634
25.8164,0.0102,0.0009,0.000,5.498,4.500,-4.635
25.8238,0.0074,0.0007,0.000,5.498,4.500,-4.635
25.8324,0.0086,0.0008,0.000,5.497,4.500,-4.636
25.8394,0.0071,0.0007,0.000,5.497,4.500,-4.636
25.8473,0.0079,0.0008,0.000,5.496,4.500,-4.637
25.8565,0.0092,0.0010,0.000,5.495,4.500,-4.637
25.8639,0.0074,0.0008,0.000,5.494,4.500,-4.638
25.8725,0.0086,0.0010,0.000,5.494,4.500,-4.639
25.8817,0.0093,0.0011,0.000,5.493,4.500,-4.639
25.8926,0.0109,0.0014,0.000,5.492,4.500,-4.640
25.9018,0.0091,0.0012,0.000,5.491,4.500,-4.641
25.9113,0.0096,0.0013,0.000,5.490,4.500,-4.642
25.9188,0.0074,0.0010,0.000,5.490,4.500,-4.643
25.9249,0.0062,0.0008,0.000,5.489,4.500,-4.643
25.9339,0.0090,0.0013,0.000,5.488,4.500,-4.644
25.9413,0.0074,0.0011,0.000,5.488,4.500,-4.645
25.9502,0.0089,0.0013,0.000,5.487,4.500,-4.646
25.9572,0.0070,0.0011,0.000,5.486,4.500,-4.647
25.9645,0.0073,0.0011,0.000,5.485,4.500,-4.648
25.9725,0.0080,0.0013,0.000,5.485,4.500,-4.649
25.9809,0.0084,0.0014,0.000,5.484,4.500,-4.650
25.9905,0.0096,0.0016,0.000,5.483,4.500,-4.652
25.9987,0.0083,0.0014,0.000,5.482,4.500,-4.653
26.0065,0.0078,0.0013,0.000,5.482,4.500,-4.654
26.0158,0.0093,0.0016,0.000,5.481,4.500,-4.655
26.0233,0.0075,0.0013,0.000,5.480,4.500,-4.656
26.0339,0.0106,0.0019,0.000,5.479,4.500,-4.658
26.0411,0.0072,0.0013,0.000,5.478,4.500,-4.659
26.0506,0.0095,0.0017,0.000,5.478,4.500,-4.660
26.0584,0.0078,0.0014,0.000,5.477,4.500,-4.662
26.0665,0.0081,0.0014,0.000,5.476,4.500,-4.663
26.0761,0.0096,0.0017,0.000,5.475,4.500,-4.664
26.0846,0.0085,0.0015,0.000,5.475,4.500,-4.666
26.0933,0.0087,0.0015,0.000,5.474,4.500,-4.667
26.1008,0.0076,0.0013,0.000,5.473,4.500,-4.668
26.1105,0.0096,0.0017,0.000,5.472,4.500,-4.669
26.1197,0.0093,0.0016,0.000,5.472,4.500,-4.671
26.1291,0.0094,0.0016,0.000,5.471,4.500,-4.672
26.1405,0.0114,0.0020,0.000,5.470,4.500,-4.674
26.1495,0.0089,0.0015,0.000,5.469,4.500,-4.675
26.1604,0.0109,0.0018,0.000,5.468,4.500,-4.677
26.1697,0.0093,0.0016,0.000,5.468,4.500,-4.678
26.1839,0.0142,0.0024,0.000,5.466,4.500,-4.680
26.1999,0.0160,0.0026,0.000,5.465,4.500,-4.683
26.2142,0.0143,0.0023,0.000,5.464,4.500,-4.685
26.2332,0.0190,0.0030,0.000,5.463,4.500,-4.687
26.2449,0.0117,0.0018,0.000,5.462,4.500,-4.689
26.2570,0.0122,0.0018,0.000,5.461,4.500,-4.691
26.2678,0.0108,0.0016,0.000,5.460,4.500,-4.692
26.2787,0.0109,0.0016,0.000,5.459,4.500,-4.693
26.2886,0.0099,0.0014,0.000,5.458,4.500,-4.694
26.2996,0.0110,0.0015,0.000,5.458,4.500,-4.696
26.3084,0.0088,0.0012,0.000,5.457,4.500,-4.697
26.3195,0.0112,0.0014,0.000,5.456,4.500,-4.698
26.3296,0.0100,0.0013,0.000,5.456,4.500,-4.699
26.3401,0.0105,0.0013,0.000,5.455,4.500,-4.700
26.3498,0.0097,0.0011,0.000,5.454,4.500,-4.701
26.3602,0.0105,0.0012,0.000,5.454,4.500,-4.702
26.3686,0.0084,0.0009,0.000,5.453,4.500,-4.703
26.3796,0.0110,0.0012,0.000,5.452,4.500,-4.704
26.3884,0.0088,0.0009,0.000,5.452,4.500,-4.704
26.3986,0.0102,0.0010,0.000,5.451,4.500,-4.705
26.4088,0.0102,0.0009,0.000,5.451,4.500,-4.706
26.4231,0.0143,0.0013,0.000,5.450,4.500,-4.707
26.4373,0.0142,0.0012,0.000,5.449,4.500,-4.708
26.4472,0.0099,0.0008,0.000,5.449,4.500,-4.708
26.4566,0.0095,0.0007,0.000,5.448,4.500,-4.709
26.4642,0.0076,0.0005,0.000,5.448,4.500,-4.709
26.4743,0.0101,0.0007,0.000,5.447,4.500,-4.710
26.4819,0.0076,0.0005,0.000,5.447,4.500,-4.710
26.4914,0.0094,0.0006,0.000,5.447,4.500,-4.711
26.5012,0.0098,0.0006,0.000,5.446,4.500,-4.711
26.5116,0.0104,0.0006,0.000,5.446,4.500,-4.712
26.5191,0.0075,0.0004,0.000,5.446,4.500,-4.712
26.5274,0.0083,0.0005,0.000,5.445,4.500,-4.712
26.5370,0.0097,0.0005,0.000,5.445,4.500,-4.713
26.5448,0.0078,0.0004,0.000,5.445,4.500,-4.713
26.5545,0.0097,0.0005,0.000,5.445,4.500,-4.714
26.5616,0.0070,0.0003,0.000,5.445,4.500,-4.714
26.5712,0.0097,0.0004,0.000,5.444,4.500,-4.714
26.5784,0.0072,0.0003,0.000,5.444,4.500,-4.715
26.5854,0.0069,0.0003,0.000,5.444,4.500,-4.715
26.5940,0.0086,0.0003,0.000,5.444,4.500,-4.715
26.6020,0.0080,0.0003,0.000,5.444,4.500,-4.715
26.6114,0.0094,0.0004,0.000,5.444,4.500,-4.716
26.6193,0.0079,0.0003,0.000,5.444,4.500,-4.716
26.6269,0.0076,0.0003,0.000,5.444,4.500,-4.716
26.6360,0.0091,0.0003,0.000,5.443,4.500,-4.717
26.6453,0.0093,0.0003,0.000,5.443,4.500,-4.717
26.6564,0.0111,0.0003,0.000,5.443,4.500,-4.717
26.6645,0.0081,0.0002,0.000,5.443,4.500,-4.717
26.6747,0.0103,0.0003,0.000,5.443,4.500,-4.718
26.6876,0.0128,0.0003,0.000,5.443,4.500,-4.718
26.6976,0.0100,0.0002,0.000,5.443,4.500,-4.718
26.7054,0.0078,0.0001,0.000,5.443,4.500,-4.718
26.7142,0.0088,0.0001,0.000,5.443,4.500,-4.718
26.7216,0.0074,0.0001,0.000,5.443,4.500,-4.718
26.7309,0.0094,0.0001,0.000,5.443,4.500,-4.719
26.7400,0.0091,0.0002,0.000,5.444,4.500,-4.719
26.7479,0.0079,0.0001,0.000,5.444,4.500,-4.719
26.7575,0.0096,0.0002,0.000,5.444,4.500,-4.719
26.7662,0.0086,0.0002,0.000,5.444,4.500,-4.719
26.7756,0.0094,0.0002,0.000,5.444,4.500,-4.719
26.7827,0.0072,0.0002,0.000,5.444,4.500,-4.719
26.7939,0.0111,0.0004,0.000,5.445,4.500,-4.719
26.8019,0.0081,0.0003,0.000,5.445,4.500,-4.719
26.8125,0.0106,0.0004,0.000,5.445,4.500,-4.719
26.8207,0.0082,0.0003,0.000,5.446,4.500,-4.719
26.8285,0.0078,0.0003,0.000,5.446,4.500,-4.719
26.8384,0.0099,0.0005,0.000,5.447,4.500,-4.719
26.8460,0.0076,0.0004,0.000,5.447,4.500,-4.719
26.8560,0.0099,0.0006,0.000,5.448,4.500,-4.719
26.8637,0.0077,0.0005,0.000,5.448,4.500,-4.719
26.8735,0.0098,0.0006,0.000,5.449,4.500,-4.719
26.8821,0.0086,0.0006,0.000,5.449,4.500,-4.719
26.8931,0.0111,0.0008,0.000,5.450,4.500,-4.719
26.9017,0.0086,0.0006,0.000,5.451,4.500,-4.719
26.9114,0.0097,0.0008,0.000,5.451,4.500,-4.719
26.9194,0.0080,0.0006,0.000,5.452,4.500,-4.719
26.9265,0.0071,0.0006,0.000,5.453,4.500,-4.719
26.9363,0.0098,0.0009,0.000,5.453,4.500,-4.719
26.9446,0.0083,0.0008,0.000,5.454,4.500,-4.719
26.9545,0.0099,0.0009,0.000,5.455,4.500,-4.719
26.9624,0.0079,0.0008,0.000,5.456,4.500,-4.719
26.9728,0.0104,0.0011,0.000,5.457,4.500,-4.720
26.9817,0.0089,0.0010,0.000,5.458,4.500,-4.720
26.9916,0.0099,0.0011,0.000,5.459,4.500,-4.720
26.9994,0.0078,0.0009,0.000,5.460,4.500,-4.720
27.0078,0.0084,0.0010,0.000,5.461,4.500,-4.720
27.0170,0.0092,0.0011,0.000,5.462,4.500,-4.720
27.0259,0.0090,0.0011,0.000,5.463,4.500,-4.720
27.0375,0.0116,0.0015,0.000,5.465,4.500,-4.720
27.0459,0.0083,0.0011,0.000,5.466,4.500,-4.720
27.0553,0.0094,0.0013,0.000,5.467,4.500,-4.720
27.0626,0.0073,0.0010,0.000,5.468,4.500,-4.720
27.0723,0.0097,0.0014,0.000,5.469,4.500,-4.720
27.0801,0.0077,0.0011,0.000,5.471,4.500,-4.720
27.0883,0.0083,0.0012,0.000,5.472,4.500,-4.720
27.0982,0.0099,0.0014,0.000,5.473,4.500,-4.720
27.1060,0.0078,0.0011,0.000,5.474,4.500,-4.720
27.1163,0.0103,0.0015,0.000,5.476,4.500,-4.720
27.1244,0.0081,0.0012,0.000,5.477,4.500,-4.720
27.1332,0.0089,0.0013,0.000,5.478,4.500,-4.720
27.1418,0.0085,0.0012,0.000,5.479,4.500,-4.720
27.1517,0.0099,0.0014,0.000,5.481,4.500,-4.720
27.1589,0.0072,0.0010,0.000,5.482,4.500,-4.720
27.1674,0.0085,0.0012,0.000,5.483,4.500,-4.720
27.1770,0.0096,0.0013,0.000,5.484,4.500,-4.720
27.1844,0.0074,0.0010,0.000,5.485,4.500,-4.720
27.1935,0.0091,0.0012,0.000,5.487,4.500,-4.720
27.2010,0.0075,0.0010,0.000,5.488,4.500,-4.720
27.2121,0.0111,0.0015,0.000,5.489,4.500,-4.719
27.2204,0.0083,0.0011,0.000,5.490,4.500,-4.719
27.2283,0.0078,0.0010,0.000,5.491,4.500,-4.719
27.2383,0.0101,0.0013,0.000,5.493,4.500,-4.719
27.2475,0.0091,0.0012,0.000,5.494,4.500,-4.719
27.2576,0.0102,0.0013,0.000,5.495,4.500,-4.719
27.2646,0.0070,0.0009,0.000,5.496,4.500,-4.719
27.2746,0.0100,0.0012,0.000,5.497,4.500,-4.719
27.2817,0.0070,0.0009,0.000,5.498,4.500,-4.719
27.2918,0.0101,0.0012,0.000,5.499,4.500,-4.718
27.3003,0.0085,0.0010,0.000,5.500,4.500,-4.718
27.3076,0.0073,0.0009,0.000,5.501,4.500,-4.718
27.3173,0.0097,0.0011,0.000,5.502,4.500,-4.718
27.3260,0.0087,0.0010,0.000,5.503,4.500,-4.718
27.3361,0.0101,0.0012,0.000,5.504,4.500,-4.718
27.3442,0.0082,0.0009,0.000,5.505,4.500,-4.717
27.3557,0.0114,0.0013,0.000,5.506,4.500,-4.717
27.3633,0.0077,0.0009,0.000,5.507,4.500,-4.717
27.3728,0.0095,0.0011,0.000,5.508,4.500,-4.717
27.3819,0.0091,0.0010,0.000,5.509,4.500,-4.716
27.3920,0.0101,0.0011,0.000,5.510,4.500,-4.716
27.4000,0.0081,0.0009,0.000,5.511,4.500,-4.716
27.4081,0.0081,0.0009,0.000,5.512,4.500,-4.715
27.4186,0.0105,0.0011,0.000,5.513,4.500,-4.715
27.4266,0.0079,0.0008,0.000,5.514,4.500,-4.715
27.4367,0.0101,0.0011,0.000,5.515,4.500,-4.714
27.4444,0.0077,0.0008,0.000,5.516,4.500,-4.714
27.4542,0.0098,0.0010,0.000,5.517,4.500,-4.714
27.4633,0.0091,0.0009,0.000,5.517,4.500,-4.713
27.4733,0.0100,0.0010,0.000,5.518,4.500,-4.713
27.4812,0.0079,0.0008,0.000,5.519,4.500,-4.713
27.4906,0.0094,0.0009,0.000,5.520,4.500,-4.712
27.4971,0.0065,0.0006,0.000,5.520,4.500,-4.712
27.5050,0.0080,0.0008,0.000,5.521,4.500,-4.712
27.5148,0.0098,0.0009,0.000,5.522,4.500,-4.711
27.5233,0.0085,0.0008,0.000,5.523,4.500,-4.711
27.5318,0.0085,0.0008,0.000,5.523,4.500,-4.710
27.5395,0.0077,0.0007,0.000,5.524,4.500,-4.710
27.5466,0.0070,0.0006,0.000,5.524,4.500,-4.710
27.5559,0.0093,0.0008,0.000,5.525,4.500,-4.709
27.5655,0.0096,0.0008,0.000,5.526,4.500,-4.709
27.5748,0.0093,0.0008,0.000,5.526,4.500,-4.708
27.5821,0.0073,0.0006,0.000,5.527,4.500,-4.708
27.5928,0.0107,0.0009,0.000,5.528,4.500,-4.707
27.6007,0.0079,0.0006,0.000,5.528,4.500,-4.707
27.6079,0.0072,0.0005,0.000,5.529,4.500,-4.707
27.6177,0.0099,0.0007,0.000,5.529,4.500,-4.706
27.6267,0.0090,0.0006,0.000,5.530,4.500,-4.706
27.6361,0.0094,0.0006,0.000,5.530,4.500,-4.705
27.6447,0.0086,0.0005,0.000,5.530,4.500,-4.705
27.6525,0.0077,0.0005,0.000,5.531,4.500,-4.705
27.6594,0.0069,0.0004,0.000,5.531,4.500,-4.704
27.6670,0.0076,0.0004,0.000,5.531,4.500,-4.704
27.6764,0.0094,0.0005,0.000,5.532,4.500,-4.704
27.6841,0.0076,0.0004,0.000,5.532,4.500,-4.704
27.6937,0.0097,0.0004,0.000,5.532,4.500,-4.703
27.7019,0.0082,0.0003,0.000,5.533,4.500,-4.703
27.7123,0.0103,0.0004,0.000,5.533,4.500,-4.703
27.7201,0.0079,0.0003,0.000,5.533,4.500,-4.702
27.7269,0.0068,0.0002,0.000,5.533,4.500,-4.702
27.7359,0.0090,0.0002,0.000,5.533,4.500,-4.702
27.7445,0.0086,0.0002,0.000,5.533,4.500,-4.702
27.7537,0.0092,0.0002,0.000,5.534,4.500,-4.702
27.7630,0.0093,0.0001,0.000,5.534,4.500,-4.702
27.7731,0.0100,0.0001,0.000,5.534,4.500,-4.702
27.7817,0.0086,0.0001,0.000,5.534,4.500,-4.702
27.7927,0.0110,0.0001,0.000,5.534,4.500,-4.702
27.8019,0.0093,0.0001,0.000,5.534,4.500,-4.702
27.8192,0.0173,0.0001,0.000,5.534,4.500,-4.702
27.8315,0.0123,0.0001,0.000,5.534,4.500,-4.702
27.8558,0.0243,0.0002,0.000,5.534,4.500,-4.702
27.8684,0.0127,0.0001,0.000,5.534,4.500,-4.702
27.8807,0.0123,0.0001,0.000,5.534,4.500,-4.702
27.8898,0.0091,0.0001,0.000,5.534,4.500,-4.702
27.9009,0.0111,0.0001,0.000,5.534,4.500,-4.702
27.9124,0.0115,0.0002,0.000,5.534,4.500,-4.703
27.9213,0.0089,0.0001,0.000,5.534,4.500,-4.703
27.9325,0.0112,0.0002,0.000,5.534,4.500,-4.703
27.9406,0.0081,0.0072,0.000,5.529,4.500,-4.708
27.9494,0.0088,0.0079,0.000,5.523,4.500,-4.714
27.9607,0.0113,0.0100,0.000,5.516,4.499,-4.721
27.9688,0.0081,0.0072,0.000,5.510,4.499,-4.725
27.9802,0.0114,0.0099,0.000,5.503,4.498,-4.731
27.9881,0.0079,0.0069,0.000,5.497,4.498,-4.735
27.9991,0.0110,0.0096,0.000,5.488,4.496,-4.739
28.0071,0.0080,0.0070,0.000,5.482,4.495,-4.742
28.0181,0.0109,0.0097,0.000,5.474,4.493,-4.746
28.0256,0.0075,0.0067,0.000,5.467,4.491,-4.748
28.0357,0.0102,0.0092,0.000,5.459,4.489,-4.751
28.0432,0.0075,0.0069,0.000,5.452,4.487,-4.753
28.0539,0.0106,0.0100,0.000,5.443,4.484,-4.754
28.0626,0.0087,0.0084,0.000,5.435,4.482,-4.756
28.0737,0.0111,0.0109,0.000,5.425,4.478,-4.757
28.0819,0.0082,0.0083,0.000,5.417,4.475,-4.757
28.0933,0.0114,0.0118,0.000,5.406,4.471,-4.757
28.1012,0.0079,0.0083,0.000,5.399,4.468,-4.757
28.1131,0.0119,0.0129,0.000,5.387,4.462,-4.756
28.1208,0.0078,0.0086,0.000,5.379,4.459,-4.755
28.1279,0.0071,0.0081,0.000,5.372,4.455,-4.754
28.1386,0.0106,0.0124,0.000,5.361,4.450,-4.752
28.1465,0.0079,0.0095,0.000,5.352,4.446,-4.751
28.1562,0.0097,0.0118,0.000,5.342,4.441,-4.748
28.1639,0.0077,0.0096,0.000,5.334,4.436,-4.746
28.1756,0.0117,0.0150,0.000,5.321,4.429,-4.742
28.1843,0.0087,0.0115,0.000,5.311,4.424,-4.739
28.1960,0.0117,0.0158,0.000,5.298,4.417,-4.735
28.2054,0.0093,0.0129,0.000,5.288,4.410,-4.730
28.2143,0.0090,0.0126,0.000,5.277,4.404,-4.726
28.2216,0.0072,0.0104,0.000,5.269,4.399,-4.723
28.2346,0.0130,0.0191,0.000,5.254,4.390,-4.716
28.2443,0.0098,0.0147,0.000,5.243,4.382,-4.710
28.2559,0.0116,0.0178,0.000,5.229,4.373,-4.703
28.2653,0.0094,0.0147,0.000,5.218,4.366,-4.697
28.2757,0.0104,0.0167,0.000,5.205,4.357,-4.690
28.2838,0.0081,0.0132,0.000,5.196,4.351,-4.684
28.2964,0.0126,0.0210,0.000,5.180,4.340,-4.675
28.3057,0.0093,0.0158,0.000,5.169,4.332,-4.668
28.3165,0.0108,0.0186,0.000,5.156,4.322,-4.659
28.3264,0.0099,0.0174,0.000,5.144,4.313,-4.650
28.3380,0.0116,0.0208,0.000,5.129,4.301,-4.640
28.3486,0.0105,0.0192,0.000,5.116,4.291,-4.631
28.3609,0.0123,0.0228,0.000,5.101,4.279,-4.619
28.3739,0.0130,0.0247,0.000,5.085,4.266,-4.606
28.3843,0.0103,0.0199,0.000,5.072,4.255,-4.596
28.3977,0.0134,0.0262,0.000,5.055,4.241,-4.581
28.4085,0.0108,0.0216,0.000,5.041,4.229,-4.569
28.4223,0.0138,0.0281,0.000,5.023,4.213,-4.554
28.4370,0.0146,0.0303,0.000,5.005,4.197,-4.537
28.4478,0.0108,0.0229,0.000,4.991,4.184,-4.523
28.4580,0.0102,0.0218,0.000,4.978,4.172,-4.511
28.4673,0.0093,0.0202,0.000,4.966,4.161,-4.499
28.4776,0.0104,0.0227,0.000,4.953,4.149,-4.485
28.4851,0.0075,0.0166,0.000,4.943,4.139,-4.475
28.4954,0.0103,0.0231,0.000,4.930,4.127,-4.461
28.5042,0.0088,0.0199,0.000,4.919,4.116,-4.449
28.5144,0.0102,0.0233,0.000,4.906,4.103,-4.435
28.5230,0.0087,0.0201,0.000,4.894,4.092,-4.423
28.5329,0.0099,0.0232,0.000,4.882,4.079,-4.408
28.5408,0.0079,0.0188,0.000,4.871,4.068,-4.396
28.5492,0.0084,0.0204,0.000,4.861,4.057,-4.383
28.5588,0.0096,0.0242,0.000,4.848,4.044,-4.367
28.5656,0.0068,0.0175,0.000,4.840,4.035,-4.355
28.5743,0.0087,0.0229,0.000,4.828,4.023,-4.339
28.5821,0.0079,0.0212,0.000,4.818,4.012,-4.323
28.5931,0.0109,0.0311,0.000,4.803,3.997,-4.301
28.6022,0.0092,0.0271,0.000,4.789,3.984,-4.282
28.6124,0.0102,0.0314,0.000,4.773,3.970,-4.259
28.6204,0.0080,0.0252,0.000,4.760,3.959,-4.241
28.6286,0.0081,0.0264,0.000,4.746,3.947,-4.222
28.6384,0.0099,0.0329,0.000,4.728,3.932,-4.198
28.6466,0.0082,0.0279,0.000,4.713,3.920,-4.178
28.6576,0.0110,0.0385,0.000,4.692,3.904,-4.150
28.6652,0.0075,0.0267,0.000,4.677,3.893,-4.131
28.6739,0.0087,0.0312,0.000,4.660,3.880,-4.108
28.6817,0.0078,0.0282,0.000,4.645,3.868,-4.087
28.6914,0.0098,0.0359,0.000,4.625,3.853,-4.061
28.6989,0.0074,0.0276,0.000,4.610,3.842,-4.041
28.7067,0.0078,0.0292,0.000,4.594,3.830,-4.020
28.7155,0.0089,0.0333,0.000,4.576,3.816,-3.996
28.7219,0.0064,0.0241,0.000,4.563,3.806,-3.978
28.7312,0.0092,0.0352,0.000,4.544,3.792,-3.952
28.7386,0.0075,0.0285,0.000,4.528,3.780,-3.931
28.7454,0.0068,0.0261,0.000,4.514,3.769,-3.912
28.7539,0.0084,0.0324,0.000,4.497,3.756,-3.888
28.7609,0.0070,0.0268,0.000,4.482,3.745,-3.869
28.7699,0.0091,0.0350,0.000,4.463,3.730,-3.843
28.7778,0.0079,0.0306,0.000,4.447,3.718,-3.820
28.7859,0.0080,0.0311,0.000,4.431,3.705,-3.797
28.7956,0.0098,0.0379,0.000,4.411,3.689,-3.769
28.8029,0.0073,0.0281,0.000,4.396,3.677,-3.749
28.8125,0.0096,0.0371,0.000,4.377,3.661,-3.721
28.8190,0.0066,0.0254,0.000,4.364,3.650,-3.702
28.8263,0.0073,0.0281,0.000,4.349,3.638,-3.681
28.8346,0.0083,0.0321,0.000,4.333,3.624,-3.657
28.8416,0.0070,0.0269,0.000,4.319,3.612,-3.637
28.8534,0.0118,0.0454,0.000,4.296,3.593,-3.604
28.8602,0.0069,0.0263,0.000,4.283,3.581,-3.584
28.8669,0.0067,0.0255,0.000,4.271,3.570,-3.565
28.8786,0.0117,0.0450,0.000,4.249,3.550,-3.531
28.8881,0.0094,0.0360,0.000,4.231,3.534,-3.504
28.8977,0.0096,0.0365,0.000,4.214,3.517,-3.477
28.9066,0.0090,0.0339,0.000,4.197,3.502,-3.451
28.9163,0.0097,0.0365,0.000,4.180,3.485,-3.424
28.9243,0.0080,0.0301,0.000,4.166,3.471,-3.401
28.9331,0.0088,0.0329,0.000,4.151,3.456,-3.376
28.9404,0.0073,0.0272,0.000,4.139,3.443,-3.355
28.9472,0.0069,0.0256,0.000,4.127,3.431,-3.336
28.9564,0.0092,0.0341,0.000,4.112,3.415,-3.310
28.9635,0.0071,0.0262,0.000,4.100,3.403,-3.290
28.9715,0.0079,0.0293,0.000,4.087,3.389,-3.268
28.9792,0.0078,0.0286,0.000,4.075,3.375,-3.246
28.9863,0.0070,0.0257,0.000,4.064,3.363,-3.226
28.9955,0.0093,0.0339,0.000,4.049,3.346,-3.200
29.0026,0.0071,0.0258,0.000,4.039,3.334,-3.181
29.0123,0.0097,0.0350,0.000,4.024,3.317,-3.154
29.0201,0.0078,0.0283,0.000,4.012,3.303,-3.132
29.0274,0.0072,0.0261,0.000,4.002,3.290,-3.112
29.0359,0.0085,0.5997,0.517,4.435,3.274,-2.698
29.0456,0.0097,0.0326,0.584,4.422,3.257,-2.673
29.0555,0.0099,0.0330,0.561,4.409,3.239,-2.649
29.0627,0.0071,0.0235,0.382,4.401,3.226,-2.631
29.0732,0.0105,0.0345,0.535,4.389,3.207,-2.605
29.0824,0.0092,0.0300,0.446,4.379,3.190,-2.582
29.0914,0.0090,0.0293,0.419,4.369,3.173,-2.560
29.0989,0.0075,0.0244,0.333,4.362,3.159,-2.541
29.1072,0.0083,0.0270,0.356,4.354,3.144,-2.521
29.1160,0.0088,0.0287,0.365,4.346,3.128,-2.499
29.1235,0.0075,0.0246,0.304,4.339,3.113,-2.479
29.1324,0.0089,0.0290,0.345,4.332,3.097,-2.457
29.1396,0.0072,0.0239,0.277,4.326,3.083,-2.438
29.1463,0.0067,0.0220,0.250,4.321,3.071,-2.421
29.1557,0.0094,0.0313,0.345,4.313,3.053,-2.396
29.1614,0.0057,0.0189,0.206,4.309,3.042,-2.381
29.1702,0.0089,0.0296,0.317,4.302,3.026,-2.358
29.1774,0.0072,0.0241,0.253,4.297,3.012,-2.338
29.1847,0.0073,0.0246,0.259,4.292,2.998,-2.319
29.1931,0.0085,0.0288,0.299,4.286,2.982,-2.295
29.2010,0.0079,0.0271,0.274,4.280,2.967,-2.273
29.2101,0.0091,0.0314,0.314,4.274,2.950,-2.248
29.2163,0.0062,0.0216,0.217,4.270,2.939,-2.230
29.2238,0.0075,0.0261,0.256,4.265,2.924,-2.209
29.2313,0.0075,0.0264,0.256,4.260,2.910,-2.187
29.2387,0.0074,0.0261,0.253,4.255,2.896,-2.165
29.2453,0.0066,0.0236,0.231,4.251,2.884,-2.146
29.2529,0.0076,0.0271,0.265,4.246,2.870,-2.123
29.2596,0.0067,0.0241,0.231,4.242,2.857,-2.103
29.2669,0.0073,0.0265,0.256,4.238,2.843,-2.081
29.2764,0.0095,0.0345,0.336,4.232,2.826,-2.052
29.2831,0.0068,0.0248,0.244,4.228,2.813,-2.031
29.2924,0.0093,0.0344,0.336,4.223,2.796,-2.002
29.2995,0.0070,0.0262,0.259,4.219,2.783,-1.979
29.3057,0.0062,0.0232,0.231,4.215,2.771,-1.959
29.3143,0.0086,0.0323,0.321,4.210,2.755,-1.932
29.3213,0.0070,0.0263,0.268,4.206,2.743,-1.909
29.3294,0.0081,0.0309,0.317,4.202,2.728,-1.882
29.3361,0.0067,0.0256,0.262,4.198,2.715,-1.860
29.3427,0.0065,0.0250,0.256,4.195,2.703,-1.838
29.3507,0.0080,0.0309,0.319,4.191,2.689,-1.812
29.3576,0.0069,0.0265,0.274,4.187,2.677,-1.788
29.3641,0.0066,0.0255,0.265,4.184,2.665,-1.766
29.3729,0.0087,0.0341,0.356,4.179,2.649,-1.736
29.3804,0.0075,0.0295,0.312,4.176,2.636,-1.710
29.3874,0.0070,0.0274,0.293,4.172,2.623,-1.686
29.3970,0.0097,0.0381,0.409,4.168,2.606,-1.652
29.4042,0.0071,0.0282,0.304,4.165,2.594,-1.627
29.4119,0.0077,0.0308,0.338,4.161,2.581,-1.599
29.4186,0.0067,0.0267,0.293,4.158,2.569,-1.575
29.4258,0.0072,0.0289,0.319,4.155,2.557,-1.550
29.4337,0.0079,0.0318,0.358,4.152,2.543,-1.521
29.4410,0.0072,0.0292,0.326,4.149,2.531,-1.495
29.4502,0.0092,0.0372,0.426,4.145,2.515,-1.461
29.4566,0.0064,0.0261,0.299,4.143,2.505,-1.437
29.4644,0.0078,0.0316,0.365,4.140,2.492,-1.409
29.4738,0.0094,0.0381,0.453,4.137,2.476,-1.374
29.4812,0.0074,0.0302,0.358,4.134,2.464,-1.346
29.4900,0.0088,0.0358,0.430,4.132,2.450,-1.314
29.4971,0.0071,0.0293,0.354,4.129,2.439,-1.287
29.5044,0.0073,0.0297,0.367,4.127,2.427,-1.259
29.5131,0.0087,0.0359,0.444,4.125,2.413,-1.226
29.5215,0.0084,0.0345,0.428,4.123,2.400,-1.194
29.5322,0.0107,0.0442,0.558,4.120,2.384,-1.154
29.5382,0.0060,0.0246,0.312,4.119,2.375,-1.131
29.5464,0.0082,0.0338,0.435,4.117,2.362,-1.099
29.5572,0.0109,0.0448,0.583,4.115,2.346,-1.058
29.5653,0.0080,0.0331,0.435,4.113,2.334,-1.027
29.5739,0.0087,0.0358,0.475,4.112,2.322,-0.993
29.5811,0.0071,0.0295,0.394,4.111,2.312,-0.966
29.5908,0.0098,0.0403,0.542,4.110,2.298,-0.928
29.5988,0.0080,0.0331,0.451,4.109,2.287,-0.896
29.6069,0.0080,0.0332,0.458,4.108,2.276,-0.865
29.6168,0.0099,0.0410,0.568,4.107,2.262,-0.826
29.6260,0.0092,0.0378,0.528,4.107,2.250,-0.791
29.6353,0.0093,0.0384,0.540,4.107,2.238,-0.754
29.6414,0.0062,0.0254,0.358,4.107,2.230,-0.730
29.6522,0.0108,0.0443,0.631,4.107,2.216,-0.688
29.6598,0.0076,0.0313,0.449,4.107,2.206,-0.658
29.6663,0.0065,0.0268,0.384,4.107,2.198,-0.633
29.6765,0.0102,0.0417,0.604,4.108,2.186,-0.593
29.6834,0.0069,0.0285,0.415,4.109,2.177,-0.566
29.6919,0.0084,0.0345,0.505,4.110,2.168,-0.533
29.7003,0.0084,0.0343,0.504,4.111,2.158,-0.500
29.7068,0.0065,0.0266,0.392,4.111,2.150,-0.474
29.7177,0.0109,0.0442,0.656,4.113,2.138,-0.432
29.7290,0.0114,0.0460,0.690,4.115,2.126,-0.388
29.7384,0.0094,0.0379,0.571,4.117,2.116,-0.351
29.7463,0.0079,0.0320,0.483,4.119,2.108,-0.320
29.7563,0.0100,0.0403,0.609,4.122,2.098,-0.281
29.7631,0.0067,0.0269,0.409,4.124,2.091,-0.255
29.7721,0.0091,0.0363,0.552,4.126,2.082,-0.220
29.7809,0.0087,0.0349,0.534,4.129,2.074,-0.186
29.7900,0.0091,0.0364,0.557,4.132,2.065,-0.151
29.7960,0.0060,0.0237,0.363,4.134,2.060,-0.128
29.8041,0.0082,0.0323,0.497,4.137,2.053,-0.097
29.8125,0.0083,0.0329,0.504,4.141,2.045,-0.065
29.8195,0.0070,0.0275,0.421,4.144,2.039,-0.038
29.8269,0.0075,0.0293,0.449,4.147,2.033,-0.010
29.8365,0.0096,0.0376,0.580,4.151,2.026,0.027
29.8451,0.0085,0.0332,0.511,4.155,2.019,0.059
29.8558,0.0108,0.0418,0.639,4.160,2.011,0.100
29.8635,0.0077,0.0296,0.455,4.164,2.005,0.129
29.8728,0.0093,0.0357,0.547,4.169,1.999,0.163
29.8825,0.0097,0.0372,0.571,4.175,1.992,0.200
29.8929,0.0104,0.0398,0.609,4.181,1.985,0.238
29.9007,0.0078,0.0296,0.449,4.186,1.980,0.267
29.9085,0.0078,0.0297,0.451,4.191,1.976,0.296
29.9176,0.0091,0.0344,0.520,4.196,1.970,0.330
29.9243,0.0067,0.0250,0.377,4.201,1.967,0.354
29.9337,0.0094,0.0353,0.531,4.207,1.962,0.388
29.9427,0.0091,0.0338,0.507,4.214,1.957,0.421
29.9535,0.0108,0.0401,0.596,4.221,1.952,0.460
29.9612,0.0076,0.0282,0.417,4.227,1.948,0.487
29.9699,0.0088,0.0324,0.476,4.234,1.944,0.519
29.9778,0.0079,0.0289,0.424,4.240,1.941,0.547
29.9868,0.0090,0.0330,0.481,4.247,1.937,0.579
29.9950,0.0082,0.0296,0.428,4.254,1.934,0.608
30.0007,0.0057,0.0207,0.301,4.259,1.932,0.628
30.0082,0.0075,0.0270,0.390,4.265,1.930,0.654
30.0171,0.0089,0.0320,0.458,4.273,1.927,0.685
30.0233,0.0062,0.0222,0.319,4.278,1.925,0.706
30.0320,0.0087,0.0311,0.441,4.286,1.922,0.736
30.0401,0.0082,0.0291,0.409,4.293,1.920,0.764
30.0472,0.0071,0.0250,0.349,4.300,1.919,0.788
30.0561,0.0088,0.0312,0.432,4.308,1.917,0.818
30.0622,0.0062,0.0217,0.299,4.314,1.915,0.839
30.0708,0.0086,0.0300,0.409,4.323,1.914,0.868
30.0777,0.0069,0.0240,0.329,4.330,1.913,0.891
30.0855,0.0078,0.0271,0.363,4.337,1.912,0.917
30.0943,0.0088,0.0305,0.407,4.346,1.911,0.946
30.1028,0.0085,0.0292,0.384,4.355,1.910,0.974
30.1121,0.0093,0.0320,0.417,4.365,1.909,1.004
30.1198,0.0078,0.0265,0.340,4.373,1.908,1.029
30.1270,0.0072,0.0245,0.317,4.381,1.908,1.052
30.1361,0.0091,0.0308,0.390,4.391,1.908,1.081
30.1440,0.0079,0.0266,0.336,4.400,1.908,1.107
30.1542,0.0102,0.0344,0.430,4.412,1.908,1.139
30.1610,0.0067,0.0225,0.285,4.419,1.908,1.160
30.1696,0.0087,0.0288,0.356,4.429,1.909,1.187
30.1764,0.0068,0.0226,0.280,4.437,1.909,1.208
30.1844,0.0080,0.0263,0.314,4.447,1.910,1.233
30.1939,0.0095,0.0312,0.367,4.458,1.911,1.262
30.2035,0.0097,0.0317,0.369,4.470,1.912,1.291
30.2499,0.0464,0.1503,1.677,4.530,1.920,1.429
30.2665,0.0166,0.0529,0.568,4.551,1.925,1.477
30.2794,0.0129,0.0407,0.428,4.568,1.928,1.514
30.2879,0.0085,0.0266,0.280,4.579,1.931,1.538
30.2980,0.0101,0.0317,0.321,4.593,1.934,1.567
30.3069,0.0089,0.0277,0.280,4.605,1.937,1.591
30.3160,0.0091,0.0283,0.280,4.617,1.940,1.617
30.3240,0.0080,0.0247,0.241,4.628,1.943,1.638
30.3332,0.0092,0.0283,0.268,4.641,1.946,1.664
30.3409,0.0077,0.0237,0.220,4.652,1.949,1.684
30.3503,0.0094,0.0286,0.262,4.665,1.953,1.710
30.3578,0.0075,0.0228,0.217,4.675,1.956,1.730
30.3641,0.0063,0.0190,0.177,4.684,1.958,1.746
30.3724,0.0083,0.0251,0.231,4.696,1.962,1.768
30.3802,0.0078,0.0236,0.209,4.707,1.965,1.789
30.3869,0.0067,0.0201,0.172,4.716,1.968,1.806
30.3958,0.0089,0.0267,0.224,4.729,1.972,1.829
30.4054,0.0096,0.0285,0.241,4.743,1.977,1.854
30.4136,0.0083,0.0245,0.209,4.755,1.981,1.875
30.4210,0.0073,0.0217,0.186,4.766,1.985,1.893
30.4318,0.0109,0.0320,0.265,4.782,1.990,1.921
30.4392,0.0074,0.0216,0.177,4.792,1.994,1.939
30.4465,0.0073,0.0215,0.172,4.803,1.998,1.957
30.4563,0.0098,0.0286,0.220,4.818,2.003,1.981
30.4645,0.0082,0.0238,0.186,4.830,2.007,2.001
30.4752,0.0107,0.0310,0.237,4.845,2.013,2.027
30.4832,0.0080,0.0232,0.181,4.857,2.017,2.047
30.4951,0.0119,0.0344,0.259,4.874,2.024,2.076
30.5041,0.0090,0.0261,0.202,4.887,2.028,2.098
30.5149,0.0108,0.0311,0.231,4.903,2.034,2.124
30.5234,0.0084,0.0241,0.186,4.915,2.038,2.144
30.5354,0.0120,0.0343,0.247,4.933,2.045,2.173
30.5433,0.0079,0.0224,0.168,4.944,2.049,2.192
30.5521,0.0088,0.0251,0.186,4.957,2.053,2.214
30.5589,0.0068,0.0191,0.000,4.966,2.057,2.230
30.5659,0.0070,0.0198,0.000,4.976,2.060,2.246
30.5755,0.0096,0.0272,0.186,4.990,2.065,2.269
30.5823,0.0068,0.0192,0.000,5.000,2.069,2.285
30.5922,0.0099,0.0277,0.186,5.014,2.074,2.309
30.5989,0.0067,0.0186,0.000,5.023,2.077,2.324
30.6059,0.0070,0.0194,0.000,5.033,2.081,2.341
30.6145,0.0086,0.0239,0.168,5.045,2.085,2.361
30.6209,0.0064,0.0177,0.000,5.054,2.088,2.376
30.6298,0.0089,0.0244,0.168,5.066,2.093,2.397
30.6364,0.0066,0.0182,0.000,5.075,2.096,2.412
30.6427,0.0063,0.0171,0.000,5.084,2.099,2.426
30.6565,0.0138,0.0376,0.244,5.103,2.106,2.458
30.6677,0.0112,0.0302,0.190,5.118,2.112,2.484
30.6760,0.0083,0.0224,0.000,5.130,2.116,2.502
30.6831,0.0070,0.0188,0.000,5.139,2.119,2.518
30.6925,0.0095,0.0252,0.163,5.152,2.124,2.540
30.6995,0.0070,0.0184,0.000,5.161,2.127,2.555
30.7059,0.0064,0.0170,0.000,5.170,2.130,2.570
30.7161,0.0102,0.0267,0.168,5.183,2.135,2.592
30.7231,0.0070,0.0184,0.000,5.192,2.138,2.608
30.7333,0.0102,0.0266,0.163,5.206,2.143,2.630
30.7420,0.0086,0.0223,0.000,5.217,2.147,2.649
30.7509,0.0090,0.0231,0.000,5.229,2.151,2.668
30.7580,0.0071,0.0180,0.000,5.238,2.155,2.683
30.7674,0.0094,0.0238,0.000,5.250,2.159,2.704
30.7776,0.0102,0.0258,0.000,5.263,2.164,2.725
30.7846,0.0071,0.0177,0.000,5.272,2.167,2.740
30.7935,0.0089,0.0221,0.000,5.283,2.171,2.759
30.8024,0.0088,0.0219,0.000,5.294,2.175,2.777
30.8113,0.0090,0.0220,0.000,5.305,2.179,2.796
30.8212,0.0099,0.0242,0.000,5.317,2.183,2.816
30.8312,0.0100,0.0241,0.000,5.329,2.188,2.837
30.8385,0.0073,0.0175,0.000,5.338,2.191,2.851
30.8464,0.0079,0.0187,0.000,5.348,2.194,2.867
30.8549,0.0086,0.0202,0.000,5.358,2.198,2.884
30.8616,0.0067,0.0158,0.000,5.366,2.201,2.898
30.8707,0.0090,0.0211,0.000,5.376,2.205,2.916
30.8769,0.0062,0.0145,0.000,5.384,2.207,2.928
30.8840,0.0071,0.0163,0.000,5.392,2.210,2.941
30.8942,0.0102,0.0232,0.000,5.404,2.215,2.961
30.9011,0.0070,0.0158,0.000,5.412,2.217,2.974
30.9102,0.0091,0.0203,0.000,5.422,2.221,2.991
30.9170,0.0068,0.0152,0.000,5.430,2.224,3.004
30.9249,0.0078,0.0173,0.000,5.438,2.227,3.019
30.9341,0.0092,0.0201,0.000,5.448,2.231,3.036
30.9425,0.0085,0.0183,0.000,5.458,2.234,3.051
30.9517,0.0091,0.0195,0.000,5.468,2.238,3.068
30.9584,0.0067,0.0142,0.000,5.475,2.240,3.080
30.9667,0.0083,0.0175,0.000,5.483,2.243,3.095
30.9772,0.0105,0.0219,0.000,5.495,2.247,3.113
30.9841,0.0069,0.0141,0.000,5.502,2.250,3.125
30.9920,0.0080,0.0162,0.000,5.510,2.253,3.139
30.9982,0.0062,0.0124,0.000,5.516,2.255,3.149
31.0043,0.0061,0.0122,0.000,5.522,2.257,3.159
31.0133,0.0090,0.0179,0.000,5.531,2.261,3.175
31.0208,0.0074,0.0145,0.000,5.539,2.263,3.187
31.0272,0.0064,0.0124,0.000,5.545,2.265,3.197
31.0366,0.0094,0.0180,0.000,5.554,2.269,3.212
31.0500,0.0134,0.0253,0.000,5.567,2.273,3.234
31.0627,0.0128,0.0236,0.000,5.579,2.278,3.254
31.0740,0.0112,0.0203,0.000,5.589,2.281,3.271
31.0807,0.0067,0.0120,0.000,5.595,2.283,3.281
31.0872,0.0065,0.0115,0.000,5.601,2.286,3.291
31.0964,0.0092,0.0160,0.000,5.609,2.288,3.304
31.1052,0.0088,0.0150,0.000,5.616,2.291,3.317
31.1138,0.0086,0.0146,0.000,5.624,2.294,3.329
31.1213,0.0075,0.0124,0.000,5.630,2.296,3.339
31.1305,0.0092,0.0150,0.000,5.638,2.299,3.352
31.1369,0.0064,0.0103,0.000,5.643,2.301,3.361
31.1451,0.0082,0.0131,0.000,5.650,2.303,3.372
31.1543,0.0092,0.0143,0.000,5.657,2.306,3.384
31.1619,0.0076,0.0116,0.000,5.663,2.308,3.394
31.1717,0.0099,0.0148,0.000,5.670,2.310,3.406
31.1794,0.0077,0.0113,0.000,5.676,2.312,3.416
31.1858,0.0064,0.0093,0.000,5.681,2.314,3.423
31.1947,0.0088,0.0126,0.000,5.687,2.316,3.434
31.2020,0.0073,0.0102,0.000,5.692,2.318,3.442
31.2282,0.0263,0.0351,0.000,5.710,2.325,3.472
31.2429,0.0147,0.0185,0.000,5.720,2.328,3.487
31.2519,0.0090,0.0109,0.000,5.725,2.330,3.497
31.2588,0.0069,0.0082,0.000,5.729,2.331,3.504
31.2655,0.0067,0.0078,0.000,5.733,2.333,3.510
31.2736,0.0082,0.0093,0.000,5.738,2.335,3.518
31.2803,0.0066,0.0074,0.000,5.742,2.336,3.524
31.2883,0.0080,0.0086,0.000,5.746,2.337,3.531
31.2970,0.0088,0.0092,0.000,5.751,2.339,3.539
31.3051,0.0081,0.0083,0.000,5.755,2.341,3.546
31.3146,0.0095,0.0094,0.000,5.760,2.342,3.554
31.3229,0.0082,0.0078,0.000,5.764,2.344,3.560
31.3318,0.0089,0.0082,0.000,5.768,2.345,3.567
31.3395,0.0077,0.0068,0.000,5.772,2.346,3.573
31.3459,0.0064,0.0055,0.000,5.775,2.347,3.577
31.3538,0.0079,0.0066,0.000,5.778,2.349,3.583
31.3601,0.0063,0.0050,0.000,5.781,2.349,3.587
31.3666,0.0065,0.0050,0.000,5.784,2.350,3.591
31.3747,0.0081,0.0060,0.000,5.787,2.351,3.596
31.3814,0.0067,0.0048,0.000,5.789,2.352,3.600
31.3905,0.0091,0.0062,0.000,5.793,2.353,3.605
31.3975,0.0069,0.0045,0.000,5.795,2.354,3.609
31.4052,0.0077,0.0048,0.000,5.797,2.355,3.613
31.4135,0.0083,0.0048,0.000,5.800,2.356,3.617
31.4198,0.0064,0.0035,0.000,5.802,2.357,3.620
31.4264,0.0065,0.0034,0.000,5.804,2.357,3.623
31.4348,0.0084,0.0042,0.000,5.806,2.358,3.626
31.4410,0.0062,0.0029,0.000,5.808,2.358,3.628
31.4504,0.0094,0.0040,0.000,5.810,2.359,3.632
31.4583,0.0079,0.0031,0.000,5.812,2.360,3.634
31.4698,0.0115,0.0040,0.000,5.814,2.360,3.637
31.4786,0.0088,0.0027,0.000,5.815,2.361,3.640
31.4855,0.0069,0.0018,0.000,5.816,2.361,3.641
31.4947,0.0092,0.0021,0.000,5.818,2.361,3.643
31.5015,0.0067,0.0013,0.000,5.819,2.362,3.644
31.5103,0.0089,0.0014,0.000,5.820,2.362,3.645
31.5170,0.0067,0.0008,0.000,5.820,2.362,3.645
31.5257,0.0087,0.0008,0.000,5.821,2.362,3.646
31.5341,0.0085,0.0005,0.000,5.821,2.362,3.646
31.5432,0.0091,0.0004,0.000,5.822,2.362,3.646
31.5567,0.0135,105.1665,120.541,103.307,2.200,-35.807
31.5692,0.0124,0.0000,0.000,103.307,2.200,-35.807
31.5787,0.0095,0.0000,0.000,103.307,2.200,-35.807
31.5860,0.0073,0.0000,0.000,103.307,2.200,-35.807
31.5946,0.0086,0.0000,0.000,103.307,2.200,-35.807
31.6015,0.0069,0.0000,0.000,103.307,2.200,-35.807
31.6118,0.0103,0.0000,0.000,103.307,2.200,-35.807
31.6192,0.0074,0.0000,0.000,103.307,2.200,-35.807
31.6258,0.0065,0.0000,0.000,103.307,2.200,-35.807
31.6345,0.0087,0.0000,0.000,103.307,2.200,-35.807
31.6416,0.0071,0.0000,0.000,103.307,2.200,-35.807
31.6501,0.0085,0.0000,0.000,103.307,2.200,-35.807
31.6578,0.0077,0.0000,0.000,103.307,2.200,-35.807
31.6655,0.0077,0.0000,0.000,103.307,2.200,-35.807
31.6753,0.0098,0.0000,0.000,103.307,2.200,-35.807
31.6871,0.0118,0.0000,0.000,103.307,2.200,-35.807
31.6967,0.0097,0.0000,0.000,103.307,2.200,-35.807
31.7038,0.0070,0.0000,0.000,103.307,2.200,-35.807
31.7123,0.0085,0.0000,0.000,103.307,2.200,-35.807
31.7197,0.0074,0.0000,0.000,103.307,2.200,-35.807
31.7264,0.0067,0.0000,0.000,103.307,2.200,-35.807
31.7364,0.0101,0.0000,0.000,103.307,2.200,-35.807
31.7436,0.0071,0.0000,0.000,103.307,2.200,-35.807
31.7527,0.0091,0.0000,0.000,103.307,2.200,-35.807
31.7616,0.0090,0.0000,0.000,103.307,2.200,-35.807
31.7719,0.0103,0.0000,0.000,103.307,2.200,-35.807
31.7798,0.0079,0.0000,0.000,103.307,2.200,-35.807
31.7881,0.0083,0.0000,0.000,103.307,2.200,-35.807
31.7981,0.0099,0.0000,0.000,103.307,2.200,-35.807
31.8059,0.0078,0.0000,0.000,103.307,2.200,-35.807
31.8163,0.0105,0.0000,0.000,103.307,2.200,-35.807
31.8231,0.0068,0.0000,0.000,103.307,2.200,-35.807
31.8327,0.0096,0.0000,0.000,103.307,2.200,-35.807
31.8404,0.0077,0.0000,0.000,103.307,2.200,-35.807
31.8475,0.0071,0.0000,0.000,103.307,2.200,-35.807
31.8563,0.0088,0.0000,0.000,103.307,2.200,-35.807
31.8652,0.0089,0.0000,0.000,103.307,2.200,-35.807
31.8772,0.0120,0.0000,0.000,103.307,2.200,-35.807
31.8857,0.0085,0.0000,0.000,103.307,2.200,-35.807
31.8972,0.0115,0.0000,0.000,103.307,2.200,-35.807
31.9097,0.0125,0.0000,0.000,103.307,2.200,-35.807
31.9224,0.0126,0.0000,0.000,103.307,2.200,-35.807
31.9335,0.0112,0.0000,0.000,103.307,2.200,-35.807
31.9400,0.0065,0.0000,0.000,103.307,2.200,-35.807
31.9466,0.0066,0.0000,0.000,103.307,2.200,-35.807
31.9573,0.0107,0.0000,0.000,103.307,2.200,-35.807
31.9655,0.0082,0.0000,0.000,103.307,2.200,-35.807
31.9743,0.0088,0.0000,0.000,103.307,2.200,-35.807
31.9841,0.0098,0.0000,0.000,103.307,2.200,-35.807
31.9940,0.0099,0.0000,0.000,103.307,2.200,-35.807
32.0028,0.0088,0.0000,0.000,103.307,2.200,-35.807
32.0141,0.0113,0.0000,0.000,103.307,2.200,-35.807
32.0218,0.0076,0.0000,0.000,103.307,2.200,-35.807
32.0311,0.0093,0.0000,0.000,103.307,2.200,-35.807
32.0401,0.0090,0.0000,0.000,103.307,2.200,-35.807
32.0474,0.0073,0.0000,0.000,103.307,2.200,-35.807
32.0565,0.0091,0.0000,0.000,103.307,2.200,-35.807
32.0650,0.0085,0.0000,0.000,103.307,2.200,-35.807
32.0732,0.0082,0.0000,0.000,103.307,2.200,-35.807
32.0799,0.0067,0.0000,0.000,103.307,2.200,-35.807
32.0871,0.0072,0.0000,0.000,103.307,2.200,-35.807
32.0971,0.0100,0.0000,0.000,103.307,2.200,-35.807
32.1038,0.0067,0.0000,0.000,103.307,2.200,-35.807
32.1135,0.0097,0.0000,0.000,103.307,2.200,-35.807
32.1225,0.0090,0.0000,0.000,103.307,2.200,-35.807
32.1332,0.0108,0.0000,0.000,103.307,2.200,-35.807
32.1420,0.0088,0.0000,0.000,103.307,2.200,-35.807
32.1513,0.0093,0.0000,0.000,103.307,2.200,-35.807
32.1579,0.0066,0.0000,0.000,103.307,2.200,-35.807
32.1658,0.0079,0.0000,0.000,103.307,2.200,-35.807
32.1752,0.0093,0.0000,0.000,103.307,2.200,-35.807
32.1823,0.0071,0.0000,0.000,103.307,2.200,-35.807
32.1920,0.0097,0.0000,0.000,103.307,2.200,-35.807
32.1988,0.0068,0.0000,0.000,103.307,2.200,-35.807
32.2052,0.0064,0.0000,0.000,103.307,2.200,-35.807
32.2146,0.0094,0.0000,0.000,103.307,2.200,-35.807
32.2226,0.0081,0.0000,0.000,103.307,2.200,-35.807
32.2353,0.0127,0.0000,0.000,103.307,2.200,-35.807
32.2429,0.0076,0.0000,0.000,103.307,2.200,-35.807
32.2516,0.0087,0.0000,0.000,103.307,2.200,-35.807
32.2598,0.0082,0.0000,0.000,103.307,2.200,-35.807
32.2680,0.0082,0.0000,0.000,103.307,2.200,-35.807
32.2767,0.0087,0.0000,0.000,103.307,2.200,-35.807
32.2837,0.0070,0.0000,0.000,103.307,2.200,-35.807
32.2933,0.0096,0.0000,0.000,103.307,2.200,-35.807
32.3048,0.0115,0.0000,0.000,103.307,2.200,-35.807
32.3160,0.0112,0.0000,0.000,103.307,2.200,-35.807
32.3261,0.0101,0.0000,0.000,103.307,2.200,-35.807
32.3352,0.0092,0.0000,0.000,103.307,2.200,-35.807
32.3424,0.0071,0.0000,0.000,103.307,2.200,-35.807
32.3520,0.0096,0.0000,0.000,103.307,2.200,-35.807
32.3591,0.0071,0.0000,0.000,103.307,2.200,-35.807
32.3691,0.0100,0.0000,0.000,103.307,2.200,-35.807
32.3820,0.0129,0.0000,0.000,103.307,2.200,-35.807
32.3921,0.0101,0.0000,0.000,103.307,2.200,-35.807
32.3985,0.0065,0.0000,0.000,103.307,2.200,-35.807
32.4055,0.0070,0.0000,0.000,103.307,2.200,-35.807
32.4135,0.0080,0.0000,0.000,103.307,2.200,-35.807
32.4234,0.0099,0.0000,0.000,103.307,2.200,-35.807
32.4329,0.0095,0.0000,0.000,103.307,2.200,-35.807
32.4397,0.0068,0.0000,0.000,103.307,2.200,-35.807
32.4458,0.0061,0.0000,0.000,103.307,2.200,-35.807
32.4548,0.0090,0.0000,0.000,103.307,2.200,-35.807
32.4615,0.0066,0.0000,0.000,103.307,2.200,-35.807
32.4705,0.0090,0.0000,0.000,103.307,2.200,-35.807
32.4784,0.0080,0.0000,0.000,103.307,2.200,-35.807
32.4853,0.0069,0.0000,0.000,103.307,2.200,-35.807
32.4937,0.0084,0.0000,0.000,103.307,2.200,-35.807
32.5027,0.0090,0.0000,0.000,103.307,2.200,-35.807
32.5119,0.0092,0.0000,0.000,103.307,2.200,-35.807
32.5198,0.0079,0.0000,0.000,103.307,2.200,-35.807
32.5275,0.0076,0.0000,0.000,103.307,2.200,-35.807
32.5364,0.0089,0.0000,0.000,103.307,2.200,-35.807
32.5434,0.0070,0.0000,0.000,103.307,2.200,-35.807
32.5541,0.0107,0.0000,0.000,103.307,2.200,-35.807
32.5624,0.0084,0.0000,0.000,103.307,2.200,-35.807
32.5741,0.0117,0.0000,0.000,103.307,2.200,-35.807
32.5833,0.0092,0.0000,0.000,103.307,2.200,-35.807
32.5941,0.0108,0.0000,0.000,103.307,2.200,-35.807
32.6028,0.0087,0.0000,0.000,103.307,2.200,-35.807
32.6146,0.0118,0.0000,0.000,103.307,2.200,-35.807
32.6228,0.0082,0.0000,0.000,103.307,2.200,-35.807
32.6345,0.0118,0.0000,0.000,103.307,2.200,-35.807
32.6457,0.0112,0.0000,0.000,103.307,2.200,-35.807
32.6547,0.0090,0.0000,0.000,103.307,2.200,-35.807
32.6618,0.0071,0.0000,0.000,103.307,2.200,-35.807
32.6722,0.0104,0.0000,0.000,103.307,2.200,-35.807
32.6799,0.0077,0.0000,0.000,103.307,2.200,-35.807
32.6877,0.0078,0.0000,0.000,103.307,2.200,-35.807
32.6973,0.0096,0.0000,0.000,103.307,2.200,-35.807
32.7048,0.0075,0.0000,0.000,103.307,2.200,-35.807
32.7150,0.0102,0.0000,0.000,103.307,2.200,-35.807
32.7235,0.0085,0.0000,0.000,103.307,2.200,-35.807
32.7325,0.0090,0.0000,0.000,103.307,2.200,-35.807
32.7401,0.0076,0.0000,0.000,103.307,2.200,-35.807
32.7492,0.0091,0.0000,0.000,103.307,2.200,-35.807
32.7578,0.0086,0.0000,0.000,103.307,2.200,-35.807
32.7656,0.0078,0.0000,0.000,103.307,2.200,-35.807
32.7748,0.0092,0.0000,0.000,103.307,2.200,-35.807
32.7831,0.0083,0.0000,0.000,103.307,2.200,-35.807
32.7924,0.0093,0.0000,0.000,103.307,2.200,-35.807
32.8014,0.0090,0.0000,0.000,103.307,2.200,-35.807
32.8115,0.0101,0.0000,0.000,103.307,2.200,-35.807
32.8187,0.0071,0.0000,0.000,103.307,2.200,-35.807
32.8259,0.0072,0.0000,0.000,103.307,2.200,-35.807
32.8342,0.0083,0.0000,0.000,103.307,2.200,-35.807
32.8403,0.0062,0.0000,0.000,103.307,2.200,-35.807
32.8516,0.0112,0.0000,0.000,103.307,2.200,-35.807
32.8605,0.0090,0.0000,0.000,103.307,2.200,-35.807
32.8676,0.0071,0.0000,0.000,103.307,2.200,-35.807
32.8798,0.0122,0.0000,0.000,103.307,2.200,-35.807
32.8880,0.0082,0.0000,0.000,103.307,2.200,-35.807
32.9195,0.0315,0.0000,0.000,103.307,2.200,-35.807
32.9363,0.0168,0.0000,0.000,103.307,2.200,-35.807
32.9475,0.0112,0.0000,0.000,103.307,2.200,-35.807
32.9566,0.0090,0.0000,0.000,103.307,2.200,-35.807
32.9651,0.0086,0.0000,0.000,103.307,2.200,-35.807
32.9736,0.0084,0.0000,0.000,103.307,2.200,-35.807
32.9807,0.0071,0.0000,0.000,103.307,2.200,-35.807
32.9881,0.0075,0.0000,0.000,103.307,2.200,-35.807
33.0000,0.0118,0.0000,0.000,103.307,2.200,-35.807
33.0078,0.0079,0.0000,0.000,103.307,2.200,-35.807
33.0247,0.0169,0.0000,0.000,103.307,2.200,-35.807
33.0400,0.0153,0.0000,0.000,103.307,2.200,-35.807
33.0517,0.0117,0.0000,0.000,103.307,2.200,-35.807
33.0717,0.0201,0.0000,0.000,103.307,2.200,-35.807
33.0835,0.0118,0.0000,0.000,103.307,2.200,-35.807
33.0946,0.0111,0.0000,0.000,103.307,2.200,-35.807
33.1033,0.0087,0.0000,0.000,103.307,2.200,-35.807
33.1132,0.0099,0.0000,0.000,103.307,2.200,-35.807
33.1208,0.0076,0.0000,0.000,103.307,2.200,-35.807
33.1311,0.0103,0.0000,0.000,103.307,2.200,-35.807
33.1383,0.0071,0.0000,0.000,103.307,2.200,-35.807
33.1445,0.0063,0.0000,0.000,103.307,2.200,-35.807
33.1552,0.0106,0.0000,0.000,103.307,2.200,-35.807
33.1622,0.0071,0.0000,0.000,103.307,2.200,-35.807
33.1717,0.0095,0.0000,0.000,103.307,2.200,-35.807
33.1814,0.0096,0.0000,0.000,103.307,2.200,-35.807
33.1927,0.0113,0.0000,0.000,103.307,2.200,-35.807
33.2002,0.0075,0.0000,0.000,103.307,2.200,-35.807
33.2077,0.0075,0.0000,0.000,103.307,2.200,-35.807
33.2178,0.0101,0.0000,0.000,103.307,2.200,-35.807
33.2249,0.0070,0.0000,0.000,103.307,2.200,-35.807
33.2348,0.0099,0.0000,0.000,103.307,2.200,-35.807
33.2419,0.0071,0.0000,0.000,103.307,2.200,-35.807
33.2513,0.0094,0.0000,0.000,103.307,2.200,-35.807
33.2596,0.0082,0.0000,0.000,103.307,2.200,-35.807
33.2662,0.0066,0.0000,0.000,103.307,2.200,-35.807
33.2759,0.0097,0.0000,0.000,103.307,2.200,-35.807
33.2840,0.0081,0.0000,0.000,103.307,2.200,-35.807
33.2940,0.0100,0.0000,0.000,103.307,2.200,-35.807
33.3008,0.0068,0.0000,0.000,103.307,2.200,-35.807
33.3084,0.0076,0.0000,0.000,103.307,2.200,-35.807
33.3179,0.0096,0.0000,0.000,103.307,2.200,-35.807
33.3252,0.0072,0.0000,0.000,103.307,2.200,-35.807
33.3348,0.0096,0.0000,0.000,103.307,2.200,-35.807
33.3425,0.0077,0.0000,0.000,103.307,2.200,-35.807
33.3527,0.0102,0.0000,0.000,103.307,2.200,-35.807
33.3616,0.0089,0.0000,0.000,103.307,2.200,-35.807
33.3720,0.0104,0.0000,0.000,103.307,2.200,-35.807
33.3794,0.0075,0.0000,0.000,103.307,2.200,-35.807
33.3873,0.0079,0.0000,0.000,103.307,2.200,-35.807
33.3969,0.0096,0.0000,0.000,103.307,2.200,-35.807
33.4037,0.0068,0.0000,0.000,103.307,2.200,-35.807
33.4142,0.0105,0.0000,0.000,103.307,2.200,-35.807
33.4214,0.0072,0.0000,0.000,103.307,2.200,-35.807
33.4307,0.0094,0.0000,0.000,103.307,2.200,-35.807
33.4382,0.0075,0.0000,0.000,103.307,2.200,-35.807
33.4455,0.0073,0.0000,0.000,103.307,2.200,-35.807
33.4546,0.0091,0.0000,0.000,103.307,2.200,-35.807
33.4633,0.0087,0.0000,0.000,103.307,2.200,-35.807
33.4732,0.0099,0.0000,0.000,103.307,2.200,-35.807
33.4808,0.0077,0.0000,0.000,103.307,2.200,-35.807
33.4883,0.0075,0.0000,0.000,103.307,2.200,-35.807
33.4985,0.0101,0.0000,0.000,103.307,2.200,-35.807
33.5056,0.0071,0.0000,0.000,103.307,2.200,-35.807
33.5161,0.0105,0.0000,0.000,103.307,2.200,-35.807
33.5252,0.0091,0.0000,0.000,103.307,2.200,-35.807
33.5353,0.0101,0.0000,0.000,103.307,2.200,-35.807
33.5456,0.0103,0.0000,0.000,103.307,2.200,-35.807
33.5549,0.0093,0.0000,0.000,103.307,2.200,-35.807
33.5620,0.0071,0.0000,0.000,103.307,2.200,-35.807
33.5726,0.0106,0.0000,0.000,103.307,2.200,-35.807
33.5807,0.0082,0.0000,0.000,103.307,2.200,-35.807
33.5881,0.0073,0.0000,0.000,103.307,2.200,-35.807
33.5981,0.0100,0.0000,0.000,103.307,2.200,-35.807
33.6053,0.0073,0.0000,0.000,103.307,2.200,-35.807
33.6137,0.0083,0.0000,0.000,103.307,2.200,-35.807
33.6220,0.0083,0.0000,0.000,103.307,2.200,-35.807
33.6311,0.0091,0.0000,0.000,103.307,2.200,-35.807
33.6384,0.0073,0.0000,0.000,103.307,2.200,-35.807
33.6463,0.0079,0.0000,0.000,103.307,2.200,-35.807
33.6551,0.0088,0.0000,0.000,103.307,2.200,-35.807
33.6624,0.0072,0.0000,0.000,103.307,2.200,-35.807
33.6773,0.0149,0.0000,0.000,103.307,2.200,-35.807
33.6853,0.0080,0.0000,0.000,103.307,2.200,-35.807
33.6958,0.0105,0.0000,0.000,103.307,2.200,-35.807
33.7043,0.0085,0.0000,0.000,103.307,2.200,-35.807
33.7135,0.0092,0.0000,0.000,103.307,2.200,-35.807
33.7202,0.0067,0.0000,0.000,103.307,2.200,-35.807
33.7270,0.0068,0.0000,0.000,103.307,2.200,-35.807
33.7363,0.0094,0.0000,0.000,103.307,2.200,-35.807
33.7444,0.0081,0.0000,0.000,103.307,2.200,-35.807
33.7543,0.0099,0.0000,0.000,103.307,2.200,-35.807
33.7627,0.0084,0.0000,0.000,103.307,2.200,-35.807
33.7733,0.0106,0.0000,0.000,103.307,2.200,-35.807
33.7815,0.0082,0.0000,0.000,103.307,2.200,-35.807
33.7922,0.0106,0.0000,0.000,103.307,2.200,-35.807
33.7994,0.0072,0.0000,0.000,103.307,2.200,-35.807
33.8073,0.0079,0.0000,0.000,103.307,2.200,-35.807
33.8181,0.0108,0.0000,0.000,103.307,2.200,-35.807
33.8270,0.0089,0.0000,0.000,103.307,2.200,-35.807
33.8365,0.0095,0.0000,0.000,103.307,2.200,-35.807
33.8445,0.0079,0.0000,0.000,103.307,2.200,-35.807
33.8533,0.0089,0.0000,0.000,103.307,2.200,-35.807
33.8613,0.0080,0.0000,0.000,103.307,2.200,-35.807
33.8708,0.0094,0.0000,0.000,103.307,2.200,-35.807
33.8774,0.0067,0.0000,0.000,103.307,2.200,-35.807
33.8876,0.0101,0.0000,0.000,103.307,2.200,-35.807
33.8965,0.0089,0.0000,0.000,103.307,2.200,-35.807
33.9040,0.0075,0.0000,0.000,103.307,2.200,-35.807
33.9134,0.0094,0.0000,0.000,103.307,2.200,-35.807
33.9200,0.0066,0.0000,0.000,103.307,2.200,-35.807
33.9260,0.0060,0.0000,0.000,103.307,2.200,-35.807
33.9369,0.0109,0.0000,0.000,103.307,2.200,-35.807
33.9445,0.0077,0.0000,0.000,103.307,2.200,-35.807
33.9531,0.0085,0.0000,0.000,103.307,2.200,-35.807
33.9607,0.0077,0.0000,0.000,103.307,2.200,-35.807
33.9680,0.0073,0.0000,0.000,103.307,2.200,-35.807
33.9774,0.0094,0.0000,0.000,103.307,2.200,-35.807
33.9864,0.0090,0.0000,0.000,103.307,2.200,-35.807
33.9948,0.0083,0.0000,0.000,103.307,2.200,-35.807
34.0016,0.0068,0.0000,0.000,103.307,2.200,-35.807
34.0107,0.0091,0.0000,0.000,103.307,2.200,-35.807
34.0177,0.0070,0.0000,0.000,103.307,2.200,-35.807
34.0255,0.0078,0.0000,0.000,103.307,2.200,-35.807
34.0349,0.0094,0.0000,0.000,103.307,2.200,-35.807
34.0419,0.0070,0.0000,0.000,103.307,2.200,-35.807
34.0509,0.0091,0.0000,0.000,103.307,2.200,-35.807
34.0594,0.0085,0.0000,0.000,103.307,2.200,-35.807
34.0679,0.0085,0.0000,0.000,103.307,2.200,-35.807
34.0778,0.0099,0.0000,0.000,103.307,2.200,-35.807
34.0872,0.0094,0.0000,0.000,103.307,2.200,-35.807
34.0961,0.0089,0.0000,0.000,103.307,2.200,-35.807
34.1034,0.0073,0.0000,0.000,103.307,2.200,-35.807
34.1136,0.0102,0.0000,0.000,103.307,2.200,-35.807
34.1219,0.0083,0.0000,0.000,103.307,2.200,-35.807
34.1307,0.0089,0.0000,0.000,103.307,2.200,-35.807
34.1383,0.0075,0.0000,0.000,103.307,2.200,-35.807
34.1453,0.0070,0.0000,0.000,103.307,2.200,-35.807
34.1534,0.0081,0.0000,0.000,103.307,2.200,-35.807
34.1621,0.0087,0.0000,0.000,103.307,2.200,-35.807
34.1715,0.0095,0.0000,0.000,103.307,2.200,-35.807
34.1805,0.0089,0.0000,0.000,103.307,2.200,-35.807
34.1890,0.0085,0.0000,0.000,103.307,2.200,-35.807
34.1995,0.0104,0.0000,0.000,103.307,2.200,-35.807
34.2076,0.0081,0.0000,0.000,103.307,2.200,-35.807
34.2168,0.0092,0.0000,0.000,103.307,2.200,-35.807
34.2229,0.0060,0.0000,0.000,103.307,2.200,-35.807
34.2307,0.0078,0.0000,0.000,103.307,2.200,-35.807
34.2382,0.0075,0.0000,0.000,103.307,2.200,-35.807
34.2452,0.0070,0.0000,0.000,103.307,2.200,-35.807
34.2534,0.0082,0.0000,0.000,103.307,2.200,-35.807
34.2608,0.0074,0.0000,0.000,103.307,2.200,-35.807
34.2675,0.0068,0.0000,0.000,103.307,2.200,-35.807
34.2768,0.0093,0.0000,0.000,103.307,2.200,-35.807
34.2847,0.0078,0.0000,0.000,103.307,2.200,-35.807
34.2929,0.0082,0.0000,0.000,103.307,2.200,-35.807
34.2997,0.0068,0.0000,0.000,103.307,2.200,-35.807
34.3072,0.0075,0.0000,0.000,103.307,2.200,-35.807
34.3160,0.0088,0.0000,0.000,103.307,2.200,-35.807
34.3227,0.0067,0.0000,0.000,103.307,2.200,-35.807
34.3326,0.0099,0.0000,0.000,103.307,2.200,-35.807
34.3396,0.0069,0.0000,0.000,103.307,2.200,-35.807
34.3455,0.0059,0.0000,0.000,103.307,2.200,-35.807
34.3545,0.0090,0.0000,0.000,103.307,2.200,-35.807
34.3620,0.0076,0.0000,0.000,103.307,2.200,-35.807
34.3722,0.0101,0.0000,0.000,103.307,2.200,-35.807
34.3803,0.0081,0.0000,0.000,103.307,2.200,-35.807
34.3862,0.0060,0.0000,0.000,103.307,2.200,-35.807
34.3949,0.0087,0.0000,0.000,103.307,2.200,-35.807
34.4018,0.0069,0.0000,0.000,103.307,2.200,-35.807
34.4102,0.0084,0.0000,0.000,103.307,2.200,-35.807
34.4170,0.0068,0.0000,0.000,103.307,2.200,-35.807
34.4260,0.0089,0.0000,0.000,103.307,2.200,-35.807
34.4352,0.0093,0.0000,0.000,103.307,2.200,-35.807
34.4418,0.0066,0.0000,0.000,103.307,2.200,-35.807
34.4511,0.0093,0.0000,0.000,103.307,2.200,-35.807
34.4578,0.0067,0.0000,0.000,103.307,2.200,-35.807
34.4639,0.0061,0.0000,0.000,103.307,2.200,-35.807
34.4728,0.0090,0.0000,0.000,103.307,2.200,-35.807
34.4791,0.0063,0.0000,0.000,103.307,2.200,-35.807
34.4855,0.0064,0.0000,0.000,103.307,2.200,-35.807
34.4942,0.0086,0.0000,0.000,103.307,2.200,-35.807
34.5010,0.0069,0.0000,0.000,103.307,2.200,-35.807
34.5098,0.0088,0.0000,0.000,103.307,2.200,-35.807
34.5178,0.0080,0.0000,0.000,103.307,2.200,-35.807
34.5246,0.0067,0.0000,0.000,103.307,2.200,-35.807
34.5333,0.0088,0.0000,0.000,103.307,2.200,-35.807
34.5416,0.0083,0.0000,0.000,103.307,2.200,-35.807
34.5508,0.0092,0.0000,0.000,103.307,2.200,-35.807
34.5576,0.0068,0.0000,0.000,103.307,2.200,-35.807
34.5654,0.0078,0.0000,0.000,103.307,2.200,-35.807
34.5739,0.0085,0.0000,0.000,103.307,2.200,-35.807
34.5810,0.0071,0.0000,0.000,103.307,2.200,-35.807
34.5912,0.0103,0.0000,0.000,103.307,2.200,-35.807
34.6065,0.0153,0.0000,0.000,103.307,2.200,-35.807
34.6185,0.0120,0.0000,0.000,103.307,2.200,-35.807
34.6262,0.0077,0.0000,0.000,103.307,2.200,-35.807
34.6356,0.0094,0.0000,0.000,103.307,2.200,-35.807
34.6439,0.0084,0.0000,0.000,103.307,2.200,-35.807
34.6546,0.0107,0.0000,0.000,103.307,2.200,-35.807
34.6626,0.0080,0.0000,0.000,103.307,2.200,-35.807
34.6731,0.0105,0.0000,0.000,103.307,2.200,-35.807
34.6833,0.0101,0.0000,0.000,103.307,2.200,-35.807
34.6932,0.0099,0.0000,0.000,103.307,2.200,-35.807
34.7019,0.0087,0.0000,0.000,103.307,2.200,-35.807
34.7134,0.0115,0.0000,0.000,103.307,2.200,-35.807
34.7215,0.0081,0.0000,0.000,103.307,2.200,-35.807
34.7316,0.0101,0.0000,0.000,103.307,2.200,-35.807
34.7420,0.0104,0.0000,0.000,103.307,2.200,-35.807
34.7537,0.0117,0.0000,0.000,103.307,2.200,-35.807
34.7608,0.0071,0.0000,0.000,103.307,2.200,-35.807
34.7675,0.0067,0.0000,0.000,103.307,2.200,-35.807
34.7770,0.0095,0.0000,0.000,103.307,2.200,-35.807
34.7847,0.0077,0.0000,0.000,103.307,2.200,-35.807
34.7958,0.0111,0.0000,0.000,103.307,2.200,-35.807
34.8035,0.0078,0.0000,0.000,103.307,2.200,-35.807
34.8134,0.0099,0.0000,0.000,103.307,2.200,-35.807
34.8217,0.0082,0.0000,0.000,103.307,2.200,-35.807
34.8316,0.0099,0.0000,0.000,103.307,2.200,-35.807
34.8392,0.0076,0.0000,0.000,103.307,2.200,-35.807
34.8471,0.0079,0.0000,0.000,103.307,2.200,-35.807
34.8563,0.0092,0.0000,0.000,103.307,2.200,-35.807
34.8633,0.0070,0.0000,0.000,103.307,2.200,-35.807
34.8735,0.0102,0.0000,0.000,103.307,2.200,-35.807
34.8805,0.0070,0.0000,0.000,103.307,2.200,-35.807
34.8875,0.0070,0.0000,0.000,103.307,2.200,-35.807
34.8971,0.0096,0.0000,0.000,103.307,2.200,-35.807
34.9047,0.0076,0.0000,0.000,103.307,2.200,-35.807
34.9141,0.0094,0.0000,0.000,103.307,2.200,-35.807
34.9225,0.0084,0.0000,0.000,103.307,2.200,-35.807
34.9314,0.0089,0.0000,0.000,103.307,2.200,-35.807
34.9385,0.0071,0.0000,0.000,103.307,2.200,-35.807
34.9455,0.0070,0.0000,0.000,103.307,2.200,-35.807
34.9532,0.0077,0.0000,0.000,103.307,2.200,-35.807
34.9612,0.0080,0.0000,0.000,103.307,2.200,-35.807
34.9727,0.0115,0.0000,0.000,103.307,2.200,-35.807
34.9801,0.0073,0.0000,0.000,103.307,2.200,-35.807
34.9867,0.0066,0.0000,0.000,103.307,2.200,-35.807
34.9976,0.0109,0.0000,0.000,103.307,2.200,-35.807
35.0044,0.0068,0.0000,0.000,103.307,2.200,-35.807
35.0130,0.0086,0.0000,0.000,103.307,2.200,-35.807
35.0209,0.0079,0.0000,0.000,103.307,2.200,-35.807
35.0297,0.0088,0.0000,0.000,103.307,2.200,-35.807
35.0362,0.0066,0.0000,0.000,103.307,2.200,-35.807
35.0480,0.0118,103.7785,55.854,4.620,4.500,-3.784
35.0623,0.0143,0.0014,0.000,4.619,4.500,-3.782
35.0723,0.0100,0.0013,0.000,4.619,4.500,-3.781
35.0811,0.0088,0.0014,0.000,4.618,4.500,-3.780
35.0935,0.0124,0.0023,0.000,4.617,4.500,-3.778
35.1029,0.0094,0.0019,0.000,4.616,4.500,-3.776
35.1123,0.0094,0.0021,0.000,4.616,4.500,-3.774
35.1193,0.0070,0.0017,0.000,4.615,4.500,-3.773
35.1253,0.0060,0.0015,0.000,4.614,4.500,-3.771
35.1346,0.0094,0.0025,0.000,4.613,4.500,-3.769
35.1424,0.0077,0.0021,0.000,4.612,4.500,-3.767
35.1520,0.0096,0.0028,0.000,4.611,4.500,-3.764
35.1607,0.0087,0.0026,0.000,4.610,4.500,-3.762
35.1675,0.0068,0.0021,0.000,4.609,4.500,-3.760
35.1769,0.0094,0.0030,0.000,4.608,4.500,-3.757
35.1855,0.0086,0.0028,0.000,4.607,4.500,-3.755
35.1940,0.0086,0.0028,0.000,4.606,4.500,-3.752
35.2016,0.0076,0.0025,0.000,4.605,4.500,-3.750
35.2108,0.0091,0.0031,0.000,4.604,4.500,-3.747
35.2169,0.0061,0.0021,0.000,4.603,4.500,-3.745
35.2232,0.0063,0.0021,0.000,4.602,4.500,-3.743
35.2316,0.0084,0.0029,0.000,4.601,4.500,-3.741
35.2386,0.0070,0.0024,0.000,4.600,4.500,-3.738
35.2453,0.0067,0.0023,0.000,4.599,4.500,-3.736
35.2539,0.0086,0.0030,0.000,4.598,4.500,-3.734
35.2615,0.0076,0.0026,0.000,4.597,4.500,-3.731
35.2712,0.0098,0.0035,0.000,4.595,4.500,-3.728
35.2788,0.0076,0.0027,0.000,4.594,4.500,-3.726
35.2853,0.0065,0.0023,0.000,4.593,4.500,-3.724
35.2942,0.0088,0.0031,0.000,4.592,4.500,-3.721
35.3015,0.0073,0.0026,0.000,4.591,4.500,-3.718
35.3105,0.0090,0.0032,0.000,4.590,4.500,-3.715
35.3171,0.0066,0.0023,0.000,4.589,4.500,-3.713
35.3254,0.0083,0.0029,0.000,4.588,4.500,-3.711
35.3328,0.0074,0.0026,0.000,4.587,4.500,-3.708
35.3409,0.0081,0.0028,0.000,4.586,4.500,-3.706
35.3505,0.0096,0.0033,0.000,4.584,4.500,-3.703
35.3574,0.0070,0.0024,0.000,4.583,4.500,-3.701
35.3692,0.0117,0.0040,0.000,4.582,4.500,-3.697
35.3797,0.0106,0.0035,0.000,4.580,4.500,-3.694
35.3876,0.0079,0.0026,0.000,4.579,4.500,-3.692
35.3964,0.0088,0.0029,0.000,4.578,4.500,-3.689
35.4037,0.0073,0.0024,0.000,4.577,4.500,-3.687
35.4119,0.0082,0.0026,0.000,4.576,4.500,-3.684
35.4188,0.0069,0.0022,0.000,4.575,4.500,-3.682
35.4255,0.0068,0.0021,0.000,4.574,4.500,-3.681
35.4338,0.0082,0.0026,0.000,4.573,4.500,-3.678
35.4406,0.0069,0.0021,0.000,4.572,4.500,-3.676
35.4468,0.0062,0.0019,0.000,4.571,4.500,-3.675
35.4553,0.0084,0.0026,0.000,4.570,4.500,-3.672
35.4609,0.0057,0.0017,0.000,4.569,4.500,-3.671
35.4701,0.0092,0.0027,0.000,4.568,4.500,-3.668
35.4764,0.0063,0.0018,0.000,4.567,4.500,-3.667
35.4834,0.0071,0.0021,0.000,4.566,4.500,-3.665
35.4927,0.0092,0.0027,0.000,4.565,4.500,-3.662
35.5016,0.0090,0.0026,0.000,4.564,4.500,-3.660
35.5121,0.0104,0.0029,0.000,4.563,4.500,-3.657
35.5199,0.0078,0.0022,0.000,4.562,4.500,-3.655
35.5264,0.0065,0.0018,0.000,4.561,4.500,-3.654
35.5347,0.0083,0.0022,0.000,4.560,4.500,-3.652
35.5416,0.0069,0.0018,0.000,4.559,4.500,-3.650
35.5499,0.0083,0.0022,0.000,4.558,4.500,-3.648
35.5558,0.0059,0.0015,0.000,4.558,4.500,-3.647
35.5625,0.0067,0.0017,0.000,4.557,4.500,-3.645
35.5713,0.0088,0.0022,0.000,4.556,4.500,-3.643
35.5781,0.0068,0.0017,0.000,4.555,4.500,-3.642
35.5854,0.0073,0.0018,0.000,4.554,4.500,-3.640
35.5933,0.0079,0.0019,0.000,4.554,4.500,-3.638
35.5999,0.0066,0.0016,0.000,4.553,4.500,-3.637
35.6061,0.0062,0.0015,0.000,4.552,4.500,-3.636
35.6150,0.0089,0.0021,0.000,4.551,4.500,-3.634
35.6220,0.0069,0.0016,0.000,4.551,4.500,-3.632
35.6322,0.0102,0.0023,0.000,4.549,4.500,-3.630
35.6402,0.0080,0.0018,0.000,4.549,4.500,-3.629
35.6470,0.0068,0.0015,0.000,4.548,4.500,-3.627
35.6557,0.0088,0.0019,0.000,4.547,4.500,-3.626
35.6616,0.0059,0.0013,0.000,4.547,4.500,-3.624
35.6699,0.0083,0.0018,0.000,4.546,4.500,-3.623
35.6766,0.0067,0.0014,0.000,4.545,4.500,-3.622
35.6837,0.0070,0.0015,0.000,4.544,4.500,-3.620
35.6916,0.0079,0.0016,0.000,4.544,4.500,-3.619
35.6989,0.0073,0.0015,0.000,4.543,4.500,-3.617
35.7044,0.0055,0.0011,0.000,4.542,4.500,-3.616
35.7129,0.0085,0.0017,0.000,4.542,4.500,-3.615
35.7199,0.0070,0.0014,0.000,4.541,4.500,-3.614
35.7259,0.0060,0.0012,0.000,4.541,4.500,-3.613
35.7348,0.0089,0.0017,0.000,4.540,4.500,-3.611
35.7420,0.0072,0.0014,0.000,4.539,4.500,-3.610
35.7508,0.0088,0.0016,0.000,4.538,4.500,-3.609
35.7575,0.0067,0.0012,0.000,4.538,4.500,-3.608
35.7652,0.0078,0.0014,0.000,4.537,4.500,-3.606
35.7731,0.0078,0.0014,0.000,4.537,4.500,-3.605
35.7800,0.0069,0.0012,0.000,4.536,4.500,-3.604
35.7874,0.0074,0.0013,0.000,4.535,4.500,-3.603
35.7967,0.0093,0.0016,0.000,4.535,4.500,-3.601
35.8035,0.0069,0.0011,0.000,4.534,4.500,-3.600
35.8128,0.0092,0.0015,0.000,4.533,4.500,-3.599
35.8200,0.0072,0.0012,0.000,4.533,4.500,-3.598
35.8263,0.0063,0.0010,0.000,4.532,4.500,-3.597
35.8363,0.0100,0.0016,0.000,4.532,4.500,-3.596
35.8448,0.0085,0.0013,0.000,4.531,4.500,-3.595
35.8534,0.0087,0.0013,0.000,4.530,4.500,-3.593
35.8617,0.0082,0.0012,0.000,4.530,4.500,-3.592
35.8719,0.0103,0.0015,0.000,4.529,4.500,-3.591
35.8797,0.0078,0.0011,0.000,4.528,4.500,-3.590
35.8872,0.0075,0.0011,0.000,4.528,4.500,-3.589
35.8974,0.0102,0.0014,0.000,4.527,4.500,-3.588
35.9050,0.0077,0.0011,0.000,4.527,4.500,-3.587
35.9146,0.0096,0.0013,0.000,4.526,4.500,-3.586
35.9215,0.0069,0.0009,0.000,4.526,4.500,-3.585
35.9305,0.0090,0.0012,0.000,4.525,4.500,-3.584
35.9369,0.0064,0.0008,0.000,4.525,4.500,-3.583
35.9449,0.0079,0.0010,0.000,4.524,4.500,-3.582
35.9528,0.0079,0.0010,0.000,4.524,4.500,-3.581
35.9606,0.0078,0.0010,0.000,4.523,4.500,-3.581
35.9674,0.0068,0.0008,0.000,4.523,4.500,-3.580
35.9761,0.0088,0.0011,0.000,4.522,4.500,-3.579
35.9836,0.0075,0.0009,0.000,4.522,4.500,-3.578
35.9919,0.0083,0.0010,0.000,4.521,4.500,-3.577
35.9991,0.0072,0.0008,0.000,4.521,4.500,-3.577
36.0059,0.0068,0.0008,0.000,4.520,4.500,-3.576
36.0149,0.0090,0.0010,0.000,4.520,4.500,-3.575
36.0218,0.0068,0.0008,0.000,4.520,4.500,-3.574
36.0318,0.0101,0.0011,0.000,4.519,4.500,-3.574
36.0386,0.0068,0.0007,0.000,4.519,4.500,-3.573
36.0464,0.0079,0.0008,0.000,4.518,4.500,-3.572
36.0559,0.0094,0.0010,0.000,4.518,4.500,-3.571
36.0632,0.0073,0.0007,0.000,4.517,4.500,-3.571
36.0726,0.0094,0.0010,0.000,4.517,4.500,-3.570
36.0797,0.0071,0.0007,0.000,4.516,4.500,-3.569
36.0855,0.0058,0.0006,0.000,4.516,4.500,-3.569
36.0935,0.0079,0.0008,0.000,4.516,4.500,-3.568
36.1017,0.0083,0.0008,0.000,4.515,4.500,-3.568
36.1109,0.0092,0.0009,0.000,4.515,4.500,-3.567
36.1180,0.0070,0.0006,0.000,4.514,4.500,-3.566
36.1264,0.0085,0.0008,0.000,4.514,4.500,-3.566
36.1370,0.0106,0.0009,0.000,4.514,4.500,-3.565
36.1456,0.0086,0.0008,0.000,4.513,4.500,-3.564
36.1560,0.0104,0.0009,0.000,4.513,4.500,-3.563
36.1658,0.0098,0.0008,0.000,4.512,4.500,-3.563
36.1764,0.0106,0.0009,0.000,4.512,4.500,-3.562
36.1891,0.0128,0.0010,0.000,4.511,4.500,-3.561
36.2078,0.0186,0.0015,0.000,4.510,4.500,-3.560
36.2240,0.0163,0.0012,0.000,4.510,4.500,-3.559
36.2356,0.0116,0.0008,0.000,4.509,4.500,-3.558
36.2471,0.0115,0.0008,0.000,4.509,4.500,-3.558
36.2567,0.0096,0.0007,0.000,4.508,4.500,-3.557
36.2640,0.0072,0.0005,0.000,4.508,4.500,-3.557
36.2727,0.0087,0.0006,0.000,4.508,4.500,-3.556
36.2792,0.0065,0.0004,0.000,4.507,4.500,-3.556
36.2860,0.0068,0.0004,0.000,4.507,4.500,-3.555
36.2946,0.0086,0.0006,0.000,4.507,4.500,-3.555
36.3008,0.0062,0.0004,0.000,4.507,4.500,-3.555
36.3083,0.0074,0.0005,0.000,4.506,4.500,-3.554
36.3196,0.0113,0.0007,0.000,4.506,4.500,-3.554
36.3257,0.0061,0.0004,0.000,4.506,4.500,-3.553
36.3352,0.0095,0.0006,0.000,4.505,4.500,-3.553
36.3425,0.0073,0.0004,0.000,4.505,4.500,-3.553
36.3532,0.0107,0.0006,0.000,4.505,4.500,-3.552
36.3630,0.0099,0.0005,0.000,4.504,4.500,-3.552
36.3732,0.0102,0.0005,0.000,4.504,4.500,-3.551
36.3816,0.0084,0.0004,0.000,4.504,4.500,-3.551
36.3916,0.0100,0.0005,0.000,4.504,4.500,-3.550
36.3997,0.0081,0.0004,0.000,4.503,4.500,-3.550
36.4081,0.0085,0.0004,0.000,4.503,4.500,-3.550
36.4222,0.0141,0.0007,0.000,4.503,4.500,-3.549
36.4332,0.0110,0.0005,0.000,4.502,4.500,-3.549
36.4424,0.0092,0.0004,0.000,4.502,4.500,-3.549
36.4541,0.0118,0.0005,0.000,4.502,4.500,-3.548
36.4611,0.0069,0.0003,0.000,4.502,4.500,-3.548
36.4704,0.0093,0.0004,0.000,4.501,4.500,-3.548
36.4775,0.0071,0.0003,0.000,4.501,4.500,-3.547
36.4852,0.0077,0.0003,0.000,4.501,4.500,-3.547
36.4937,0.0085,0.0003,0.000,4.501,4.500,-3.547
36.5060,0.0123,0.0005,0.000,4.501,4.500,-3.547
36.5167,0.0107,0.0004,0.000,4.500,4.500,-3.546
36.5234,0.0067,0.0002,0.000,4.500,4.500,-3.546
36.5312,0.0079,0.0003,0.000,4.500,4.500,-3.546
36.5374,0.0062,0.0002,0.000,4.500,4.500,-3.546
36.5435,0.0061,0.0002,0.000,4.500,4.500,-3.546
36.5526,0.0091,0.0003,0.000,4.499,4.500,-3.545
36.5596,0.0070,0.0002,0.000,4.499,4.500,-3.545
36.5661,0.0064,0.0002,0.000,4.499,4.500,-3.545
36.5749,0.0089,0.0003,0.000,4.499,4.500,-3.545
36.5836,0.0087,0.0003,0.000,4.499,4.500,-3.545
36.5931,0.0095,0.0003,0.000,4.499,4.500,-3.544
36.6006,0.0075,0.0002,0.000,4.499,4.500,-3.544
36.6068,0.0063,0.0002,0.000,4.498,4.500,-3.544
36.6156,0.0088,0.0002,0.000,4.498,4.500,-3.544
36.6227,0.0070,0.0002,0.000,4.498,4.500,-3.544
36.6321,0.0095,0.0003,0.000,4.498,4.500,-3.544
36.6399,0.0077,0.0002,0.000,4.498,4.500,-3.543
36.6480,0.0081,0.0002,0.000,4.498,4.500,-3.543
36.6568,0.0088,0.0002,0.000,4.498,4.500,-3.543
36.6639,0.0071,0.0002,0.000,4.497,4.500,-3.543
36.6728,0.0089,0.0002,0.000,4.497,4.500,-3.543
36.6797,0.0070,0.0002,0.000,4.497,4.500,-3.543
36.6857,0.0060,0.0001,0.000,4.497,4.500,-3.543
36.6940,0.0083,0.0002,0.000,4.497,4.500,-3.542
36.7014,0.0075,0.0002,0.000,4.497,4.500,-3.542
36.7107,0.0093,0.0002,0.000,4.497,4.500,-3.542
36.7176,0.0068,0.0001,0.000,4.496,4.500,-3.542
36.7254,0.0078,0.0002,0.000,4.496,4.500,-3.542
36.7327,0.0074,0.0001,0.000,4.496,4.500,-3.542
36.7404,0.0077,0.0002,0.000,4.496,4.500,-3.542
36.7464,0.0059,0.0001,0.000,4.496,4.500,-3.542
36.7557,0.0093,0.0002,0.000,4.496,4.500,-3.542
36.7638,0.0081,0.0001,0.000,4.496,4.500,-3.542
36.7744,0.0106,0.0002,0.000,4.496,4.500,-3.541
36.7837,0.0093,0.0002,0.000,4.495,4.500,-3.541
36.7958,0.0121,0.0002,0.000,4.495,4.500,-3.541
36.8052,0.0095,0.0002,0.000,4.495,4.500,-3.541
36.8160,0.0108,0.0002,0.000,4.495,4.500,-3.541
36.8267,0.0107,0.0002,0.000,4.495,4.500,-3.541
36.8363,0.0096,0.0001,0.000,4.495,4.500,-3.541
36.8446,0.0083,0.0001,0.000,4.495,4.500,-3.541
36.8555,0.0109,0.0001,0.000,4.495,4.500,-3.541
36.8630,0.0075,0.0001,0.000,4.495,4.500,-3.541
36.8720,0.0090,0.0001,0.000,4.494,4.500,-3.541
36.8806,0.0086,0.0001,0.000,4.494,4.500,-3.540
36.8880,0.0074,0.0001,0.000,4.494,4.500,-3.540
36.8981,0.0101,0.0001,0.000,4.494,4.500,-3.540
36.9067,0.0086,0.0001,0.000,4.494,4.500,-3.540
36.9153,0.0086,0.0001,0.000,4.494,4.500,-3.540
36.9218,0.0065,0.0001,0.000,4.494,4.500,-3.540
36.9311,0.0093,0.0001,0.000,4.494,4.500,-3.540
36.9398,0.0087,0.0001,0.000,4.494,4.500,-3.540
36.9477,0.0079,0.0001,0.000,4.494,4.500,-3.540
36.9581,0.0104,0.0001,0.000,4.494,4.500,-3.540
36.9654,0.0072,0.0001,0.000,4.494,4.500,-3.540
36.9742,0.0088,0.0001,0.000,4.493,4.500,-3.540
36.9822,0.0080,0.0001,0.000,4.493,4.500,-3.540
36.9916,0.0094,0.0001,0.000,4.493,4.500,-3.540
36.9997,0.0081,0.0001,0.000,4.493,4.500,-3.540
37.0071,0.0074,0.0001,0.000,4.493,4.500,-3.540
37.0158,0.0087,0.0001,0.000,4.493,4.500,-3.540
37.0235,0.0077,0.0001,0.000,4.493,4.500,-3.540
37.0329,0.0094,0.0001,0.000,4.493,4.500,-3.540
37.0393,0.0063,0.0000,0.000,4.493,4.500,-3.540
37.0461,0.0068,0.0001,0.000,4.493,4.500,-3.540
37.0558,0.0097,0.0001,0.000,4.493,4.500,-3.540
37.0636,0.0078,0.0001,0.000,4.493,4.500,-3.540
37.0731,0.0095,0.0001,0.000,4.493,4.500,-3.540
37.0823,0.0091,0.0001,0.000,4.493,4.500,-3.540
37.0911,0.0089,0.0001,0.000,4.493,4.500,-3.540
37.0985,0.0074,0.0001,0.000,4.492,4.500,-3.540
37.1056,0.0071,0.0001,0.000,4.492,4.500,-3.540
37.1144,0.0088,0.0001,0.000,4.492,4.500,-3.540
37.1217,0.0074,0.0001,0.000,4.492,4.500,-3.540
37.1317,0.0099,0.0001,0.000,4.492,4.500,-3.540
37.1384,0.0068,0.0000,0.000,4.492,4.500,-3.540
37.1455,0.0071,0.0000,0.000,4.492,4.500,-3.540
37.1545,0.0090,0.0001,0.000,4.492,4.500,-3.540
37.1625,0.0079,0.0001,0.000,4.492,4.500,-3.540
37.1719,0.0094,0.0001,0.000,4.492,4.500,-3.540
37.1834,0.0115,0.0001,0.000,4.492,4.500,-3.540
37.1926,0.0092,0.0001,0.000,4.492,4.500,-3.540
37.1997,0.0071,0.0001,0.000,4.492,4.500,-3.540
37.2082,0.0085,0.0001,0.000,4.492,4.500,-3.540
37.2167,0.0086,0.0001,0.000,4.492,4.500,-3.540
37.2234,0.0067,0.0001,0.000,4.492,4.500,-3.540
37.2351,0.0117,0.0001,0.000,4.492,4.500,-3.541
37.2435,0.0085,0.0001,0.000,4.492,4.500,-3.541
37.2546,0.0111,0.0001,0.000,4.492,4.500,-3.541
37.2625,0.0079,0.0001,0.000,4.492,4.500,-3.541
37.2726,0.0101,0.0001,0.000,4.492,4.500,-3.541
37.2799,0.0073,0.0001,0.000,4.492,4.500,-3.541
37.2868,0.0069,0.0001,0.000,4.492,4.500,-3.541
37.2974,0.0106,0.0001,0.000,4.492,4.500,-3.541
37.3060,0.0086,0.0001,0.000,4.492,4.500,-3.541
37.3164,0.0103,0.0001,0.000,4.492,4.500,-3.541
37.3240,0.0077,0.0001,0.000,4.492,4.500,-3.541
37.3336,0.0095,0.0001,0.000,4.492,4.500,-3.542
37.3419,0.0083,0.0001,0.000,4.492,4.500,-3.542
37.3517,0.0099,0.0001,0.000,4.492,4.500,-3.542
37.3604,0.0086,0.0001,0.000,4.492,4.500,-3.542
37.3688,0.0084,0.0001,0.000,4.492,4.500,-3.542
37.3786,0.0099,0.0001,0.000,4.492,4.500,-3.542
37.3868,0.0082,0.0001,0.000,4.492,4.500,-3.542
37.3980,0.0112,0.0001,0.000,4.492,4.500,-3.542
37.4069,0.0089,0.0001,0.000,4.492,4.500,-3.542
37.4170,0.0101,0.0001,0.000,4.492,4.500,-3.543
37.4264,0.0094,0.0001,0.000,4.492,4.500,-3.543
37.4389,0.0126,0.0001,0.000,4.492,4.500,-3.543
37.4466,0.0077,0.0001,0.000,4.492,4.500,-3.543
37.4575,0.0109,0.0001,0.000,4.492,4.500,-3.543
37.4645,0.0070,0.0001,0.000,4.492,4.500,-3.543
37.4736,0.0092,0.0001,0.000,4.492,4.500,-3.543
37.4813,0.0077,0.0001,0.000,4.492,4.500,-3.543
37.4903,0.0090,0.0001,0.000,4.492,4.500,-3.543
37.4964,0.0061,0.0001,0.000,4.492,4.500,-3.543
37.5049,0.0086,0.0001,0.000,4.492,4.500,-3.543
37.5146,0.0096,0.0001,0.000,4.492,4.500,-3.543
37.5216,0.0070,0.0001,0.000,4.492,4.500,-3.543
37.5323,0.0107,0.0001,0.000,4.492,4.500,-3.544
37.5396,0.0073,0.0001,0.000,4.492,4.500,-3.544
37.5455,0.0059,0.0001,0.000,4.492,4.500,-3.544
37.5537,0.0082,0.0001,0.000,4.492,4.500,-3.544
37.5600,0.0064,0.0001,0.000,4.492,4.500,-3.544
37.5662,0.0061,0.0001,0.000,4.492,4.500,-3.544
37.5765,0.0103,0.0001,0.000,4.492,4.500,-3.544
37.5835,0.0071,0.0001,0.000,4.492,4.500,-3.544
37.5922,0.0087,0.0001,0.000,4.492,4.500,-3.544
37.6005,0.0083,0.0001,0.000,4.492,4.500,-3.544
37.6076,0.0071,0.0001,0.000,4.492,4.500,-3.544
37.6164,0.0087,0.0001,0.000,4.492,4.500,-3.545
37.6240,0.0077,0.0001,0.000,4.492,4.500,-3.545
37.6325,0.0085,0.0001,0.000,4.492,4.499,-3.545
37.6395,0.0070,0.0001,0.000,4.492,4.499,-3.545
37.6459,0.0063,0.0001,0.000,4.492,4.499,-3.545
37.6550,0.0092,0.0001,0.000,4.492,4.499,-3.545
37.6614,0.0064,0.0001,0.000,4.492,4.499,-3.545
37.6709,0.0095,0.0002,0.000,4.492,4.499,-3.545
37.6777,0.0068,0.0001,0.000,4.492,4.499,-3.546
37.6838,0.0061,0.0001,0.000,4.492,4.499,-3.546
37.6932,0.0094,0.0002,0.000,4.492,4.499,-3.546
37.7003,0.0071,0.0001,0.000,4.492,4.499,-3.546
37.7064,0.0062,0.0001,0.000,4.492,4.499,-3.546
37.7164,0.0100,0.0001,0.000,4.492,4.499,-3.546
37.7276,0.0111,0.0002,0.000,4.492,4.499,-3.546
37.7371,0.0095,0.0001,0.000,4.492,4.499,-3.546
37.7443,0.0073,0.0001,0.000,4.492,4.499,-3.546
37.7530,0.0087,0.0001,0.000,4.492,4.499,-3.547
37.7607,0.0076,0.0001,0.000,4.492,4.499,-3.547
37.7674,0.0068,0.0001,0.000,4.492,4.499,-3.547
37.7773,0.0099,0.0002,0.000,4.493,4.499,-3.547
37.7848,0.0074,0.0001,0.000,4.493,4.499,-3.547
37.7934,0.0086,0.0001,0.000,4.493,4.499,-3.547
37.8001,0.0067,0.0001,0.000,4.493,4.499,-3.547
37.8066,0.0065,0.0001,0.000,4.493,4.499,-3.547
37.8163,0.0098,0.0002,0.000,4.493,4.499,-3.548
37.8227,0.0064,0.0001,0.000,4.493,4.499,-3.548
37.8305,0.0077,0.0001,0.000,4.493,4.499,-3.548
37.8370,0.0066,0.0001,0.000,4.493,4.499,-3.548
37.8453,0.0082,0.0002,0.000,4.493,4.499,-3.548
37.8538,0.0085,0.0002,0.000,4.493,4.499,-3.548
37.8614,0.0076,0.0001,0.000,4.493,4.499,-3.548
37.8709,0.0095,0.0002,0.000,4.493,4.499,-3.548
37.8787,0.0078,0.0002,0.000,4.493,4.499,-3.549
37.8869,0.0082,0.0002,0.000,4.493,4.499,-3.549
37.8974,0.0105,0.0002,0.000,4.493,4.499,-3.549
37.9054,0.0080,0.0002,0.000,4.493,4.499,-3.549
37.9180,0.0125,0.0002,0.000,4.493,4.499,-3.549
37.9277,0.0098,0.0002,0.000,4.494,4.499,-3.550
37.9383,0.0106,0.0002,0.000,4.494,4.499,-3.550
37.9476,0.0094,0.0002,0.000,4.494,4.499,-3.550
37.9584,0.0107,0.0002,0.000,4.494,4.499,-3.550
37.9672,0.0089,0.0002,0.000,4.494,4.499,-3.550
37.9788,0.0116,0.0003,0.000,4.494,4.499,-3.551
37.9865,0.0077,0.0002,0.000,4.494,4.500,-3.551
37.9956,0.0091,0.0002,0.000,4.494,4.500,-3.551
38.0022,0.0066,0.0001,0.000,4.494,4.500,-3.551
38.0129,0.0107,0.0002,0.000,4.494,4.500,-3.551
38.0208,0.0079,0.0002,0.000,4.494,4.500,-3.551
38.0291,0.0083,0.0002,0.000,4.494,4.500,-3.552
38.0390,0.0099,0.0002,0.000,4.494,4.500,-3.552
38.0487,0.0097,0.0002,0.000,4.494,4.500,-3.552
38.0594,0.0107,0.0023,0.000,4.496,4.500,-3.554
38.0685,0.0091,0.0034,0.000,4.498,4.500,-3.556
38.0796,0.0111,0.0050,0.000,4.502,4.500,-3.559
38.0901,0.0105,0.0054,0.000,4.506,4.500,-3.563
38.1006,0.0105,0.0044,0.000,4.509,4.500,-3.566
38.1096,0.0091,0.0033,0.000,4.510,4.500,-3.569
38.1200,0.0104,0.0036,0.000,4.511,4.500,-3.573
38.1286,0.0086,0.0031,0.000,4.510,4.500,-3.576
38.1396,0.0110,0.0044,0.000,4.508,4.500,-3.580
38.1493,0.0098,0.0044,0.000,4.506,4.500,-3.583
38.1611,0.0117,0.0060,0.000,4.502,4.500,-3.588
38.1730,0.0119,0.0068,0.000,4.497,4.500,-3.593
38.1888,0.0158,0.0103,0.000,4.489,4.500,-3.599
38.2038,0.0151,0.0108,0.000,4.480,4.500,-3.605
38.2278,0.0240,0.0196,0.000,4.463,4.500,-3.615
38.2430,0.0152,0.0126,0.000,4.452,4.500,-3.621
38.2561,0.0131,0.0111,0.000,4.442,4.500,-3.626
38.2662,0.0101,0.0087,0.000,4.434,4.500,-3.630
38.2787,0.0125,0.0111,0.000,4.424,4.500,-3.635
38.2876,0.0089,0.0079,0.000,4.417,4.500,-3.638
38.2996,0.0121,0.0110,0.000,4.407,4.500,-3.642
38.3086,0.0090,0.0082,0.000,4.400,4.500,-3.646
38.3198,0.0111,0.0103,0.000,4.390,4.500,-3.650
38.3285,0.0087,0.0081,0.000,4.383,4.500,-3.653
38.3409,0.0123,0.0116,0.000,4.372,4.500,-3.658
38.3532,0.0123,0.0116,0.000,4.361,4.500,-3.662
38.3605,0.0073,0.0067,0.000,4.355,4.500,-3.665
38.3692,0.0088,0.0081,0.000,4.348,4.500,-3.668
38.3805,0.0112,0.0105,0.000,4.338,4.500,-3.672
38.3884,0.0079,0.0073,0.000,4.331,4.500,-3.675
38.3992,0.0108,0.0100,0.000,4.322,4.500,-3.679
38.4072,0.0080,0.0073,0.000,4.315,4.500,-3.681
38.4174,0.0102,0.0093,0.000,4.307,4.500,-3.685
38.4257,0.0083,0.0074,0.000,4.300,4.500,-3.687
38.4354,0.0097,0.0087,0.000,4.292,4.500,-3.691
38.4426,0.0072,0.0063,0.000,4.286,4.500,-3.693
38.4566,0.0141,0.0125,0.000,4.274,4.500,-3.697
38.4647,0.0081,0.0069,0.000,4.268,4.500,-3.700
38.4742,0.0095,0.0081,0.000,4.260,4.500,-3.702
38.4830,0.0088,0.0074,0.000,4.253,4.500,-3.705
38.4937,0.0107,0.0089,0.000,4.245,4.500,-3.708
38.5022,0.0085,0.0069,0.000,4.238,4.500,-3.710
38.5132,0.0110,0.0089,0.000,4.230,4.500,-3.713
38.5214,0.0081,0.0064,0.000,4.224,4.500,-3.716
38.5311,0.0097,0.0076,0.000,4.217,4.500,-3.718
38.5398,0.0087,0.0067,0.000,4.210,4.500,-3.720
38.5476,0.0077,0.0059,0.000,4.205,4.500,-3.722
38.5575,0.0099,0.0074,0.000,4.198,4.500,-3.724
38.5649,0.0074,0.0054,0.000,4.193,4.500,-3.726
38.5742,0.0093,0.0068,0.000,4.186,4.500,-3.728
38.5821,0.0079,0.0056,0.000,4.181,4.500,-3.730
38.5931,0.0111,0.0078,0.000,4.173,4.500,-3.732
38.6008,0.0077,0.0053,0.000,4.168,4.500,-3.733
38.6087,0.0078,0.0053,0.000,4.163,4.500,-3.735
38.6196,0.0110,0.0074,0.000,4.156,4.500,-3.737
38.6277,0.0080,0.0052,0.000,4.151,4.500,-3.738
38.6376,0.0099,0.0064,0.000,4.145,4.500,-3.740
38.6461,0.0085,0.0054,0.000,4.139,4.500,-3.742
38.6566,0.0105,0.0066,0.000,4.133,4.500,-3.743
38.6655,0.0089,0.0054,0.000,4.128,4.500,-3.745
38.6755,0.0100,0.0060,0.000,4.122,4.500,-3.746
38.6829,0.0074,0.0043,0.000,4.118,4.500,-3.747
38.6932,0.0103,0.0060,0.000,4.112,4.500,-3.748
38.7016,0.0084,0.0048,0.000,4.107,4.500,-3.749
38.7127,0.0111,0.0062,0.000,4.101,4.500,-3.751
38.7211,0.0084,0.0046,0.000,4.097,4.500,-3.752
38.7323,0.0112,0.0060,0.000,4.091,4.500,-3.753
38.7407,0.0084,0.0044,0.000,4.087,4.500,-3.754
38.7488,0.0082,0.0042,0.000,4.083,4.500,-3.755
38.7607,0.0119,0.0060,0.000,4.077,4.500,-3.756
38.7683,0.0077,0.0038,0.000,4.073,4.500,-3.757
38.7783,0.0099,0.0048,0.000,4.068,4.500,-3.758
38.7863,0.0081,0.0038,0.000,4.064,4.500,-3.758
38.7972,0.0108,0.0051,0.000,4.060,4.500,-3.759
38.8051,0.0079,0.0036,0.000,4.056,4.500,-3.760
38.8144,0.0093,0.0042,0.000,4.052,4.500,-3.761
38.8220,0.0077,0.0033,0.000,4.049,4.500,-3.762
38.8310,0.0090,0.0039,0.000,4.045,4.500,-3.762
38.8393,0.0083,0.0035,0.000,4.041,4.500,-3.763
38.8466,0.0073,0.0030,0.000,4.038,4.500,-3.763
38.8581,0.0115,0.0047,0.000,4.034,4.500,-3.764
38.8677,0.0096,0.0038,0.000,4.030,4.500,-3.765
38.8818,0.0141,0.0055,0.000,4.025,4.500,-3.766
38.8937,0.0119,0.0044,0.000,4.020,4.500,-3.767
38.9031,0.0094,0.0034,0.000,4.017,4.500,-3.767
38.9160,0.0128,0.0045,0.000,4.013,4.500,-3.768
38.9258,0.0098,0.0034,0.000,4.009,4.500,-3.769
38.9364,0.0106,0.0035,0.000,4.006,4.500,-3.770
38.9496,0.0132,0.0043,0.000,4.002,4.500,-3.770
38.9604,0.0107,0.0034,0.000,3.998,4.500,-3.771
38.9722,0.0119,0.0036,0.000,3.995,4.500,-3.772
38.9853,0.0130,0.0038,0.000,3.991,4.500,-3.773
38.9965,0.0112,0.0032,0.000,3.988,4.500,-3.774
39.0059,0.0094,0.0026,0.000,3.986,4.500,-3.774
39.0173,0.0114,0.0031,0.000,3.982,4.500,-3.775
39.0278,0.0104,0.0028,0.000,3.980,4.500,-3.776
39.0415,0.0138,0.0036,0.000,3.976,4.500,-3.777
39.0521,0.0106,0.0027,0.000,3.974,4.500,-3.778
39.0594,0.0073,0.0018,0.000,3.972,4.500,-3.778
39.0668,0.0073,0.0018,0.000,3.970,4.500,-3.779
39.0766,0.0099,0.0023,0.000,3.968,4.500,-3.779
39.0853,0.0087,0.0020,0.000,3.966,4.500,-3.780
39.0950,0.0097,0.0022,0.000,3.964,4.500,-3.781
39.1030,0.0080,0.0018,0.000,3.962,4.500,-3.781
39.1123,0.0093,0.0021,0.000,3.960,4.500,-3.782
39.1210,0.0087,0.0019,0.000,3.959,4.500,-3.782
39.1300,0.0090,0.0019,0.000,3.957,4.500,-3.783
39.1367,0.0068,0.0014,0.000,3.955,4.500,-3.783
39.1458,0.0091,0.0019,0.000,3.954,4.500,-3.784
39.1542,0.0084,0.0018,0.000,3.952,4.500,-3.784
39.1608,0.0065,0.0013,0.000,3.951,4.500,-3.785
39.1681,0.0073,0.0015,0.000,3.949,4.500,-3.785
39.1782,0.0101,0.0021,0.000,3.947,4.500,-3.786
39.1854,0.0073,0.0015,0.000,3.946,4.500,-3.786
39.1948,0.0094,0.0019,0.000,3.944,4.500,-3.787
39.2021,0.0072,0.0014,0.000,3.943,4.500,-3.787
39.2142,0.0121,0.0024,0.000,3.940,4.500,-3.788
39.2236,0.0093,0.0018,0.000,3.939,4.500,-3.788
39.2326,0.0090,0.0017,0.000,3.937,4.500,-3.789
39.2397,0.0071,0.0013,0.000,3.936,4.500,-3.789
39.2514,0.0118,0.0022,0.000,3.934,4.500,-3.790
39.2615,0.0100,0.0019,0.000,3.932,4.500,-3.790
39.2707,0.0093,0.0017,0.000,3.930,4.500,-3.791
39.2779,0.0072,0.0013,0.000,3.929,4.500,-3.791
39.2851,0.0072,0.0013,0.000,3.928,4.500,-3.791
39.2930,0.0078,0.0014,0.000,3.926,4.500,-3.792
39.3028,0.0098,0.0018,0.000,3.925,4.500,-3.792
39.3137,0.0109,0.0020,0.000,3.923,4.500,-3.793
39.3206,0.0069,0.0012,0.000,3.921,4.500,-3.793
39.3275,0.0069,0.0012,0.000,3.920,4.500,-3.793
39.3377,0.0102,0.0018,0.000,3.919,4.500,-3.794
39.3455,0.0077,0.0014,0.000,3.917,4.500,-3.794
39.3574,0.0119,0.0021,0.000,3.915,4.500,-3.795
39.3658,0.0084,0.0014,0.000,3.914,4.500,-3.795
39.3736,0.0078,0.0013,0.000,3.913,4.500,-3.796
39.3815,0.0079,0.0013,0.000,3.911,4.500,-3.796
39.3906,0.0091,0.0015,0.000,3.910,4.500,-3.797
39.3970,0.0065,0.0010,0.000,3.909,4.500,-3.797
39.4055,0.0084,0.0014,0.000,3.908,4.500,-3.797
39.4135,0.0080,0.0013,0.000,3.906,4.500,-3.798
39.4218,0.0083,0.0013,0.000,3.905,4.500,-3.798
39.4311,0.0093,0.0015,0.000,3.904,4.500,-3.798
39.4379,0.0068,0.0010,0.000,3.903,4.500,-3.799
39.4445,0.0067,0.0010,0.000,3.902,4.500,-3.799
39.4544,0.0099,0.0015,0.000,3.900,4.500,-3.799
39.4626,0.0082,0.0012,0.000,3.899,4.500,-3.800
39.4721,0.0094,0.0014,0.000,3.898,4.500,-3.800
39.4794,0.0074,0.0011,0.000,3.897,4.500,-3.800
39.4858,0.0064,0.0009,0.000,3.896,4.500,-3.801
39.4937,0.0079,0.0012,0.000,3.895,4.500,-3.801
39.5014,0.0077,0.0011,0.000,3.894,4.500,-3.801
39.5109,0.0095,0.0014,0.000,3.892,4.500,-3.802
39.5190,0.0082,0.0012,0.000,3.891,4.500,-3.802
39.5270,0.0080,0.0012,0.000,3.890,4.500,-3.802
39.5357,0.0086,0.0013,0.000,3.889,4.500,-3.803
39.5419,0.0062,0.0009,0.000,3.888,4.500,-3.803
39.5515,0.0097,0.0014,0.000,3.887,4.500,-3.804
39.5592,0.0077,0.0011,0.000,3.886,4.500,-3.804
39.5661,0.0069,0.0010,0.000,3.885,4.500,-3.804
39.5762,0.0100,0.0015,0.000,3.883,4.500,-3.805
39.5832,0.0070,0.0010,0.000,3.882,4.500,-3.805
39.5946,0.0114,0.0017,0.000,3.881,4.500,-3.806
39.6044,0.0099,0.0014,0.000,3.879,4.500,-3.806
39.6164,0.0119,0.0018,0.000,3.878,4.500,-3.807
39.6251,0.0087,0.0013,0.000,3.877,4.500,-3.807
39.6348,0.0096,0.0014,0.000,3.875,4.500,-3.808
39.6420,0.0072,0.0011,0.000,3.874,4.500,-3.808
39.6518,0.0098,0.0015,0.000,3.873,4.500,-3.809
39.6608,0.0090,0.0013,0.000,3.872,4.500,-3.810
39.6684,0.0076,0.0011,0.000,3.871,4.500,-3.810
39.6774,0.0090,0.0014,0.000,3.870,4.500,-3.811
39.6858,0.0084,0.0013,0.000,3.868,4.500,-3.811
39.6952,0.0094,0.0015,0.000,3.867,4.500,-3.812
39.7033,0.0081,0.0013,0.000,3.866,4.500,-3.813
39.7148,0.0115,0.0018,0.000,3.865,4.500,-3.814
39.7247,0.0099,0.0016,0.000,3.863,4.500,-3.815
39.7341,0.0094,0.0015,0.000,3.862,4.500,-3.816
39.7421,0.0080,0.0013,0.000,3.861,4.500,-3.817
39.7526,0.0105,0.0018,0.000,3.860,4.500,-3.818
39.7612,0.0086,0.0015,0.000,3.859,4.500,-3.818
39.7713,0.0100,0.0017,0.000,3.857,4.500,-3.820
39.7782,0.0070,0.0012,0.000,3.856,4.500,-3.820
39.7856,0.0074,0.0013,0.000,3.855,4.500,-3.821
39.7950,0.0094,0.0017,0.000,3.854,4.500,-3.822
39.8035,0.0084,0.0015,0.000,3.853,4.500,-3.823
39.8131,0.0096,0.0018,0.000,3.851,4.500,-3.824
39.8222,0.0091,0.0017,0.000,3.850,4.500,-3.826
39.8320,0.0098,0.0019,0.000,3.849,4.500,-3.827
39.8403,0.0083,0.0016,0.000,3.848,4.500,-3.828
39.8491,0.0087,0.0017,0.000,3.846,4.500,-3.829
39.8579,0.0088,0.0018,0.000,3.845,4.500,-3.830
39.8672,0.0094,0.0019,0.000,3.844,4.500,-3.832
39.8766,0.0094,0.0020,0.000,3.842,4.500,-3.833
39.8852,0.0086,0.0018,0.000,3.841,4.500,-3.835
39.8939,0.0087,0.0019,0.000,3.840,4.500,-3.836
39.9014,0.0075,0.0016,0.000,3.839,4.500,-3.837
39.9111,0.0097,0.0022,0.000,3.837,4.500,-3.839
39.9192,0.0081,0.0018,0.000,3.836,4.500,-3.840
39.9276,0.0084,0.0019,0.000,3.835,4.500,-3.841
39.9372,0.0096,0.0022,0.000,3.833,4.500,-3.843
39.9455,0.0083,0.0019,0.000,3.832,4.500,-3.844
39.9553,0.0098,0.0023,0.000,3.830,4.500,-3.846
39.9630,0.0077,0.0018,0.000,3.829,4.500,-3.847
39.9724,0.0095,0.0022,0.000,3.828,4.500,-3.849
39.9815,0.0091,0.0021,0.000,3.826,4.500,-3.851
39.9917,0.0102,0.0024,0.000,3.825,4.500,-3.852
39.9992,0.0075,0.0017,0.000,3.823,4.500,-3.854
40.0072,0.0080,0.0019,0.000,3.822,4.500,-3.855
40.0163,0.0092,0.0022,0.000,3.821,4.500,-3.857
40.0257,0.0093,0.0022,0.000,3.819,4.500,-3.858
40.0346,0.0089,0.0021,0.000,3.818,4.500,-3.860
40.0424,0.0078,0.0018,0.000,3.816,4.500,-3.861
40.0548,0.0124,0.0029,0.000,3.814,4.500,-3.863
40.0637,0.0088,0.0020,0.000,3.813,4.500,-3.865
40.0739,0.0103,0.0023,0.000,3.811,4.500,-3.866
40.0814,0.0075,0.0016,0.000,3.810,4.500,-3.867
40.0919,0.0105,0.0023,0.000,3.808,4.500,-3.869
40.1020,0.0102,0.0022,0.000,3.807,4.500,-3.870
40.1124,0.0104,0.0022,0.000,3.805,4.500,-3.871
40.1208,0.0084,0.0017,0.000,3.804,4.500,-3.872
40.1273,0.0065,0.0013,0.000,3.803,4.500,-3.873
40.1364,0.0091,0.0018,0.000,3.801,4.500,-3.874
40.1443,0.0079,0.0015,0.000,3.800,4.500,-3.875
40.1527,0.0084,0.0016,0.000,3.798,4.500,-3.876
40.1594,0.0068,0.0013,0.000,3.797,4.500,-3.876
40.1663,0.0069,0.0013,0.000,3.796,4.500,-3.877
40.1759,0.0096,0.0018,0.000,3.795,4.500,-3.878
40.1834,0.0074,0.0014,0.000,3.793,4.500,-3.878
40.1944,0.0111,0.0020,0.000,3.791,4.500,-3.879
40.2016,0.0072,0.0013,0.000,3.790,4.500,-3.879
40.2133,0.0117,0.0021,0.000,3.788,4.500,-3.879
40.2226,0.0093,0.0017,0.000,3.786,4.500,-3.880
40.2324,0.0098,0.0018,0.000,3.784,4.500,-3.880
40.2397,0.0072,0.0013,0.000,3.783,4.500,-3.880
40.2478,0.0081,0.0015,0.000,3.782,4.500,-3.880
40.2574,0.0095,0.0018,0.000,3.780,4.500,-3.880
40.2660,0.0086,0.0017,0.000,3.778,4.500,-3.879
40.2767,0.0107,0.0022,0.000,3.776,4.500,-3.879
40.2870,0.0104,0.0022,0.000,3.774,4.500,-3.879
40.2975,0.0104,0.0022,0.000,3.772,4.500,-3.878
40.3062,0.0088,0.0019,0.000,3.770,4.500,-3.878
40.3156,0.0094,0.0021,0.000,3.768,4.500,-3.877
40.3216,0.0060,0.0014,0.000,3.766,4.500,-3.877
40.3315,0.0099,0.0023,0.000,3.764,4.500,-3.876
40.3386,0.0071,0.0017,0.000,3.762,4.500,-3.876
40.3451,0.0065,0.0016,0.000,3.761,4.500,-3.876
40.3545,0.0094,0.0023,0.000,3.759,4.500,-3.875
40.3616,0.0071,0.0018,0.000,3.757,4.500,-3.874
40.3719,0.0104,0.0019,0.000,3.756,4.500,-3.873
40.3811,0.0092,0.0015,0.000,3.755,4.500,-3.872
40.3918,0.0107,0.0021,0.000,3.755,4.500,-3.869
40.3994,0.0076,0.0017,0.000,3.756,4.500,-3.868
40.4075,0.0080,0.0022,0.000,3.757,4.500,-3.866
40.4169,0.0094,0.0031,0.000,3.759,4.500,-3.863
40.4257,0.0088,0.0033,0.000,3.761,4.500,-3.861
40.4345,0.0088,0.0038,0.000,3.764,4.500,-3.858
40.4420,0.0074,0.0034,0.000,3.766,4.500,-3.856
40.4514,0.0095,0.0048,0.000,3.770,4.500,-3.853
40.4603,0.0089,0.0048,0.000,3.774,4.500,-3.850
40.4679,0.0075,0.0043,0.000,3.777,4.500,-3.847
40.4774,0.0095,0.0058,0.000,3.782,4.500,-3.844
40.4864,0.0090,0.0057,0.000,3.786,4.500,-3.840
40.4964,0.0101,0.0067,0.000,3.792,4.500,-3.836
40.5042,0.0077,0.0053,0.000,3.796,4.500,-3.833
40.5141,0.0099,0.0071,0.000,3.802,4.500,-3.829
40.5229,0.0088,0.0064,0.000,3.807,4.500,-3.826
40.5316,0.0087,0.0065,0.000,3.813,4.500,-3.822
40.5399,0.0083,0.0063,0.000,3.818,4.500,-3.819
40.5470,0.0071,0.0054,0.000,3.823,4.500,-3.816
40.5568,0.0098,0.0077,0.000,3.829,4.500,-3.812
40.5655,0.0088,0.0070,0.000,3.835,4.500,-3.808
40.5755,0.0099,0.0080,0.000,3.842,4.500,-3.804
40.5819,0.0064,0.0052,0.000,3.847,4.500,-3.802
40.5919,0.0101,0.0083,0.000,3.854,4.500,-3.797
40.5995,0.0076,0.0062,0.000,3.859,4.500,-3.794
40.6062,0.0066,0.0055,0.000,3.864,4.500,-3.792
40.6158,0.0096,0.0080,0.000,3.871,4.500,-3.788
40.6231,0.0073,0.0061,0.000,3.876,4.500,-3.785
40.6349,0.0118,0.0100,0.000,3.885,4.500,-3.780
40.6421,0.0072,0.0060,0.000,3.890,4.500,-3.777
40.6511,0.0090,0.0076,0.000,3.897,4.500,-3.773
40.6589,0.0078,0.0066,0.000,3.903,4.500,-3.770
40.6672,0.0083,0.0070,0.000,3.909,4.500,-3.767
40.6768,0.0097,0.0082,0.000,3.916,4.500,-3.763
40.6840,0.0071,0.0060,0.000,3.921,4.500,-3.760
40.6924,0.0085,0.0071,0.000,3.928,4.500,-3.757
40.7014,0.0089,0.0075,0.000,3.934,4.500,-3.753
40.7107,0.0093,0.0078,0.000,3.941,4.500,-3.750
40.7176,0.0069,0.0057,0.000,3.946,4.500,-3.747
40.7256,0.0081,0.0067,0.000,3.952,4.500,-3.744
40.7341,0.0084,0.0070,0.000,3.959,4.500,-3.741
40.7423,0.0083,0.0068,0.000,3.965,4.500,-3.738
40.7517,0.0094,0.0077,0.000,3.971,4.500,-3.734
40.7602,0.0085,0.0069,0.000,3.978,4.500,-3.731
40.7680,0.0078,0.0062,0.000,3.983,4.500,-3.729
40.7778,0.0097,0.0077,0.000,3.990,4.500,-3.725
40.7861,0.0084,0.0066,0.000,3.996,4.500,-3.722
40.7963,0.0102,0.0080,0.000,4.003,4.500,-3.719
40.8041,0.0077,0.0059,0.000,4.008,4.500,-3.716
40.8121,0.0081,0.0061,0.000,4.014,4.500,-3.714
40.8205,0.0084,0.0063,0.000,4.020,4.500,-3.711
40.8273,0.0068,0.0051,0.000,4.024,4.500,-3.709
40.8398,0.0125,0.0093,0.000,4.033,4.500,-3.705
40.8474,0.0076,0.0055,0.000,4.038,4.500,-3.702
40.8569,0.0095,0.0068,0.000,4.044,4.500,-3.699
40.8652,0.0083,0.0058,0.000,4.049,4.500,-3.697
40.8737,0.0085,0.0059,0.000,4.054,4.500,-3.695
40.8820,0.0082,0.0056,0.000,4.060,4.500,-3.692
40.8924,0.0104,0.0070,0.000,4.066,4.500,-3.689
40.9015,0.0091,0.0060,0.000,4.071,4.500,-3.687
40.9111,0.0097,0.0062,0.000,4.077,4.500,-3.684
40.9179,0.0068,0.0043,0.000,4.081,4.500,-3.682
40.9252,0.0073,0.0046,0.000,4.085,4.500,-3.680
40.9342,0.0089,0.0055,0.000,4.090,4.500,-3.678
40.9413,0.0071,0.0042,0.000,4.094,4.500,-3.677
40.9507,0.0094,0.0055,0.000,4.099,4.500,-3.674
40.9574,0.0067,0.0038,0.000,4.103,4.500,-3.673
40.9658,0.0084,0.0047,0.000,4.107,4.500,-3.671
40.9761,0.0103,0.0056,0.000,4.112,4.500,-3.669
40.9860,0.0099,0.0052,0.000,4.117,4.500,-3.666
40.9969,0.0109,0.0056,0.000,4.122,4.500,-3.664
41.0070,0.0101,0.0050,0.000,4.127,4.500,-3.662
41.0204,0.0134,0.0064,0.000,4.132,4.500,-3.660
41.0295,0.0091,0.0041,0.000,4.136,4.500,-3.658
41.0413,0.0118,0.0052,0.000,4.141,4.500,-3.656
41.0526,0.0114,0.0047,0.000,4.145,4.500,-3.654
41.0606,0.0080,0.0032,0.000,4.148,4.500,-3.653
41.0696,0.0090,0.0035,0.000,4.152,4.500,-3.652
41.0791,0.0094,0.0035,0.000,4.155,4.500,-3.651
41.0871,0.0080,0.0029,0.000,4.157,4.500,-3.649
41.0979,0.0108,0.0038,0.000,4.161,4.500,-3.648
41.1076,0.0097,0.0032,0.000,4.164,4.500,-3.647
41.1193,0.0117,0.0037,0.000,4.167,4.500,-3.646
41.1320,0.0127,0.0039,0.000,4.171,4.500,-3.644
41.1441,0.0121,0.0035,0.000,4.174,4.500,-3.643
41.1548,0.0106,0.0029,0.000,4.177,4.500,-3.642
41.1630,0.0082,0.0022,0.000,4.179,4.500,-3.642
41.1738,0.0108,0.0028,0.000,4.182,4.500,-3.641
41.1807,0.0069,0.0017,0.000,4.184,4.500,-3.641
41.1884,0.0077,0.0019,0.000,4.185,4.500,-3.640
41.1991,0.0107,0.0025,0.000,4.188,4.500,-3.639
41.2074,0.0084,0.0019,0.000,4.190,4.500,-3.639
41.2203,0.0128,0.0029,0.000,4.193,4.500,-3.638
41.2275,0.0072,0.0016,0.000,4.194,4.500,-3.638
41.2366,0.0091,0.0019,0.000,4.196,4.500,-3.638
41.2441,0.0075,0.0016,0.000,4.198,4.500,-3.637
41.2522,0.0081,0.0017,0.000,4.199,4.500,-3.637
41.2593,0.0070,0.0014,0.000,4.201,4.500,-3.637
41.2670,0.0077,0.0015,0.000,4.202,4.500,-3.637
41.2765,0.0095,0.0018,0.000,4.204,4.500,-3.636
41.2834,0.0069,0.0013,0.000,4.205,4.500,-3.636
41.2927,0.0092,0.0017,0.000,4.207,4.500,-3.636
41.3016,0.0089,0.0016,0.000,4.209,4.500,-3.636
41.3123,0.0107,0.0019,0.000,4.210,4.500,-3.635
41.3251,0.0127,0.0022,0.000,4.213,4.500,-3.635
41.3360,0.0109,0.0018,0.000,4.214,4.500,-3.635
41.3453,0.0093,0.0015,0.000,4.216,4.500,-3.635
41.3538,0.0085,0.0011,0.000,4.216,4.500,-3.636
41.3610,0.0071,0.0015,0.000,4.216,4.500,-3.637
41.3704,0.0094,0.0033,0.000,4.215,4.500,-3.640
41.3784,0.0080,0.0037,0.000,4.214,4.500,-3.644
41.3857,0.0074,0.0041,0.000,4.212,4.500,-3.647
41.3954,0.0097,0.0066,0.000,4.209,4.500,-3.653
41.4040,0.0085,0.0067,0.000,4.206,4.500,-3.659
41.4153,0.0113,0.0102,0.000,4.201,4.500,-3.668
41.4231,0.0078,0.0075,0.000,4.197,4.500,-3.674
41.4326,0.0096,0.0100,0.000,4.192,4.500,-3.683
41.4400,0.0073,0.0080,0.000,4.188,4.500,-3.690
41.4468,0.0069,0.0078,0.000,4.184,4.500,-3.696
41.4562,0.0094,0.0113,0.000,4.178,4.500,-3.706
41.4632,0.0070,0.0086,0.000,4.173,4.500,-3.713
41.4767,0.0135,0.0179,0.000,4.163,4.500,-3.728
41.4870,0.0103,0.0140,0.000,4.156,4.500,-3.740
41.4963,0.0093,0.0128,0.000,4.149,4.500,-3.751
41.5043,0.0080,0.0112,0.000,4.143,4.500,-3.760
41.5142,0.0099,0.0142,0.000,4.135,4.500,-3.772
41.5221,0.0079,0.0113,0.000,4.129,4.500,-3.782
41.5316,0.0094,0.0138,0.000,4.121,4.500,-3.793
41.5393,0.0077,0.0112,0.000,4.115,4.500,-3.803
41.5458,0.0066,0.0097,0.000,4.110,4.500,-3.811
41.5544,0.0085,0.0127,0.000,4.103,4.500,-3.821
41.5619,0.0075,0.0112,0.000,4.097,4.500,-3.831
41.5710,0.0091,0.0136,0.000,4.089,4.500,-3.842
41.5843,0.0133,0.0203,0.000,4.078,4.500,-3.859
41.5949,0.0106,0.0159,0.000,4.069,4.500,-3.872
41.6042,0.0093,0.0139,0.000,4.062,4.500,-3.884
41.6159,0.0117,0.0176,0.000,4.052,4.500,-3.899
41.6248,0.0089,0.0132,0.000,4.045,4.500,-3.910
41.6322,0.0075,0.0110,0.000,4.039,4.500,-3.919
41.6398,0.0076,0.0111,0.000,4.033,4.500,-3.928
41.6472,0.0074,0.0108,0.000,4.027,4.500,-3.937
41.6562,0.0090,0.0132,0.000,4.020,4.500,-3.948
41.6638,0.0075,0.0109,0.000,4.014,4.500,-3.957
41.6732,0.0095,0.0137,0.000,4.006,4.500,-3.969
41.6820,0.0088,0.0126,0.000,3.999,4.500,-3.979
41.6926,0.0105,0.0150,0.000,3.991,4.500,-3.992
41.7008,0.0083,0.0116,0.000,3.985,4.500,-4.002
41.7086,0.0078,0.0108,0.000,3.979,4.500,-4.011
41.7175,0.0088,0.0122,0.000,3.973,4.500,-4.021
41.7253,0.0078,0.0106,0.000,3.967,4.500,-4.030
41.7339,0.0086,0.0117,0.000,3.961,4.500,-4.040
41.7429,0.0089,0.0119,0.000,3.954,4.500,-4.050
41.7531,0.0102,0.0135,0.000,3.947,4.500,-4.061
41.7599,0.0069,0.0089,0.000,3.942,4.500,-4.069
41.7670,0.0070,0.0090,0.000,3.937,4.500,-4.076
41.7765,0.0095,0.0121,0.000,3.931,4.500,-4.086
41.7849,0.0084,0.0106,0.000,3.925,4.500,-4.095
41.7955,0.0106,0.0131,0.000,3.918,4.500,-4.107
41.8039,0.0084,0.0103,0.000,3.913,4.500,-4.115
41.8138,0.0099,0.0119,0.000,3.906,4.500,-4.125
41.8212,0.0074,0.0087,0.000,3.902,4.500,-4.133
41.8333,0.0122,0.0143,0.000,3.894,4.500,-4.145
41.8413,0.0080,0.0091,0.000,3.889,4.500,-4.153
41.8507,0.0093,0.0105,0.000,3.884,4.500,-4.162
41.8583,0.0077,0.0085,0.000,3.879,4.500,-4.169
41.8686,0.0103,0.0113,0.000,3.873,4.500,-4.178
41.8788,0.0102,0.0110,0.000,3.868,4.500,-4.188
41.8869,0.0081,0.0086,0.000,3.863,4.500,-4.195
41.8961,0.0092,0.0081,0.000,3.859,4.500,-4.202
41.9039,0.0078,0.0056,0.000,3.856,4.500,-4.207
41.9133,0.0094,0.0054,0.000,3.854,4.500,-4.212
41.9211,0.0079,0.0035,0.000,3.852,4.500,-4.215
41.9306,0.0095,0.0030,0.000,3.851,4.500,-4.217
41.9371,0.0065,0.0014,0.000,3.851,4.500,-4.219
41.9455,0.0084,0.0011,0.000,3.851,4.500,-4.220
41.9543,0.0088,0.0006,0.000,3.851,4.500,-4.220
41.9630,0.0087,0.0009,0.000,3.852,4.500,-4.220
41.9723,0.0093,0.0017,0.000,3.853,4.500,-4.219
41.9814,0.0092,0.0024,0.000,3.855,4.500,-4.217
41.9921,0.0107,0.0037,0.000,3.858,4.500,-4.215
41.9997,0.0076,0.0030,0.000,3.860,4.500,-4.213
42.0061,0.0063,0.0028,0.000,3.862,4.500,-4.211
42.0167,0.0106,0.0054,0.000,3.865,4.500,-4.207
42.0258,0.0092,0.0051,0.000,3.869,4.500,-4.203
42.0346,0.0087,0.0052,0.000,3.872,4.500,-4.199
42.0421,0.0075,0.0047,0.000,3.875,4.500,-4.195
42.0521,0.0100,0.0068,0.000,3.880,4.500,-4.190
42.0603,0.0082,0.0057,0.000,3.883,4.500,-4.186
42.0687,0.0083,0.0061,0.000,3.887,4.500,-4.181
42.0792,0.0106,0.0081,0.000,3.893,4.500,-4.175
42.0875,0.0083,0.0064,0.000,3.897,4.500,-4.170
42.0984,0.0109,0.0088,0.000,3.902,4.500,-4.163
42.1067,0.0083,0.0068,0.000,3.907,4.500,-4.158
42.1185,0.0118,0.0101,0.000,3.913,4.500,-4.150
42.1278,0.0093,0.0080,0.000,3.918,4.500,-4.144
42.1382,0.0104,0.0091,0.000,3.924,4.500,-4.137
42.1468,0.0086,0.0075,0.000,3.928,4.500,-4.131
42.1569,0.0101,0.0090,0.000,3.934,4.500,-4.124
42.1652,0.0083,0.0073,0.000,3.938,4.500,-4.118
42.1733,0.0081,0.0072,0.000,3.943,4.500,-4.113
42.1808,0.0076,0.0067,0.000,3.947,4.500,-4.107
42.1907,0.0098,0.0088,0.000,3.953,4.500,-4.100
42.1973,0.0066,0.0058,0.000,3.956,4.500,-4.096
42.2063,0.0091,0.0081,0.000,3.961,4.500,-4.089
42.2149,0.0086,0.0077,0.000,3.966,4.500,-4.083
42.2210,0.0060,0.0053,0.000,3.969,4.500,-4.079
42.2309,0.0099,0.0089,0.000,3.975,4.500,-4.072
42.2385,0.0076,0.0067,0.000,3.979,4.500,-4.067
42.2458,0.0074,0.0065,0.000,3.983,4.500,-4.062
42.2559,0.0100,0.0089,0.000,3.988,4.500,-4.055
42.2651,0.0092,0.0081,0.000,3.993,4.500,-4.048
42.2758,0.0107,0.0094,0.000,3.999,4.500,-4.041
42.2857,0.0099,0.0068,0.000,4.003,4.500,-4.036
42.2945,0.0088,0.0047,0.000,4.006,4.500,-4.032
42.3013,0.0069,0.0029,0.000,4.008,4.500,-4.030
42.3120,0.0107,0.0030,0.000,4.010,4.500,-4.028
42.3188,0.0067,0.0013,0.000,4.011,4.500,-4.027
42.3260,0.0073,0.0008,0.000,4.012,4.500,-4.027
42.3370,0.0110,0.0007,0.000,4.012,4.500,-4.027
42.3449,0.0079,0.0010,0.000,4.012,4.500,-4.028
42.3528,0.0078,0.0016,0.000,4.011,4.500,-4.030
42.3614,0.0087,0.0024,0.000,4.010,4.500,-4.032
42.3721,0.0107,0.0039,0.000,4.009,4.500,-4.035
42.3795,0.0074,0.0030,0.000,4.007,4.500,-4.038
42.3877,0.0082,0.0038,0.000,4.006,4.500,-4.042
42.3982,0.0105,0.0057,0.000,4.003,4.500,-4.046
42.4068,0.0086,0.0050,0.000,4.001,4.500,-4.051
42.4167,0.0099,0.0062,0.000,3.998,4.500,-4.056
42.4235,0.0068,0.0045,0.000,3.995,4.500,-4.060
42.4331,0.0096,0.0067,0.000,3.992,4.500,-4.066
42.4421,0.0090,0.0066,0.000,3.989,4.500,-4.072
42.4546,0.0125,0.0098,0.000,3.984,4.500,-4.080
42.4631,0.0085,0.0068,0.000,3.980,4.500,-4.086
42.4749,0.0118,0.0098,0.000,3.975,4.500,-4.094
42.4841,0.0092,0.0078,0.000,3.971,4.500,-4.101
42.4936,0.0094,0.0081,0.000,3.967,4.500,-4.108
42.5017,0.0081,0.0071,0.000,3.964,4.500,-4.114
42.5143,0.0126,0.0113,0.000,3.958,4.500,-4.124
42.5235,0.0092,0.0082,0.000,3.954,4.500,-4.131
42.5332,0.0097,0.0088,0.000,3.949,4.500,-4.138
42.5402,0.0070,0.0062,0.000,3.946,4.500,-4.144
42.5480,0.0079,0.0071,0.000,3.942,4.500,-4.150
42.5597,0.0116,0.0107,0.000,3.937,4.500,-4.159
42.5675,0.0079,0.0071,0.000,3.933,4.500,-4.165
42.5770,0.0095,0.0087,0.000,3.929,4.500,-4.173
42.5853,0.0083,0.0075,0.000,3.925,4.500,-4.179
42.5940,0.0087,0.0079,0.000,3.921,4.500,-4.186
42.6014,0.0074,0.0067,0.000,3.918,4.500,-4.192
42.6117,0.0103,0.0093,0.000,3.913,4.500,-4.200
42.6189,0.0071,0.0063,0.000,3.910,4.500,-4.205
42.6261,0.0072,0.0064,0.000,3.906,4.500,-4.211
42.6356,0.0095,0.0085,0.000,3.902,4.500,-4.218
42.6418,0.0062,0.0054,0.000,3.899,4.500,-4.223
42.6511,0.0092,0.0081,0.000,3.895,4.500,-4.230
42.6601,0.0091,0.0079,0.000,3.891,4.500,-4.237
42.6676,0.0074,0.0064,0.000,3.888,4.500,-4.242
42.6771,0.0096,0.0082,0.000,3.884,4.500,-4.249
42.6851,0.0079,0.0067,0.000,3.881,4.500,-4.255
42.6944,0.0093,0.0078,0.000,3.877,4.500,-4.262
42.7015,0.0071,0.0059,0.000,3.874,4.500,-4.267
42.7112,0.0097,0.0080,0.000,3.870,4.500,-4.274
42.7183,0.0071,0.0057,0.000,3.867,4.500,-4.279
42.7268,0.0085,0.0068,0.000,3.864,4.500,-4.285
42.7371,0.0103,0.0082,0.000,3.860,4.500,-4.292
42.7449,0.0078,0.0061,0.000,3.857,4.500,-4.297
42.7531,0.0082,0.0063,0.000,3.854,4.500,-4.303
42.7610,0.0080,0.0061,0.000,3.851,4.500,-4.308
42.7707,0.0097,0.0074,0.000,3.847,4.500,-4.315
42.7773,0.0066,0.0049,0.000,3.845,4.500,-4.319
42.7850,0.0077,0.0057,0.000,3.842,4.500,-4.324
42.7933,0.0083,0.0061,0.000,3.839,4.500,-4.329
42.8004,0.0071,0.0052,0.000,3.837,4.500,-4.334
42.8077,0.0073,0.0053,0.000,3.834,4.500,-4.338
42.8173,0.0096,0.0069,0.000,3.831,4.500,-4.344
42.8246,0.0073,0.0051,0.000,3.828,4.500,-4.349
42.8341,0.0095,0.0067,0.000,3.825,4.500,-4.355
42.8416,0.0075,0.0052,0.000,3.823,4.500,-4.359
42.8503,0.0087,0.0060,0.000,3.820,4.500,-4.365
42.8565,0.0062,0.0042,0.000,3.818,4.500,-4.368
42.8637,0.0072,0.0048,0.000,3.815,4.500,-4.373
42.8718,0.0080,0.0054,0.000,3.813,4.500,-4.377
42.8804,0.0086,0.0057,0.000,3.810,4.500,-4.382
42.8871,0.0066,0.0043,0.000,3.808,4.500,-4.386
42.8960,0.0090,0.0058,0.000,3.805,4.500,-4.391
42.9044,0.0084,0.0053,0.000,3.803,4.500,-4.396
42.9134,0.0090,0.0057,0.000,3.800,4.500,-4.401
42.9210,0.0075,0.0047,0.000,3.798,4.500,-4.405
42.9312,0.0102,0.0063,0.000,3.795,4.500,-4.410
42.9390,0.0079,0.0047,0.000,3.793,4.500,-4.415
42.9452,0.0062,0.0037,0.000,3.791,4.500,-4.418
42.9547,0.0094,0.0056,0.000,3.788,4.500,-4.423
42.9617,0.0070,0.0040,0.000,3.786,4.500,-4.426
42.9710,0.0093,0.0054,0.000,3.784,4.500,-4.431
43.0025,0.0315,0.0184,0.000,3.775,4.500,-4.447
43.0225,0.0200,0.0107,0.000,3.770,4.500,-4.457
43.0329,0.0103,0.0052,0.000,3.768,4.500,-4.461
43.0420,0.0091,0.0045,0.000,3.766,4.500,-4.465
43.0518,0.0099,0.0048,0.000,3.763,4.500,-4.470
43.0600,0.0082,0.0039,0.000,3.762,4.500,-4.473
43.0718,0.0118,0.0056,0.000,3.759,4.500,-4.478
43.0835,0.0118,0.0054,0.000,3.757,4.500,-4.483
43.0948,0.0113,0.0050,0.000,3.754,4.500,-4.487
43.1058,0.0110,0.0048,0.000,3.752,4.500,-4.492
43.1198,0.0139,0.0060,0.000,3.749,4.500,-4.497
43.1285,0.0088,0.0036,0.000,3.748,4.500,-4.500
43.1389,0.0104,0.0042,0.000,3.746,4.500,-4.504
43.1488,0.0099,0.0039,0.000,3.744,4.500,-4.507
43.1594,0.0106,0.0041,0.000,3.742,4.500,-4.511
43.1695,0.0101,0.0038,0.000,3.740,4.500,-4.515
43.1798,0.0103,0.0038,0.000,3.739,4.500,-4.518
43.1875,0.0077,0.0028,0.000,3.738,4.500,-4.520
43.1983,0.0109,0.0039,0.000,3.736,4.500,-4.524
43.2067,0.0084,0.0029,0.000,3.734,4.500,-4.526
43.2189,0.0122,0.0042,0.000,3.733,4.500,-4.530
43.2270,0.0081,0.0027,0.000,3.731,4.500,-4.533
43.2362,0.0092,0.0030,0.000,3.730,4.500,-4.535
43.2441,0.0079,0.0025,0.000,3.729,4.500,-4.537
43.2540,0.0099,0.0030,0.000,3.728,4.500,-4.540
43.2615,0.0075,0.0022,0.000,3.727,4.500,-4.542
43.2708,0.0093,0.0027,0.000,3.725,4.500,-4.545
43.2801,0.0093,0.0027,0.000,3.724,4.500,-4.547
43.2893,0.0092,0.0026,0.000,3.723,4.500,-4.549
43.2989,0.0096,0.0026,0.000,3.722,4.500,-4.552
43.3073,0.0084,0.0022,0.000,3.721,4.500,-4.554
43.3167,0.0094,0.0024,0.000,3.720,4.500,-4.556
43.3244,0.0077,0.0019,0.000,3.719,4.500,-4.557
43.3333,0.0089,0.0022,0.000,3.718,4.500,-4.559
43.3401,0.0068,0.0016,0.000,3.717,4.500,-4.561
43.3471,0.0070,0.0016,0.000,3.716,4.500,-4.562
43.3582,0.0112,0.0026,0.000,3.715,4.500,-4.564
43.3660,0.0078,0.0017,0.000,3.714,4.500,-4.566
43.3747,0.0087,0.0019,0.000,3.713,4.500,-4.568
43.3856,0.0109,0.0023,0.000,3.712,4.500,-4.570
43.3948,0.0092,0.0019,0.000,3.711,4.500,-4.571
43.4022,0.0073,0.0015,0.000,3.710,4.500,-4.572
43.4116,0.0094,0.0019,0.000,3.709,4.500,-4.574
43.4187,0.0071,0.0014,0.000,3.709,4.500,-4.575
43.4256,0.0070,0.0013,0.000,3.708,4.500,-4.576
43.4343,0.0087,0.0016,0.000,3.707,4.500,-4.578
43.4427,0.0084,0.0015,0.000,3.706,4.500,-4.579
43.4524,0.0097,0.0018,0.000,3.705,4.500,-4.580
43.4600,0.0076,0.0013,0.000,3.705,4.500,-4.582
43.4663,0.0064,0.0011,0.000,3.704,4.500,-4.583
43.4747,0.0084,0.0015,0.000,3.703,4.500,-4.584
43.4815,0.0068,0.0012,0.000,3.703,4.500,-4.585
43.4913,0.0098,0.0017,0.000,3.702,4.500,-4.586
43.4990,0.0077,0.0013,0.000,3.701,4.500,-4.587
43.5088,0.0097,0.0016,0.000,3.700,4.500,-4.589
43.5201,0.0114,0.0019,0.000,3.699,4.500,-4.590
43.5281,0.0079,0.0013,0.000,3.698,4.500,-4.591
43.5394,0.0113,0.0018,0.000,3.697,4.500,-4.593
43.5488,0.0094,0.0015,0.000,3.697,4.500,-4.594
43.5588,0.0100,0.0016,0.000,3.696,4.500,-4.595
43.5666,0.0079,0.0012,0.000,3.695,4.500,-4.596
43.5759,0.0092,0.0014,0.000,3.694,4.500,-4.597
43.5827,0.0068,0.0010,0.000,3.694,4.500,-4.598
43.5934,0.0108,0.0017,0.000,3.693,4.500,-4.600
43.6012,0.0078,0.0012,0.000,3.692,4.500,-4.601
43.6110,0.0098,0.0015,0.000,3.691,4.500,-4.602
43.6181,0.0071,0.0011,0.000,3.691,4.500,-4.603
43.6259,0.0078,0.0012,0.000,3.690,4.500,-4.604
43.6342,0.0084,0.0013,0.000,3.689,4.500,-4.605
43.6406,0.0064,0.0010,0.000,3.689,4.500,-4.606
43.6477,0.0071,0.0011,0.000,3.688,4.500,-4.607
43.6569,0.0092,0.0015,0.000,3.687,4.500,-4.608
43.6647,0.0078,0.0012,0.000,3.687,4.500,-4.609
43.6742,0.0095,0.0015,0.000,3.686,4.500,-4.610
43.6819,0.0077,0.0012,0.000,3.685,4.500,-4.611
43.6926,0.0107,0.0017,0.000,3.684,4.500,-4.613
43.7007,0.0080,0.0013,0.000,3.683,4.500,-4.614
43.7070,0.0063,0.0010,0.000,3.683,4.500,-4.615
43.7166,0.0096,0.0016,0.000,3.682,4.500,-4.616
43.7333,0.0166,0.0027,0.000,3.680,4.500,-4.618
43.7489,0.0156,0.0025,0.000,3.679,4.500,-4.620
43.7718,0.0229,0.0036,0.000,3.676,4.500,-4.623
43.7863,0.0146,0.0022,0.000,3.675,4.500,-4.625
43.7988,0.0124,0.0018,0.000,3.674,4.500,-4.626
43.8078,0.0090,0.0013,0.000,3.673,4.500,-4.627
43.8187,0.0109,0.0015,0.000,3.672,4.500,-4.628
43.8269,0.0081,0.0011,0.000,3.672,4.500,-4.629
43.8370,0.0102,0.0014,0.000,3.671,4.500,-4.630
43.8447,0.0076,0.0010,0.000,3.670,4.500,-4.631
43.8540,0.0094,0.0012,0.000,3.669,4.500,-4.632
43.8622,0.0082,0.0011,0.000,3.669,4.500,-4.633
43.8726,0.0104,0.0013,0.000,3.668,4.500,-4.634
43.8806,0.0080,0.0010,0.000,3.667,4.500,-4.635
43.8887,0.0081,0.0010,0.000,3.667,4.500,-4.635
43.8998,0.0111,0.0014,0.000,3.666,4.500,-4.637
43.9088,0.0090,0.0011,0.000,3.665,4.500,-4.637
43.9212,0.0125,0.0015,0.000,3.664,4.500,-4.639
43.9327,0.0115,0.0013,0.000,3.663,4.500,-4.640
43.9417,0.0090,0.0010,0.000,3.663,4.500,-4.640
43.9539,0.0122,0.0014,0.000,3.662,4.500,-4.642
43.9626,0.0087,0.0010,0.000,3.661,4.500,-4.642
43.9765,0.0139,0.0015,0.000,3.661,4.500,-4.644
43.9870,0.0105,0.0011,0.000,3.660,4.500,-4.645
44.0009,0.0140,0.0015,0.000,3.659,4.500,-4.646
44.0149,0.0140,0.0014,0.000,3.659,4.500,-4.647
44.0264,0.0115,0.0011,0.000,3.658,4.500,-4.648
44.0389,0.0125,0.0012,0.000,3.658,4.500,-4.649
44.0482,0.0093,0.0009,0.000,3.657,4.500,-4.650
44.0608,0.0126,0.0012,0.000,3.657,4.500,-4.651
44.0699,0.0091,0.0008,0.000,3.657,4.500,-4.652
44.0810,0.0111,0.0010,0.000,3.656,4.500,-4.653
44.0927,0.0117,0.0010,0.000,3.656,4.500,-4.654
44.1007,0.0080,0.0007,0.000,3.656,4.500,-4.654
44.1085,0.0078,0.0007,0.000,3.656,4.500,-4.655
44.1204,0.0118,0.0010,0.000,3.656,4.500,-4.656
44.1288,0.0084,0.0007,0.000,3.656,4.500,-4.657
44.1410,0.0122,0.0011,0.000,3.656,4.500,-4.658
44.1535,0.0125,0.0011,0.000,3.656,4.500,-4.659
44.1619,0.0084,0.0007,0.000,3.656,4.500,-4.660
44.1726,0.0107,0.0009,0.000,3.657,4.500,-4.661
44.1810,0.0084,0.0007,0.000,3.657,4.500,-4.661
44.1916,0.0105,0.0009,0.000,3.657,4.500,-4.662
44.2003,0.0088,0.0008,0.000,3.657,4.500,-4.663
44.2090,0.0086,0.0008,0.000,3.658,4.500,-4.664
44.2191,0.0101,0.0010,0.000,3.658,4.500,-4.665
44.2270,0.0079,0.0008,0.000,3.658,4.500,-4.665
44.2370,0.0100,0.0010,0.000,3.659,4.500,-4.666
44.2447,0.0077,0.0008,0.000,3.659,4.500,-4.667
44.2533,0.0086,0.0009,0.000,3.660,4.500,-4.668
44.2621,0.0088,0.0009,0.000,3.660,4.500,-4.668
44.2738,0.0117,0.0013,0.000,3.661,4.500,-4.669
44.2819,0.0081,0.0009,0.000,3.661,4.500,-4.670
44.2928,0.0109,0.0012,0.000,3.662,4.500,-4.671
44.3004,0.0076,0.0008,0.000,3.663,4.500,-4.672
44.3073,0.0070,0.0008,0.000,3.663,4.500,-4.672
44.3174,0.0100,0.0012,0.000,3.664,4.500,-4.673
44.3250,0.0077,0.0009,0.000,3.664,4.500,-4.674
44.3335,0.0084,0.0010,0.000,3.665,4.500,-4.675
44.3410,0.0076,0.0009,0.000,3.666,4.500,-4.675
44.3507,0.0096,0.0011,0.000,3.666,4.500,-4.676
44.3571,0.0065,0.0007,0.000,3.667,4.500,-4.677
44.3647,0.0076,0.0009,0.000,3.667,4.500,-4.677
44.3741,0.0094,0.0011,0.000,3.668,4.500,-4.678
44.3812,0.0070,0.0008,0.000,3.669,4.500,-4.679
44.3909,0.0097,0.0011,0.000,3.669,4.500,-4.680
44.3987,0.0078,0.0009,0.000,3.670,4.500,-4.680
44.4054,0.0067,0.0007,0.000,3.670,4.500,-4.681
44.4139,0.0085,0.0009,0.000,3.671,4.500,-4.681
44.4217,0.0078,0.0008,0.000,3.672,4.500,-4.682
44.4323,0.0105,0.0011,0.000,3.672,4.500,-4.683
44.4407,0.0085,0.0009,0.000,3.673,4.500,-4.684
44.4472,0.0065,0.0007,0.000,3.673,4.500,-4.684
44.4568,0.0096,0.0010,0.000,3.674,4.500,-4.685
44.4660,0.0092,0.0010,0.000,3.675,4.500,-4.686
44.4767,0.0106,0.0011,0.000,3.675,4.500,-4.686
44.4836,0.0069,0.0007,0.000,3.676,4.500,-4.687
44.4921,0.0085,0.0008,0.000,3.676,4.500,-4.688
44.4995,0.0074,0.0007,0.000,3.677,4.500,-4.688
44.5071,0.0076,0.0007,0.000,3.677,4.500,-4.689
44.5184,0.0113,0.0011,0.000,3.678,4.500,-4.690
44.5255,0.0071,0.0007,0.000,3.678,4.500,-4.690
44.5344,0.0089,0.0008,0.000,3.679,4.500,-4.691
44.5419,0.0075,0.0007,0.000,3.679,4.500,-4.691
44.5547,0.0128,0.0012,0.000,3.680,4.500,-4.692
44.5630,0.0083,0.0008,0.000,3.680,4.500,-4.693
44.5742,0.0111,0.0010,0.000,3.681,4.500,-4.694
44.5827,0.0085,0.0008,0.000,3.681,4.500,-4.695
44.5932,0.0105,0.0010,0.000,3.682,4.500,-4.695
44.6018,0.0086,0.0008,0.000,3.682,4.500,-4.696
44.6129,0.0112,0.0010,0.000,3.683,4.500,-4.697
44.6219,0.0090,0.0008,0.000,3.683,4.500,-4.698
44.6335,0.0116,0.0011,0.000,3.684,4.500,-4.699
44.6409,0.0074,0.0007,0.000,3.684,4.500,-4.699
44.6507,0.0098,0.0009,0.000,3.685,4.500,-4.700
44.6573,0.0066,0.0006,0.000,3.685,4.500,-4.700
44.6645,0.0072,0.0006,0.000,3.685,4.500,-4.701
44.6726,0.0082,0.0007,0.000,3.685,4.500,-4.702
44.6802,0.0076,0.0006,0.000,3.686,4.500,-4.702
44.6879,0.0077,0.0006,0.000,3.686,4.500,-4.703
44.6981,0.0102,0.0008,0.000,3.686,4.500,-4.704
44.7061,0.0080,0.0006,0.000,3.687,4.500,-4.704
44.7149,0.0088,0.0007,0.000,3.687,4.500,-4.705
44.7217,0.0068,0.0005,0.000,3.687,4.500,-4.705
44.7315,0.0097,0.0007,0.000,3.687,4.500,-4.706
44.7403,0.0088,0.0006,0.000,3.688,4.500,-4.707
44.7466,0.0064,0.0005,0.000,3.688,4.500,-4.707
44.7558,0.0092,0.0006,0.000,3.688,4.500,-4.708
44.7619,0.0062,0.0004,0.000,3.688,4.500,-4.708
44.7709,0.0090,0.0006,0.000,3.688,4.500,-4.709
44.7787,0.0078,0.0005,0.000,3.688,4.500,-4.709
44.7854,0.0067,0.0004,0.000,3.688,4.500,-4.710
44.7942,0.0088,0.0006,0.000,3.688,4.500,-4.710
44.8024,0.0081,0.0005,0.000,3.688,4.500,-4.711
44.8117,0.0094,0.0006,0.000,3.688,4.500,-4.711
44.8212,0.0095,0.0006,0.000,3.689,4.500,-4.712
44.8325,0.0113,0.0007,0.000,3.689,4.500,-4.712
44.8406,0.0080,0.0005,0.000,3.689,4.500,-4.713
44.8486,0.0080,0.0005,0.000,3.689,4.500,-4.713
44.8595,0.0109,0.0006,0.000,3.688,4.500,-4.714
44.8697,0.0102,0.0006,0.000,3.688,4.500,-4.714
44.8806,0.0109,0.0006,0.000,3.688,4.500,-4.715
44.8906,0.0101,0.0005,0.000,3.688,4.500,-4.716
44.9015,0.0109,0.0005,0.000,3.688,4.500,-4.716
44.9117,0.0102,0.0005,0.000,3.688,4.500,-4.717
44.9202,0.0084,0.0004,0.000,3.688,4.500,-4.717
44.9272,0.0070,0.0003,0.000,3.688,4.500,-4.717
44.9370,0.0098,0.0004,0.000,3.688,4.500,-4.718
44.9474,0.0104,0.0004,0.000,3.688,4.500,-4.718
44.9568,0.0095,0.0004,0.000,3.688,4.500,-4.718
44.9641,0.0073,0.0003,0.000,3.688,4.500,-4.719
44.9734,0.0092,0.0003,0.000,3.688,4.500,-4.719
44.9822,0.0088,0.0003,0.000,3.688,4.500,-4.719
44.9912,0.0090,0.0003,0.000,3.688,4.500,-4.720
45.0003,0.0091,0.0003,0.000,3.688,4.500,-4.720
45.0084,0.0081,0.0003,0.000,3.689,4.500,-4.720
45.0193,0.0109,0.0004,0.000,3.689,4.500,-4.720
45.0278,0.0085,0.0003,0.000,3.689,4.500,-4.721
45.0373,0.0094,0.0003,0.000,3.689,4.500,-4.721
45.0451,0.0078,0.0003,0.000,3.689,4.500,-4.721
45.0539,0.0089,0.0003,0.000,3.690,4.500,-4.721
45.0614,0.0075,0.0003,0.000,3.690,4.500,-4.722
45.0722,0.0108,0.0005,0.000,3.690,4.500,-4.722
45.0802,0.0080,0.0003,0.000,3.690,4.500,-4.722
45.0869,0.0067,0.0003,0.000,3.691,4.500,-4.722
45.0960,0.0091,0.0004,0.000,3.691,4.500,-4.723
45.1045,0.0085,0.0004,0.000,3.691,4.500,-4.723
45.1149,0.0103,0.0006,0.000,3.692,4.500,-4.723
45.1229,0.0080,0.0005,0.000,3.692,4.500,-4.723
45.1326,0.0097,0.0006,0.000,3.693,4.500,-4.724
45.1405,0.0080,0.0005,0.000,3.693,4.500,-4.724
45.1476,0.0071,0.0005,0.000,3.694,4.500,-4.724
45.1570,0.0094,0.0007,0.000,3.694,4.500,-4.724
45.1649,0.0079,0.0006,0.000,3.695,4.500,-4.725
45.1750,0.0101,0.0008,0.000,3.695,4.500,-4.725
45.1875,0.0125,0.0011,0.000,3.696,4.500,-4.725
45.2003,0.0129,0.0012,0.000,3.698,4.500,-4.726
45.2096,0.0093,0.0009,0.000,3.698,4.500,-4.726
45.2238,0.0141,0.0015,0.000,3.700,4.500,-4.727
45.2355,0.0117,0.0013,0.000,3.701,4.500,-4.727
45.2456,0.0101,0.0012,0.000,3.702,4.500,-4.727
45.2602,0.0146,0.0018,0.000,3.704,4.500,-4.728
45.2697,0.0095,0.0012,0.000,3.705,4.500,-4.728
45.2804,0.0107,0.0013,0.000,3.706,4.500,-4.728
45.2898,0.0094,0.0012,0.000,3.708,4.500,-4.728
45.3004,0.0106,0.0013,0.000,3.709,4.500,-4.728
45.3078,0.0074,0.0009,0.000,3.710,4.500,-4.728
45.3184,0.0106,0.0013,0.000,3.711,4.500,-4.729
45.3268,0.0084,0.0011,0.000,3.712,4.500,-4.729
45.3414,0.0146,0.0019,0.000,3.714,4.500,-4.729
45.3537,0.0122,0.0016,0.000,3.716,4.500,-4.729
45.3612,0.0075,0.0010,0.000,3.717,4.500,-4.729
45.3695,0.0083,0.0011,0.000,3.718,4.500,-4.729
45.3768,0.0073,0.0009,0.000,3.719,4.500,-4.729
45.3855,0.0087,0.0011,0.000,3.720,4.500,-4.729
45.3948,0.0093,0.0012,0.000,3.721,4.500,-4.728
45.4047,0.0100,0.0013,0.000,3.722,4.500,-4.728
45.4167,0.0120,0.0016,0.000,3.724,4.500,-4.728
45.4242,0.0075,0.0010,0.000,3.725,4.500,-4.728
45.4327,0.0085,0.0011,0.000,3.726,4.500,-4.728
45.4392,0.0065,0.0008,0.000,3.727,4.500,-4.728
45.4464,0.0072,0.0009,0.000,3.728,4.500,-4.727
45.4582,0.0118,0.0015,0.000,3.729,4.500,-4.727
45.4671,0.0090,0.0011,0.000,3.730,4.500,-4.727
45.4762,0.0091,0.0012,0.000,3.731,4.500,-4.726
45.4837,0.0075,0.0009,0.000,3.732,4.500,-4.726
45.4925,0.0088,0.0011,0.000,3.733,4.500,-4.726
45.4997,0.0072,0.0009,0.000,3.734,4.500,-4.726
45.5085,0.0089,0.0011,0.000,3.735,4.500,-4.725
45.5177,0.0091,0.0011,0.000,3.736,4.500,-4.725
45.5250,0.0073,0.0009,0.000,3.737,4.500,-4.725
45.5338,0.0089,0.0069,0.000,3.733,4.500,-4.730
45.5419,0.0080,0.0062,0.000,3.729,4.500,-4.734
45.5728,0.0309,0.0224,0.000,3.712,4.499,-4.750
45.5864,0.0137,0.0095,0.000,3.704,4.497,-4.755
45.5973,0.0108,0.0075,0.000,3.698,4.496,-4.758
45.6055,0.0082,0.0056,0.000,3.693,4.494,-4.761
45.6169,0.0114,0.0079,0.000,3.686,4.492,-4.763
45.6253,0.0085,0.0059,0.000,3.681,4.490,-4.765
45.6347,0.0094,0.0067,0.000,3.675,4.488,-4.766
45.6428,0.0081,0.0059,0.000,3.669,4.485,-4.767
45.6530,0.0102,0.0075,0.000,3.662,4.482,-4.768
45.6624,0.0094,0.0072,0.000,3.656,4.479,-4.768
45.6728,0.0103,0.0081,0.000,3.649,4.476,-4.768
45.6800,0.0072,0.0058,0.000,3.644,4.473,-4.768
45.6869,0.0070,0.0057,0.000,3.639,4.470,-4.767
45.6966,0.0097,0.0082,0.000,3.631,4.466,-4.766
45.7059,0.0093,0.0081,0.000,3.625,4.462,-4.765
45.7154,0.0095,0.0086,0.000,3.617,4.458,-4.763
45.7225,0.0071,0.0065,0.000,3.612,4.455,-4.762
45.7314,0.0089,0.0085,0.000,3.605,4.450,-4.760
45.7389,0.0075,0.0073,0.000,3.599,4.446,-4.758
45.7466,0.0077,0.0077,0.000,3.593,4.442,-4.755
45.7605,0.0139,0.0144,0.000,3.582,4.434,-4.750
45.7683,0.0078,0.0084,0.000,3.576,4.430,-4.747
45.7779,0.0095,0.0105,0.000,3.568,4.424,-4.743
45.7856,0.0078,0.0088,0.000,3.562,4.419,-4.740
45.7946,0.0089,0.0103,0.000,3.554,4.413,-4.736
45.8026,0.0080,0.0095,0.000,3.548,4.408,-4.732
45.8129,0.0103,0.0125,0.000,3.539,4.400,-4.726
45.8258,0.0129,0.0163,0.000,3.528,4.391,-4.718
45.8379,0.0121,0.0158,0.000,3.518,4.382,-4.711
45.8460,0.0081,0.0108,0.000,3.511,4.376,-4.705
45.8544,0.0084,0.0114,0.000,3.503,4.369,-4.700
45.8610,0.0067,0.0093,0.000,3.497,4.364,-4.695
45.8722,0.0111,0.0160,0.000,3.488,4.355,-4.686
45.8801,0.0079,0.0115,0.000,3.481,4.348,-4.680
45.8877,0.0077,0.0113,0.000,3.474,4.341,-4.674
45.8971,0.0094,0.0144,0.000,3.465,4.333,-4.666
45.9057,0.0085,0.0132,0.000,3.458,4.325,-4.659
45.9156,0.0099,0.0159,0.000,3.449,4.316,-4.649
45.9226,0.0070,0.0112,0.000,3.442,4.310,-4.643
45.9316,0.0091,0.0148,0.000,3.434,4.301,-4.634
45.9398,0.0082,0.0136,0.000,3.426,4.293,-4.626
45.9470,0.0072,0.0122,0.000,3.419,4.286,-4.619
45.9568,0.0097,0.0171,0.000,3.410,4.276,-4.609
45.9646,0.0078,0.0137,0.000,3.402,4.268,-4.600
45.9736,0.0090,0.0160,0.000,3.394,4.259,-4.591
45.9808,0.0071,0.0129,0.000,3.387,4.251,-4.583
45.9877,0.0070,0.0128,0.000,3.380,4.244,-4.575
45.9970,0.0092,0.0172,0.000,3.370,4.234,-4.565
46.0042,0.0072,0.0137,0.000,3.363,4.226,-4.556
46.0139,0.0097,0.0191,0.000,3.354,4.215,-4.544
46.0215,0.0076,0.0147,0.000,3.346,4.207,-4.535
46.0309,0.0095,0.0178,0.000,3.338,4.196,-4.523
46.0396,0.0087,0.0160,0.000,3.331,4.186,-4.512
46.0471,0.0075,0.0136,0.000,3.326,4.177,-4.503
46.0562,0.0091,0.0164,0.000,3.321,4.166,-4.492
46.0651,0.0088,0.0158,0.000,3.318,4.155,-4.481
46.0746,0.0095,0.0184,0.000,3.313,4.144,-4.467
46.0823,0.0077,0.0159,0.000,3.309,4.134,-4.455
46.0920,0.0097,0.0225,0.000,3.305,4.122,-4.437
46.0992,0.0071,0.0166,0.000,3.301,4.113,-4.423
46.1066,0.0074,0.0178,0.000,3.296,4.104,-4.409
46.1176,0.0110,0.0294,0.000,3.290,4.090,-4.384
46.1262,0.0086,0.0229,0.000,3.285,4.078,-4.364
46.1373,0.0111,0.0324,0.000,3.278,4.064,-4.336
46.1470,0.0097,0.0280,0.000,3.272,4.051,-4.312
46.1572,0.0102,0.0318,0.000,3.265,4.037,-4.285
46.1658,0.0086,0.0261,0.000,3.259,4.025,-4.262
46.1776,0.0118,0.0387,0.000,3.251,4.009,-4.228
46.1879,0.0103,0.0347,0.000,3.243,3.995,-4.197
46.2003,0.0124,0.0427,0.000,3.234,3.977,-4.159
46.2164,0.0160,0.0568,0.000,3.222,3.954,-4.109
46.2331,0.0167,0.0605,0.000,3.209,3.930,-4.055
46.2470,0.0139,0.0513,0.000,3.197,3.910,-4.009
46.2613,0.0143,0.0535,0.000,3.185,3.888,-3.962
46.2736,0.0123,0.0464,0.000,3.174,3.870,-3.921
46.2832,0.0095,0.0343,0.000,3.165,3.855,-3.891
46.2949,0.0118,0.0450,0.000,3.155,3.837,-3.851
46.3028,0.0079,0.0286,0.000,3.147,3.825,-3.826
46.3123,0.0095,0.0347,0.000,3.138,3.810,-3.796
46.3199,0.0076,0.0277,0.000,3.130,3.798,-3.772
46.3281,0.0082,0.0299,0.000,3.122,3.786,-3.746
46.3368,0.0087,0.0320,0.000,3.113,3.772,-3.719
46.3458,0.0090,0.0331,0.000,3.104,3.758,-3.691
46.3544,0.0085,0.0314,0.000,3.095,3.744,-3.664
46.3623,0.0079,0.0291,0.000,3.087,3.731,-3.639
46.3734,0.0111,0.0437,0.000,3.076,3.713,-3.600
46.3821,0.0087,0.0321,0.000,3.067,3.699,-3.573
46.3928,0.0107,0.0423,0.000,3.056,3.682,-3.536
46.4016,0.0088,0.0324,0.000,3.046,3.667,-3.509
46.4105,0.0090,0.0332,0.000,3.037,3.653,-3.481
46.4212,0.0107,0.0424,0.000,3.026,3.635,-3.444
46.4355,0.0143,0.0568,0.000,3.011,3.611,-3.394
46.4435,0.0080,0.0296,0.000,3.002,3.598,-3.369
46.4530,0.0095,0.0351,0.000,2.992,3.582,-3.340
46.4605,0.0075,0.0275,0.000,2.984,3.569,-3.317
46.4671,0.0067,0.0246,0.000,2.976,3.558,-3.296
46.4753,0.0082,0.0301,0.000,2.967,3.544,-3.271
46.4821,0.0068,0.0252,0.000,2.959,3.532,-3.250
46.4934,0.0113,0.0447,0.000,2.948,3.513,-3.212
46.5014,0.0081,0.0296,0.000,2.939,3.499,-3.187
46.5127,0.0113,0.0448,0.000,2.927,3.480,-3.149
46.5211,0.0084,0.0307,0.000,2.917,3.465,-3.123
46.5307,0.0096,0.0354,0.000,2.906,3.448,-3.094
46.5393,0.0085,0.0312,0.000,2.897,3.433,-3.068
46.5471,0.0079,0.0287,0.000,2.888,3.420,-3.045
46.5562,0.0091,0.0330,0.000,2.878,3.404,-3.018
46.5644,0.0082,0.0297,0.000,2.868,3.389,-2.993
46.5726,0.0083,0.0300,0.000,2.859,3.375,-2.969
46.5792,0.0066,0.0238,0.000,2.851,3.363,-2.949
46.5864,0.0072,0.0260,0.000,2.843,3.351,-2.928
46.5953,0.0089,0.0322,0.000,2.833,3.335,-2.902
46.6022,0.0069,0.0249,0.000,2.825,3.322,-2.882
46.6121,0.0100,0.0360,0.000,2.814,3.305,-2.853
46.6190,0.0068,0.0246,0.000,2.806,3.292,-2.833
46.6254,0.0065,0.0232,0.000,2.799,3.281,-2.814
46.6353,0.0099,0.0354,0.000,2.788,3.263,-2.786
46.6434,0.0081,0.0288,0.000,2.779,3.249,-2.762
46.6541,0.0107,0.0423,0.000,2.768,3.229,-2.726
46.6630,0.0089,0.0317,0.000,2.758,3.213,-2.701
46.6731,0.0101,0.0361,0.000,2.746,3.195,-2.672
46.6802,0.0071,0.0251,0.000,2.739,3.182,-2.652
46.6878,0.0076,0.0270,0.000,2.730,3.169,-2.630
46.6981,0.0103,0.0363,0.000,2.719,3.150,-2.601
46.7055,0.0075,0.0263,0.000,2.710,3.137,-2.580
46.7147,0.0091,0.0321,0.000,2.700,3.120,-2.555
46.7227,0.0080,0.0283,0.000,2.692,3.105,-2.532
46.7319,0.0092,0.0323,0.000,2.682,3.089,-2.506
46.7396,0.0077,0.0270,0.000,2.673,3.075,-2.485
46.7463,0.0067,0.0233,0.000,2.666,3.062,-2.466
46.7546,0.0083,0.0289,0.000,2.657,3.047,-2.443
46.7634,0.0088,0.0306,0.000,2.647,3.031,-2.419
46.7720,0.0086,0.0298,0.000,2.638,3.016,-2.396
46.7792,0.0072,0.0249,0.000,2.631,3.003,-2.376
46.7864,0.0071,0.0246,0.000,2.623,2.990,-2.356
46.7958,0.0094,0.0325,0.000,2.613,2.972,-2.331
46.8021,0.0063,0.0215,0.000,2.606,2.961,-2.314
46.8123,0.0103,0.0352,0.177,2.596,2.942,-2.286
46.8195,0.0071,0.0243,0.000,2.588,2.929,-2.267
46.8258,0.0063,0.0215,0.000,2.582,2.918,-2.250
46.8356,0.0098,0.0334,0.177,2.571,2.900,-2.223
46.8430,0.0074,0.0250,0.000,2.564,2.886,-2.204
46.8514,0.0084,0.0286,0.000,2.555,2.871,-2.181
46.8594,0.0080,0.0270,0.000,2.547,2.857,-2.160
46.8668,0.0074,0.0250,0.000,2.540,2.843,-2.140
46.8775,0.0107,0.0358,0.206,2.529,2.824,-2.112
46.8863,0.0088,0.0296,0.177,2.520,2.808,-2.089
46.8953,0.0090,0.0299,0.181,2.511,2.792,-2.065
46.9017,0.0064,0.0213,0.000,2.505,2.780,-2.049
46.9113,0.0096,0.0320,0.198,2.495,2.763,-2.023
46.9192,0.0079,0.0260,0.000,2.488,2.748,-2.003
46.9260,0.0068,0.0226,0.000,2.481,2.736,-1.985
46.9356,0.0095,0.0315,0.206,2.472,2.719,-1.961
46.9428,0.0073,0.0239,0.163,2.465,2.706,-1.942
46.9523,0.0094,0.0309,0.209,2.456,2.689,-1.918
46.9599,0.0076,0.0247,0.168,2.449,2.675,-1.898
46.9669,0.0070,0.0229,0.163,2.442,2.663,-1.880
46.9764,0.0095,0.0307,0.220,2.433,2.646,-1.856
46.9836,0.0073,0.0234,0.168,2.427,2.633,-1.838
46.9925,0.0089,0.0287,0.209,2.418,2.617,-1.815
46.9996,0.0071,0.0230,0.168,2.412,2.605,-1.797
47.0074,0.0077,0.0248,0.186,2.405,2.591,-1.778
47.0167,0.0093,0.0296,0.227,2.397,2.574,-1.755
47.0237,0.0070,0.0223,0.177,2.390,2.562,-1.737
47.0327,0.0091,0.0287,0.227,2.382,2.546,-1.715
47.0396,0.0068,0.0215,0.168,2.376,2.534,-1.698
47.0468,0.0073,0.0230,0.186,2.370,2.522,-1.680
47.0612,0.0143,0.0533,0.392,2.360,2.497,-1.634
47.1012,0.0401,0.1491,1.303,2.332,2.428,-1.505
47.1163,0.0151,0.0560,0.516,2.322,2.402,-1.456
47.1259,0.0096,0.0294,0.329,2.314,2.386,-1.433
47.1365,0.0106,0.0323,0.360,2.306,2.368,-1.407
47.1449,0.0084,0.0253,0.280,2.300,2.354,-1.387
47.1547,0.0098,0.0296,0.329,2.292,2.337,-1.363
47.1637,0.0090,0.0271,0.301,2.285,2.322,-1.342
47.1747,0.0110,0.0327,0.371,2.277,2.304,-1.316
47.1842,0.0095,0.0283,0.321,2.270,2.288,-1.294
47.1942,0.0100,0.0293,0.338,2.263,2.272,-1.270
47.2012,0.0070,0.0206,0.241,2.258,2.261,-1.254
47.2121,0.0108,0.0316,0.369,2.250,2.243,-1.229
47.2193,0.0072,0.0209,0.244,2.245,2.231,-1.212
47.2263,0.0071,0.0203,0.234,2.240,2.220,-1.196
47.2355,0.0092,0.0262,0.317,2.234,2.205,-1.175
47.2422,0.0068,0.0193,0.231,2.230,2.195,-1.160
47.2554,0.0132,0.0467,0.493,2.223,2.174,-1.119
47.2645,0.0091,0.0255,0.340,2.217,2.160,-1.098
47.2753,0.0109,0.0303,0.407,2.210,2.143,-1.074
47.2858,0.0105,0.0291,0.394,2.203,2.127,-1.051
47.2983,0.0124,0.0434,0.497,2.198,2.108,-1.012
47.3088,0.0105,0.0287,0.421,2.191,2.092,-0.989
47.3216,0.0128,0.0444,0.537,2.186,2.072,-0.949
47.3351,0.0135,0.0466,0.604,2.180,2.052,-0.908
47.3437,0.0086,0.0229,0.373,2.175,2.040,-0.889
47.3564,0.0127,0.0433,0.577,2.170,2.021,-0.850
47.3674,0.0110,0.0287,0.489,2.164,2.005,-0.827
47.3776,0.0102,0.0262,0.444,2.158,1.991,-0.806
47.3867,0.0091,0.0233,0.392,2.154,1.978,-0.787
47.3979,0.0113,0.0285,0.485,2.148,1.962,-0.764
47.4056,0.0077,0.0194,0.329,2.144,1.951,-0.749
47.4145,0.0088,0.0220,0.373,2.140,1.939,-0.731
47.4235,0.0090,0.0222,0.379,2.136,1.927,-0.713
47.4336,0.0101,0.0246,0.424,2.131,1.913,-0.693
47.4420,0.0084,0.0203,0.352,2.127,1.902,-0.676
47.4535,0.0116,0.0276,0.483,2.122,1.887,-0.654
47.4614,0.0079,0.0186,0.326,2.118,1.877,-0.639
47.4702,0.0088,0.0207,0.365,2.115,1.865,-0.622
47.4774,0.0072,0.0167,0.291,2.112,1.856,-0.608
47.4859,0.0085,0.0195,0.343,2.108,1.845,-0.592
47.4967,0.0108,0.0246,0.449,2.104,1.832,-0.572
47.5048,0.0081,0.0180,0.329,2.100,1.822,-0.558
47.5133,0.0085,0.0188,0.345,2.097,1.811,-0.542
47.5213,0.0080,0.0175,0.324,2.094,1.802,-0.528
47.5331,0.0118,0.0360,0.523,2.091,1.788,-0.495
47.5407,0.0076,0.0162,0.329,2.089,1.779,-0.482
47.5486,0.0079,0.0167,0.338,2.086,1.770,-0.468
47.5599,0.0113,0.0235,0.478,2.082,1.757,-0.449
47.5676,0.0077,0.0157,0.321,2.079,1.748,-0.436
47.5776,0.0100,0.0202,0.411,2.076,1.737,-0.420
47.5872,0.0096,0.1663,0.455,2.198,1.726,-0.307
47.6001,0.0129,0.0335,0.881,2.190,1.713,-0.277
47.6088,0.0088,0.0155,0.561,2.184,1.703,-0.266
47.6195,0.0107,0.0185,0.649,2.178,1.693,-0.253
47.6265,0.0070,0.0119,0.403,2.173,1.686,-0.244
47.6352,0.0087,0.0147,0.488,2.168,1.677,-0.233
47.6419,0.0068,0.0113,0.369,2.165,1.671,-0.225
47.6508,0.0089,0.0147,0.465,2.161,1.663,-0.213
47.6572,0.0064,0.0105,0.321,2.158,1.657,-0.205
47.6644,0.0072,0.0118,0.356,2.155,1.650,-0.196
47.6736,0.0092,0.0149,0.444,2.151,1.642,-0.184
47.6807,0.0070,0.0112,0.321,2.149,1.636,-0.174
47.6890,0.0083,0.0132,0.375,2.146,1.629,-0.163
47.6977,0.0087,0.0137,0.384,2.144,1.623,-0.152
47.7049,0.0072,0.0113,0.312,2.142,1.617,-0.142
47.7144,0.0095,0.0148,0.409,2.140,1.610,-0.129
47.7214,0.0070,0.0109,0.285,2.139,1.605,-0.120
47.7306,0.0092,0.0141,0.369,2.138,1.598,-0.107
47.7386,0.0080,0.0123,0.319,2.137,1.593,-0.096
47.7464,0.0078,0.0119,0.301,2.137,1.588,-0.086
47.7555,0.0091,0.0139,0.349,2.137,1.582,-0.073
47.7625,0.0070,0.0106,0.265,2.137,1.578,-0.063
47.7713,0.0088,0.0133,0.329,2.137,1.573,-0.051
47.7783,0.0070,0.0106,0.259,2.138,1.569,-0.041
47.7850,0.0067,0.0101,0.241,2.138,1.565,-0.032
47.7925,0.0075,0.0113,0.262,2.139,1.562,-0.021
47.7997,0.0072,0.0109,0.253,2.141,1.558,-0.011
47.8065,0.0067,0.0101,0.237,2.142,1.555,-0.001
47.8172,0.0108,0.0162,0.369,2.144,1.550,0.014
47.8237,0.0065,0.0097,0.217,2.146,1.548,0.023
47.8322,0.0085,0.0128,0.280,2.149,1.544,0.035
47.8391,0.0069,0.0103,0.220,2.151,1.542,0.045
47.8458,0.0067,0.0101,0.217,2.153,1.540,0.055
47.8545,0.0087,0.0130,0.277,2.156,1.537,0.067
47.8624,0.0079,0.0118,0.250,2.159,1.535,0.078
47.8715,0.0091,0.0138,0.288,2.163,1.532,0.091
47.8797,0.0081,0.0123,0.250,2.167,1.531,0.103
47.8877,0.0081,0.0122,0.241,2.171,1.529,0.114
47.8961,0.0084,0.0128,0.250,2.175,1.528,0.126
47.9039,0.0078,0.0119,0.231,2.180,1.527,0.137
47.9127,0.0087,0.0133,0.250,2.185,1.525,0.149
47.9195,0.0069,0.0105,0.190,2.189,1.525,0.159
47.9264,0.0069,0.0106,0.194,2.193,1.524,0.169
47.9349,0.0085,0.0131,0.237,2.198,1.524,0.181
47.9416,0.0067,0.0103,0.186,2.203,1.524,0.190
47.9511,0.0095,0.0146,0.256,2.209,1.524,0.203
47.9579,0.0068,0.0106,0.181,2.214,1.524,0.212
47.9660,0.0081,0.0127,0.209,2.220,1.525,0.224
47.9763,0.0102,0.0160,0.259,2.228,1.526,0.237
47.9841,0.0078,0.0123,0.194,2.234,1.527,0.248
47.9915,0.0074,0.0117,0.181,2.240,1.528,0.258
47.9996,0.0081,0.0128,0.198,2.247,1.529,0.269
48.0063,0.0067,0.0106,0.000,2.253,1.531,0.278
48.0145,0.0082,0.0131,0.186,2.260,1.532,0.289
48.0224,0.0079,0.0127,0.177,2.267,1.534,0.299
48.0311,0.0087,0.0140,0.190,2.275,1.537,0.310
48.0373,0.0062,0.0101,0.000,2.281,1.539,0.318
48.0435,0.0062,0.0101,0.000,2.287,1.541,0.326
48.0511,0.0076,0.0124,0.000,2.294,1.543,0.336
48.0579,0.0068,0.0113,0.000,2.301,1.545,0.345
48.0666,0.0087,0.0145,0.186,2.309,1.548,0.356
48.0758,0.0093,0.0157,0.206,2.318,1.551,0.369
48.0820,0.0062,0.0106,0.000,2.324,1.553,0.377
48.0910,0.0091,0.0157,0.209,2.333,1.557,0.390
48.0974,0.0064,0.0111,0.000,2.340,1.559,0.398
48.1049,0.0075,0.0132,0.168,2.347,1.561,0.409
48.1147,0.0098,0.0175,0.227,2.357,1.565,0.423
48.1212,0.0066,0.0118,0.000,2.364,1.567,0.432
48.1297,0.0085,0.0155,0.198,2.373,1.570,0.445
48.1386,0.0089,0.0163,0.209,2.382,1.574,0.458
48.1476,0.0089,0.0166,0.213,2.391,1.577,0.471
48.1554,0.0079,0.0147,0.190,2.399,1.580,0.483
48.1621,0.0066,0.0125,0.000,2.406,1.583,0.493
48.1706,0.0085,0.0162,0.209,2.415,1.586,0.506
48.1770,0.0064,0.0122,0.000,2.422,1.588,0.516
48.1846,0.0076,0.0148,0.190,2.430,1.591,0.528
48.1930,0.0083,0.0162,0.209,2.439,1.595,0.541
48.2005,0.0076,0.0148,0.194,2.447,1.598,0.553
48.2097,0.0091,0.0181,0.234,2.457,1.601,0.568
48.2207,0.0110,0.0219,0.277,2.469,1.606,0.586
48.2290,0.0083,0.0166,0.206,2.477,1.609,0.600
48.2375,0.0085,0.0173,0.217,2.487,1.613,0.614
48.2445,0.0070,0.0143,0.177,2.494,1.616,0.625
48.2552,0.0107,0.0219,0.271,2.506,1.620,0.643
48.2636,0.0084,0.0174,0.217,2.515,1.624,0.658
48.2729,0.0093,0.0194,0.241,2.526,1.628,0.674
48.2795,0.0065,0.0137,0.163,2.533,1.630,0.685
48.2869,0.0075,0.0158,0.190,2.541,1.634,0.698
48.2968,0.0099,0.0210,0.253,2.552,1.638,0.715
48.3054,0.0086,0.0185,0.220,2.562,1.642,0.731
48.3162,0.0108,0.0232,0.277,2.574,1.647,0.750
48.3251,0.0089,0.0193,0.231,2.584,1.651,0.766
48.3333,0.0082,0.0179,0.217,2.594,1.654,0.781
48.3418,0.0085,0.0186,0.224,2.603,1.658,0.796
48.3515,0.0097,0.0214,0.250,2.614,1.663,0.814
48.3596,0.0081,0.0181,0.209,2.624,1.666,0.829
48.3671,0.0075,0.0167,0.190,2.632,1.670,0.843
48.3760,0.0089,0.0199,0.231,2.642,1.674,0.859
48.3833,0.0074,0.0166,0.186,2.651,1.677,0.873
48.3917,0.0083,0.0189,0.217,2.661,1.681,0.889
48.3987,0.0070,0.0159,0.181,2.669,1.685,0.902
48.4051,0.0065,0.0148,0.172,2.676,1.688,0.915
48.4144,0.0093,0.0213,0.244,2.687,1.692,0.932
48.4210,0.0065,0.0151,0.163,2.695,1.695,0.945
48.4300,0.0090,0.0209,0.234,2.705,1.700,0.962
48.4370,0.0070,0.0162,0.181,2.714,1.703,0.976
48.4442,0.0072,0.0169,0.194,2.722,1.706,0.990
48.4519,0.0077,0.0179,0.202,2.731,1.710,1.005
48.4598,0.0079,0.0186,0.206,2.741,1.714,1.021
48.4659,0.0061,0.0144,0.000,2.748,1.717,1.033
48.4750,0.0091,0.0216,0.237,2.759,1.722,1.051
48.4815,0.0065,0.0156,0.163,2.766,1.725,1.064
48.4902,0.0087,0.0207,0.220,2.777,1.729,1.081
48.4961,0.0059,0.0142,0.000,2.784,1.732,1.093
48.5032,0.0071,0.0170,0.186,2.792,1.736,1.108
48.5124,0.0092,0.0222,0.241,2.803,1.740,1.126
48.5193,0.0069,0.0166,0.172,2.812,1.744,1.140
48.5260,0.0067,0.0162,0.168,2.820,1.747,1.154
48.5354,0.0094,0.0228,0.241,2.831,1.752,1.173
48.5420,0.0066,0.0161,0.000,2.839,1.755,1.187
48.5509,0.0089,0.0217,0.220,2.850,1.760,1.205
48.5573,0.0064,0.0157,0.000,2.858,1.763,1.218
48.5633,0.0060,0.0148,0.000,2.865,1.766,1.231
48.5728,0.0095,0.0234,0.241,2.876,1.771,1.250
48.5799,0.0071,0.0175,0.172,2.885,1.775,1.265
48.5862,0.0063,0.0156,0.000,2.893,1.778,1.278
48.5963,0.0101,0.0251,0.253,2.905,1.783,1.299
48.6037,0.0074,0.0183,0.181,2.914,1.787,1.315
48.6113,0.0076,0.0188,0.181,2.923,1.791,1.331
48.6185,0.0073,0.0181,0.168,2.932,1.795,1.346
48.6256,0.0071,0.0177,0.163,2.941,1.799,1.361
48.6340,0.0084,0.0209,0.202,2.951,1.803,1.379
48.6409,0.0070,0.0175,0.163,2.960,1.807,1.394
48.6501,0.0091,0.0230,0.217,2.971,1.812,1.413
48.6558,0.0058,0.0145,0.000,2.978,1.815,1.425
48.6626,0.0068,0.0171,0.000,2.986,1.818,1.440
48.6705,0.0079,0.0200,0.190,2.996,1.823,1.457
48.6766,0.0060,0.0153,0.000,3.004,1.826,1.470
48.6835,0.0069,0.0175,0.163,3.012,1.830,1.484
48.6920,0.0085,0.0215,0.198,3.023,1.834,1.503
48.7009,0.0089,0.0225,0.206,3.034,1.839,1.522
48.7124,0.0116,0.0367,0.293,3.049,1.845,1.554
48.7198,0.0073,0.0186,0.181,3.058,1.849,1.570
48.7265,0.0067,0.0171,0.000,3.066,1.853,1.585
48.7363,0.0098,0.0249,0.234,3.078,1.858,1.606
48.7444,0.0081,0.0205,0.181,3.088,1.862,1.623
48.7531,0.0087,0.0222,0.198,3.099,1.867,1.642
48.7611,0.0080,0.0204,0.177,3.109,1.871,1.659
48.7699,0.0088,0.0225,0.202,3.120,1.876,1.678
48.7774,0.0075,0.0191,0.172,3.129,1.880,1.695
48.7862,0.0089,0.0227,0.209,3.140,1.885,1.714
48.7952,0.0090,0.0230,0.194,3.151,1.890,1.733
48.8023,0.0071,0.0181,0.000,3.160,1.894,1.749
48.8110,0.0087,0.0224,0.186,3.171,1.898,1.768
48.8178,0.0068,0.0173,0.000,3.179,1.902,1.783
48.8238,0.0060,0.0153,0.000,3.187,1.905,1.796
48.8323,0.0085,0.0217,0.177,3.197,1.910,1.814
48.8398,0.0076,0.0194,0.000,3.206,1.914,1.831
48.8463,0.0065,0.0167,0.000,3.214,1.918,1.845
48.8556,0.0093,0.0238,0.194,3.226,1.923,1.865
48.8615,0.0058,0.0150,0.000,3.233,1.926,1.878
48.8701,0.0086,0.0221,0.177,3.244,1.930,1.897
48.8766,0.0065,0.0166,0.000,3.252,1.934,1.911
48.8840,0.0074,0.0189,0.000,3.261,1.938,1.927
48.8928,0.0089,0.0226,0.172,3.271,1.943,1.946
48.9007,0.0079,0.0201,0.000,3.281,1.947,1.963
48.9076,0.0069,0.0176,0.000,3.290,1.951,1.978
48.9160,0.0084,0.0215,0.163,3.300,1.955,1.996
48.9239,0.0079,0.0202,0.000,3.309,1.960,2.014
48.9313,0.0074,0.0188,0.000,3.318,1.964,2.030
48.9381,0.0068,0.0173,0.000,3.327,1.967,2.044
48.9454,0.0073,0.0186,0.000,3.336,1.971,2.060
48.9542,0.0087,0.0222,0.163,3.346,1.976,2.079
48.9612,0.0070,0.0178,0.000,3.355,1.980,2.094
48.9717,0.0106,0.0267,0.202,3.367,1.985,2.117
48.9787,0.0070,0.0177,0.000,3.376,1.989,2.132
48.9842,0.0055,0.0138,0.000,3.383,1.992,2.144
48.9925,0.0083,0.0210,0.000,3.393,1.996,2.162
48.9994,0.0069,0.0173,0.000,3.401,2.000,2.177
49.0058,0.0064,0.0161,0.000,3.409,2.003,2.190
49.0153,0.0095,0.0237,0.168,3.420,2.008,2.211
49.0221,0.0068,0.0170,0.000,3.428,2.012,2.225
49.0319,0.0098,0.0246,0.177,3.440,2.017,2.246
49.0401,0.0082,0.0204,0.000,3.449,2.022,2.263
49.0471,0.0070,0.0174,0.000,3.458,2.025,2.278
49.0563,0.0092,0.0227,0.163,3.469,2.030,2.298
49.0642,0.0079,0.0196,0.000,3.478,2.034,2.314
49.0725,0.0083,0.0206,0.000,3.488,2.039,2.332
49.0795,0.0070,0.0173,0.000,3.496,2.042,2.347
49.0866,0.0071,0.0175,0.000,3.504,2.046,2.362
49.0952,0.0085,0.0209,0.000,3.514,2.050,2.379
49.1086,0.0134,0.0375,0.234,3.531,2.057,2.413
49.1237,0.0152,0.0421,0.277,3.549,2.065,2.450
49.1396,0.0158,0.0433,0.288,3.568,2.073,2.488
49.1577,0.0181,0.0489,0.329,3.589,2.082,2.531
49.1697,0.0121,0.0322,0.206,3.603,2.089,2.559
49.1796,0.0099,0.0230,0.163,3.614,2.093,2.579
49.1868,0.0072,0.0166,0.000,3.622,2.097,2.593
49.1974,0.0107,0.0246,0.000,3.634,2.102,2.614
49.2046,0.0071,0.0164,0.000,3.642,2.106,2.628
49.2155,0.0109,0.0249,0.000,3.654,2.111,2.649
49.2242,0.0087,0.0198,0.000,3.664,2.116,2.666
49.2346,0.0104,0.0237,0.000,3.675,2.121,2.686
49.2423,0.0076,0.0172,0.000,3.684,2.124,2.700
49.2520,0.0097,0.0218,0.000,3.694,2.129,2.719
49.2587,0.0067,0.0150,0.000,3.702,2.132,2.732
49.2651,0.0064,0.0142,0.000,3.709,2.135,2.744
49.2747,0.0096,0.0213,0.000,3.719,2.140,2.762
49.2818,0.0070,0.0155,0.000,3.726,2.143,2.775
49.2915,0.0097,0.0213,0.000,3.737,2.148,2.793
49.2992,0.0077,0.0167,0.000,3.745,2.151,2.807
49.3064,0.0072,0.0156,0.000,3.752,2.155,2.820
49.3166,0.0102,0.0219,0.000,3.763,2.159,2.839
49.3264,0.0098,0.0210,0.000,3.773,2.164,2.857
49.3369,0.0106,0.0224,0.000,3.784,2.169,2.876
49.3436,0.0066,0.0140,0.000,3.791,2.172,2.887
49.3537,0.0101,0.0212,0.000,3.801,2.176,2.905
49.3602,0.0065,0.0136,0.000,3.808,2.179,2.917
49.3676,0.0074,0.0153,0.000,3.815,2.183,2.930
49.3779,0.0102,0.0210,0.000,3.825,2.187,2.948
49.3868,0.0090,0.0183,0.000,3.834,2.191,2.963
49.4005,0.0137,0.0302,0.000,3.848,2.197,2.989
49.4121,0.0116,0.0230,0.000,3.859,2.202,3.009
49.4248,0.0127,0.0274,0.000,3.872,2.207,3.033
49.4362,0.0113,0.0220,0.000,3.882,2.212,3.051
49.4462,0.0100,0.0192,0.000,3.892,2.216,3.067
49.4588,0.0126,0.0260,0.000,3.904,2.221,3.090
49.4680,0.0092,0.0171,0.000,3.912,2.225,3.104
49.4818,0.0138,0.0276,0.000,3.925,2.231,3.128
49.4925,0.0107,0.0194,0.000,3.934,2.235,3.145
49.4993,0.0068,0.0123,0.000,3.940,2.237,3.155
49.5083,0.0090,0.0161,0.000,3.948,2.241,3.169
49.5192,0.0109,0.0192,0.000,3.958,2.245,3.185
49.5268,0.0075,0.0131,0.000,3.964,2.248,3.196
49.5375,0.0107,0.0184,0.000,3.973,2.252,3.211
49.5451,0.0076,0.0128,0.000,3.979,2.255,3.222
49.5550,0.0099,0.0165,0.000,3.987,2.258,3.236
49.5631,0.0081,0.0135,0.000,3.994,2.261,3.248
49.5725,0.0094,0.0154,0.000,4.002,2.265,3.261
49.5798,0.0073,0.0118,0.000,4.007,2.267,3.271
49.5871,0.0073,0.0117,0.000,4.013,2.270,3.280
49.5960,0.0089,0.0141,0.000,4.020,2.273,3.292
49.6028,0.0067,0.0105,0.000,4.025,2.275,3.301
49.6131,0.0103,0.0159,0.000,4.033,2.278,3.315
49.6209,0.0078,0.0119,0.000,4.039,2.281,3.325
49.6319,0.0109,0.0163,0.000,4.047,2.285,3.338
49.6397,0.0078,0.0115,0.000,4.052,2.287,3.348
49.6467,0.0071,0.0102,0.000,4.057,2.289,3.357
49.6556,0.0089,0.0127,0.000,4.064,2.292,3.367
49.6631,0.0076,0.0106,0.000,4.069,2.294,3.376
49.6727,0.0096,0.0132,0.000,4.075,2.297,3.388
49.6793,0.0066,0.0090,0.000,4.080,2.299,3.395
49.6864,0.0070,0.0095,0.000,4.084,2.301,3.403
49.6955,0.0092,0.0121,0.000,4.090,2.304,3.413
49.7016,0.0061,0.0079,0.000,4.094,2.306,3.420
49.7119,0.0103,0.0131,0.000,4.100,2.308,3.431
49.7184,0.0065,0.0082,0.000,4.104,2.310,3.438
49.7248,0.0064,0.0080,0.000,4.108,2.312,3.445
49.7334,0.0086,0.0104,0.000,4.113,2.314,3.454
49.7405,0.0070,0.0084,0.000,4.117,2.316,3.461
49.7465,0.0061,0.0071,0.000,4.121,2.318,3.467
49.7566,0.0101,0.0116,0.000,4.126,2.320,3.477
49.7634,0.0067,0.0076,0.000,4.130,2.322,3.483
49.7718,0.0084,0.0093,0.000,4.134,2.324,3.491
49.7800,0.0082,0.0088,0.000,4.139,2.326,3.498
49.7874,0.0074,0.0078,0.000,4.142,2.327,3.505
49.7968,0.0093,0.0095,0.000,4.147,2.330,3.513
49.8052,0.0085,0.0084,0.000,4.151,2.331,3.520
49.8153,0.0101,0.0097,0.000,4.156,2.334,3.529
49.8231,0.0078,0.0073,0.000,4.159,2.335,3.535
49.8337,0.0107,0.0097,0.000,4.164,2.337,3.543
49.8419,0.0081,0.0071,0.000,4.167,2.339,3.549
49.8514,0.0095,0.0081,0.000,4.171,2.341,3.556
49.8609,0.0095,0.0078,0.000,4.175,2.342,3.563
49.8714,0.0105,0.0082,0.000,4.179,2.344,3.570
49.8795,0.0081,0.0061,0.000,4.182,2.346,3.575
49.8865,0.0070,0.0051,0.000,4.184,2.347,3.579
49.8967,0.0102,0.0071,0.000,4.187,2.348,3.585
49.9043,0.0076,0.0051,0.000,4.190,2.349,3.590
49.9145,0.0102,0.0065,0.000,4.193,2.351,3.595
49.9215,0.0070,0.0043,0.000,4.195,2.352,3.599
49.9300,0.0085,0.0050,0.000,4.197,2.353,3.603
49.9374,0.0074,0.0041,0.000,4.199,2.354,3.607
49.9446,0.0073,0.0038,0.000,4.201,2.355,3.610
49.9533,0.0087,0.0043,0.000,4.203,2.356,3.614
49.9610,0.0077,0.0036,0.000,4.204,2.356,3.617
49.9706,0.0096,0.0042,0.000,4.206,2.357,3.620
49.9780,0.0074,0.0030,0.000,4.208,2.358,3.623
49.9862,0.0082,0.0031,0.000,4.209,2.359,3.626
49.9955,0.0093,0.0032,0.000,4.210,2.360,3.629
50.0022,0.0067,0.0021,0.000,4.211,2.360,3.630
50.0123,0.0101,0.0029,0.000,4.213,2.361,3.633
50.0198,0.0075,0.0019,0.000,4.213,2.361,3.635
50.0261,0.0063,0.0014,0.000,4.214,2.362,3.636
50.0368,0.0107,0.0021,0.000,4.215,2.362,3.638
50.0440,0.0072,0.0012,0.000,4.215,2.362,3.639
50.0526,0.0086,0.0011,0.000,4.216,2.363,3.640
50.0639,0.0113,0.0011,0.000,4.216,2.363,3.641
50.0719,0.0080,0.0005,0.000,4.216,2.363,3.641
50.0796,0.0077,0.0003,0.000,4.216,2.363,3.641
50.0868,0.0072,0.0002,0.000,4.215,2.363,3.641
50.0953,0.0084,0.0003,0.000,4.215,2.363,3.641
50.1054,0.0101,106.6556,120.313,103.307,2.200,-35.807
50.1181,0.0127,0.0000,0.000,103.307,2.200,-35.807
50.1263,0.0082,0.0000,0.000,103.307,2.200,-35.807
50.1351,0.0088,0.0000,0.000,103.307,2.200,-35.807
50.1441,0.0090,0.0000,0.000,103.307,2.200,-35.807
50.1527,0.0086,0.0000,0.000,103.307,2.200,-35.807
50.1597,0.0070,0.0000,0.000,103.307,2.200,-35.807
50.1667,0.0070,0.0000,0.000,103.307,2.200,-35.807
50.1759,0.0093,0.0000,0.000,103.307,2.200,-35.807
50.1827,0.0068,0.0000,0.000,103.307,2.200,-35.807
50.1913,0.0086,0.0000,0.000,103.307,2.200,-35.807
50.1982,0.0070,0.0000,0.000,103.307,2.200,-35.807
50.2043,0.0060,0.0000,0.000,103.307,2.200,-35.807
50.2135,0.0092,0.0000,0.000,103.307,2.200,-35.807
50.2221,0.0086,0.0000,0.000,103.307,2.200,-35.807
50.2343,0.0122,0.0000,0.000,103.307,2.200,-35.807
50.2436,0.0093,0.0000,0.000,103.307,2.200,-35.807
50.2532,0.0096,0.0000,0.000,103.307,2.200,-35.807
50.2608,0.0077,0.0000,0.000,103.307,2.200,-35.807
50.2681,0.0073,0.0000,0.000,103.307,2.200,-35.807
50.2765,0.0084,0.0000,0.000,103.307,2.200,-35.807
50.2829,0.0064,0.0000,0.000,103.307,2.200,-35.807
50.2918,0.0089,0.0000,0.000,103.307,2.200,-35.807
50.2990,0.0072,0.0000,0.000,103.307,2.200,-35.807
50.3048,0.0057,0.0000,0.000,103.307,2.200,-35.807
50.3142,0.0094,0.0000,0.000,103.307,2.200,-35.807
50.3212,0.0070,0.0000,0.000,103.307,2.200,-35.807
50.3303,0.0091,0.0000,0.000,103.307,2.200,-35.807
50.3416,0.0113,0.0000,0.000,103.307,2.200,-35.807
50.3513,0.0096,0.0000,0.000,103.307,2.200,-35.807
50.3594,0.0081,0.0000,0.000,103.307,2.200,-35.807
50.3670,0.0076,0.0000,0.000,103.307,2.200,-35.807
50.3768,0.0098,0.0000,0.000,103.307,2.200,-35.807
50.3853,0.0085,0.0000,0.000,103.307,2.200,-35.807
50.3960,0.0107,0.0000,0.000,103.307,2.200,-35.807
50.4040,0.0081,0.0000,0.000,103.307,2.200,-35.807
50.4137,0.0097,0.0000,0.000,103.307,2.200,-35.807
50.4217,0.0079,0.0000,0.000,103.307,2.200,-35.807
50.4306,0.0089,0.0000,0.000,103.307,2.200,-35.807
50.4367,0.0061,0.0000,0.000,103.307,2.200,-35.807
50.4464,0.0097,0.0000,0.000,103.307,2.200,-35.807
50.4559,0.0095,0.0000,0.000,103.307,2.200,-35.807
50.4635,0.0076,0.0000,0.000,103.307,2.200,-35.807
50.4727,0.0092,0.0000,0.000,103.307,2.200,-35.807
50.4794,0.0067,0.0000,0.000,103.307,2.200,-35.807
50.4873,0.0079,0.0000,0.000,103.307,2.200,-35.807
50.4983,0.0110,0.0000,0.000,103.307,2.200,-35.807
50.5066,0.0083,0.0000,0.000,103.307,2.200,-35.807
50.5163,0.0097,0.0000,0.000,103.307,2.200,-35.807
50.5255,0.0092,0.0000,0.000,103.307,2.200,-35.807
50.5344,0.0090,0.0000,0.000,103.307,2.200,-35.807
50.5414,0.0070,0.0000,0.000,103.307,2.200,-35.807
50.5507,0.0093,0.0000,0.000,103.307,2.200,-35.807
50.5565,0.0058,0.0000,0.000,103.307,2.200,-35.807
50.5638,0.0073,0.0000,0.000,103.307,2.200,-35.807
50.5731,0.0093,0.0000,0.000,103.307,2.200,-35.807
50.5797,0.0066,0.0000,0.000,103.307,2.200,-35.807
50.5866,0.0069,0.0000,0.000,103.307,2.200,-35.807
50.5965,0.0099,0.0000,0.000,103.307,2.200,-35.807
50.6027,0.0062,0.0000,0.000,103.307,2.200,-35.807
50.6111,0.0085,0.0000,0.000,103.307,2.200,-35.807
50.6184,0.0072,0.0000,0.000,103.307,2.200,-35.807
50.6251,0.0067,0.0000,0.000,103.307,2.200,-35.807
50.6333,0.0082,0.0000,0.000,103.307,2.200,-35.807
50.6423,0.0090,0.0000,0.000,103.307,2.200,-35.807
50.6517,0.0094,0.0000,0.000,103.307,2.200,-35.807
50.6585,0.0068,0.0000,0.000,103.307,2.200,-35.807
50.6654,0.0070,0.0000,0.000,103.307,2.200,-35.807
50.6739,0.0085,0.0000,0.000,103.307,2.200,-35.807
50.6806,0.0067,0.0000,0.000,103.307,2.200,-35.807
50.6875,0.0068,0.0000,0.000,103.307,2.200,-35.807
50.6972,0.0097,0.0000,0.000,103.307,2.200,-35.807
50.7054,0.0082,0.0000,0.000,103.307,2.200,-35.807
50.7151,0.0097,0.0000,0.000,103.307,2.200,-35.807
50.7224,0.0074,0.0000,0.000,103.307,2.200,-35.807
50.7306,0.0081,0.0000,0.000,103.307,2.200,-35.807
50.7384,0.0079,0.0000,0.000,103.307,2.200,-35.807
50.7458,0.0074,0.0000,0.000,103.307,2.200,-35.807
50.7542,0.0084,0.0000,0.000,103.307,2.200,-35.807
50.7626,0.0084,0.0000,0.000,103.307,2.200,-35.807
50.7714,0.0088,0.0000,0.000,103.307,2.200,-35.807
50.7779,0.0065,0.0000,0.000,103.307,2.200,-35.807
50.7856,0.0077,0.0000,0.000,103.307,2.200,-35.807
50.7934,0.0078,0.0000,0.000,103.307,2.200,-35.807
50.8009,0.0074,0.0000,0.000,103.307,2.200,-35.807
50.8115,0.0107,0.0000,0.000,103.307,2.200,-35.807
50.8185,0.0070,0.0000,0.000,103.307,2.200,-35.807
50.8261,0.0076,0.0000,0.000,103.307,2.200,-35.807
50.8366,0.0105,0.0000,0.000,103.307,2.200,-35.807
50.8447,0.0081,0.0000,0.000,103.307,2.200,-35.807
50.8536,0.0089,0.0000,0.000,103.307,2.200,-35.807
50.8626,0.0089,0.0000,0.000,103.307,2.200,-35.807
50.8734,0.0108,0.0000,0.000,103.307,2.200,-35.807
50.8830,0.0096,0.0000,0.000,103.307,2.200,-35.807
50.8933,0.0103,0.0000,0.000,103.307,2.200,-35.807
50.8996,0.0062,0.0000,0.000,103.307,2.200,-35.807
50.9062,0.0067,0.0000,0.000,103.307,2.200,-35.807
50.9153,0.0091,0.0000,0.000,103.307,2.200,-35.807
50.9219,0.0066,0.0000,0.000,103.307,2.200,-35.807
50.9309,0.0090,0.0000,0.000,103.307,2.200,-35.807
50.9380,0.0071,0.0000,0.000,103.307,2.200,-35.807
50.9450,0.0070,0.0000,0.000,103.307,2.200,-35.807
50.9530,0.0080,0.0000,0.000,103.307,2.200,-35.807
50.9604,0.0074,0.0000,0.000,103.307,2.200,-35.807
50.9667,0.0063,0.0000,0.000,103.307,2.200,-35.807
50.9762,0.0095,0.0000,0.000,103.307,2.200,-35.807
50.9855,0.0093,0.0000,0.000,103.307,2.200,-35.807
50.9938,0.0083,0.0000,0.000,103.307,2.200,-35.807
51.0009,0.0071,0.0000,0.000,103.307,2.200,-35.807
51.0114,0.0105,0.0000,0.000,103.307,2.200,-35.807
51.0184,0.0070,0.0000,0.000,103.307,2.200,-35.807
51.0244,0.0060,0.0000,0.000,103.307,2.200,-35.807
51.0329,0.0086,0.0000,0.000,103.307,2.200,-35.807
51.0396,0.0067,0.0000,0.000,103.307,2.200,-35.807
51.0464,0.0068,0.0000,0.000,103.307,2.200,-35.807
51.0566,0.0102,0.0000,0.000,103.307,2.200,-35.807
51.0644,0.0078,0.0000,0.000,103.307,2.200,-35.807
51.0730,0.0086,0.0000,0.000,103.307,2.200,-35.807
51.0810,0.0080,0.0000,0.000,103.307,2.200,-35.807
51.0901,0.0091,0.0000,0.000,103.307,2.200,-35.807
51.0971,0.0071,0.0000,0.000,103.307,2.200,-35.807
51.1046,0.0075,0.0000,0.000,103.307,2.200,-35.807
51.1128,0.0082,0.0000,0.000,103.307,2.200,-35.807
51.1204,0.0076,0.0000,0.000,103.307,2.200,-35.807
51.1272,0.0068,0.0000,0.000,103.307,2.200,-35.807
51.1362,0.0090,0.0000,0.000,103.307,2.200,-35.807
51.1423,0.0061,0.0000,0.000,103.307,2.200,-35.807
51.1524,0.0100,0.0000,0.000,103.307,2.200,-35.807
51.1591,0.0067,0.0000,0.000,103.307,2.200,-35.807
51.1655,0.0065,0.0000,0.000,103.307,2.200,-35.807
51.1750,0.0094,0.0000,0.000,103.307,2.200,-35.807
51.1817,0.0068,0.0000,0.000,103.307,2.200,-35.807
51.1910,0.0092,0.0000,0.000,103.307,2.200,-35.807
51.2001,0.0092,0.0000,0.000,103.307,2.200,-35.807
51.2073,0.0072,0.0000,0.000,103.307,2.200,-35.807
51.2170,0.0097,0.0000,0.000,103.307,2.200,-35.807
51.2268,0.0098,0.0000,0.000,103.307,2.200,-35.807
51.2352,0.0084,0.0000,0.000,103.307,2.200,-35.807
51.2414,0.0062,0.0000,0.000,103.307,2.200,-35.807
51.2515,0.0101,0.0000,0.000,103.307,2.200,-35.807
51.2586,0.0071,0.0000,0.000,103.307,2.200,-35.807
51.2656,0.0070,0.0000,0.000,103.307,2.200,-35.807
51.2758,0.0103,0.0000,0.000,103.307,2.200,-35.807
51.2832,0.0074,0.0000,0.000,103.307,2.200,-35.807
51.2913,0.0081,0.0000,0.000,103.307,2.200,-35.807
51.2990,0.0077,0.0000,0.000,103.307,2.200,-35.807
51.3054,0.0064,0.0000,0.000,103.307,2.200,-35.807
51.3143,0.0089,0.0000,0.000,103.307,2.200,-35.807
51.3218,0.0075,0.0000,0.000,103.307,2.200,-35.807
51.3354,0.0136,0.0000,0.000,103.307,2.200,-35.807
51.3426,0.0072,0.0000,0.000,103.307,2.200,-35.807
51.3535,0.0109,0.0000,0.000,103.307,2.200,-35.807
51.3607,0.0073,0.0000,0.000,103.307,2.200,-35.807
51.3667,0.0060,0.0000,0.000,103.307,2.200,-35.807
51.3759,0.0091,0.0000,0.000,103.307,2.200,-35.807
51.3828,0.0070,0.0000,0.000,103.307,2.200,-35.807
51.3911,0.0083,0.0000,0.000,103.307,2.200,-35.807
51.4001,0.0090,0.0000,0.000,103.307,2.200,-35.807
51.4057,0.0056,0.0000,0.000,103.307,2.200,-35.807
51.4141,0.0084,0.0000,0.000,103.307,2.200,-35.807
51.4219,0.0078,0.0000,0.000,103.307,2.200,-35.807
51.4321,0.0103,0.0000,0.000,103.307,2.200,-35.807
51.4392,0.0071,0.0000,0.000,103.307,2.200,-35.807
51.4465,0.0073,0.0000,0.000,103.307,2.200,-35.807
51.4568,0.0103,0.0000,0.000,103.307,2.200,-35.807
51.4645,0.0077,0.0000,0.000,103.307,2.200,-35.807
51.4743,0.0098,0.0000,0.000,103.307,2.200,-35.807
51.4827,0.0084,0.0000,0.000,103.307,2.200,-35.807
51.4928,0.0101,0.0000,0.000,103.307,2.200,-35.807
51.5025,0.0097,0.0000,0.000,103.307,2.200,-35.807
51.5141,0.0117,0.0000,0.000,103.307,2.200,-35.807
51.5230,0.0089,0.0000,0.000,103.307,2.200,-35.807
51.5340,0.0110,0.0000,0.000,103.307,2.200,-35.807
51.5427,0.0087,0.0000,0.000,103.307,2.200,-35.807
51.5534,0.0107,0.0000,0.000,103.307,2.200,-35.807
51.5626,0.0092,0.0000,0.000,103.307,2.200,-35.807
51.5724,0.0098,0.0000,0.000,103.307,2.200,-35.807
51.5807,0.0083,0.0000,0.000,103.307,2.200,-35.807
51.5889,0.0082,0.0000,0.000,103.307,2.200,-35.807
51.5983,0.0094,0.0000,0.000,103.307,2.200,-35.807
51.6056,0.0073,0.0000,0.000,103.307,2.200,-35.807
51.6157,0.0101,0.0000,0.000,103.307,2.200,-35.807
51.6238,0.0081,0.0000,0.000,103.307,2.200,-35.807
51.6317,0.0080,0.0000,0.000,103.307,2.200,-35.807
51.6391,0.0073,0.0000,0.000,103.307,2.200,-35.807
51.6449,0.0058,0.0000,0.000,103.307,2.200,-35.807
51.6532,0.0083,0.0000,0.000,103.307,2.200,-35.807
51.6614,0.0082,0.0000,0.000,103.307,2.200,-35.807
51.6698,0.0085,0.0000,0.000,103.307,2.200,-35.807
51.6760,0.0062,0.0000,0.000,103.307,2.200,-35.807
51.6837,0.0077,0.0000,0.000,103.307,2.200,-35.807
51.6934,0.0096,0.0000,0.000,103.307,2.200,-35.807
51.7008,0.0074,0.0000,0.000,103.307,2.200,-35.807
51.7089,0.0081,0.0000,0.000,103.307,2.200,-35.807
51.7198,0.0110,0.0000,0.000,103.307,2.200,-35.807
51.7266,0.0068,0.0000,0.000,103.307,2.200,-35.807
51.7366,0.0100,0.0000,0.000,103.307,2.200,-35.807
51.7430,0.0064,0.0000,0.000,103.307,2.200,-35.807
51.7514,0.0084,0.0000,0.000,103.307,2.200,-35.807
51.7587,0.0073,0.0000,0.000,103.307,2.200,-35.807
51.7652,0.0064,0.0000,0.000,103.307,2.200,-35.807
51.7739,0.0088,0.0000,0.000,103.307,2.200,-35.807
51.7815,0.0076,0.0000,0.000,103.307,2.200,-35.807
51.7926,0.0111,0.0000,0.000,103.307,2.200,-35.807
51.8012,0.0087,0.0000,0.000,103.307,2.200,-35.807
51.8120,0.0108,0.0000,0.000,103.307,2.200,-35.807
51.8201,0.0081,0.0000,0.000,103.307,2.200,-35.807
51.8271,0.0070,0.0000,0.000,103.307,2.200,-35.807
51.8371,0.0100,0.0000,0.000,103.307,2.200,-35.807
51.8455,0.0084,0.0000,0.000,103.307,2.200,-35.807
51.8538,0.0083,0.0000,0.000,103.307,2.200,-35.807
51.8624,0.0086,0.0000,0.000,103.307,2.200,-35.807
51.8716,0.0092,0.0000,0.000,103.307,2.200,-35.807
51.8796,0.0081,0.0000,0.000,103.307,2.200,-35.807
51.8923,0.0127,0.0000,0.000,103.307,2.200,-35.807
51.9027,0.0103,0.0000,0.000,103.307,2.200,-35.807
51.9115,0.0088,0.0000,0.000,103.307,2.200,-35.807
51.9194,0.0079,0.0000,0.000,103.307,2.200,-35.807
51.9261,0.0067,0.0000,0.000,103.307,2.200,-35.807
51.9356,0.0095,0.0000,0.000,103.307,2.200,-35.807
51.9437,0.0081,0.0000,0.000,103.307,2.200,-35.807
51.9525,0.0088,0.0000,0.000,103.307,2.200,-35.807
51.9599,0.0074,0.0000,0.000,103.307,2.200,-35.807
51.9679,0.0081,0.0000,0.000,103.307,2.200,-35.807
51.9771,0.0092,0.0000,0.000,103.307,2.200,-35.807
51.9841,0.0070,0.0000,0.000,103.307,2.200,-35.807
51.9931,0.0090,0.0000,0.000,103.307,2.200,-35.807
52.0007,0.0076,0.0000,0.000,103.307,2.200,-35.807
52.0087,0.0080,0.0000,0.000,103.307,2.200,-35.807
52.0190,0.0102,0.0000,0.000,103.307,2.200,-35.807
52.0263,0.0073,0.0000,0.000,103.307,2.200,-35.807
52.0347,0.0084,0.0000,0.000,103.307,2.200,-35.807
52.0420,0.0073,0.0000,0.000,103.307,2.200,-35.807
52.0510,0.0090,0.0000,0.000,103.307,2.200,-35.807
52.0591,0.0082,0.0000,0.000,103.307,2.200,-35.807
52.0663,0.0071,0.0000,0.000,103.307,2.200,-35.807
52.0767,0.0104,0.0000,0.000,103.307,2.200,-35.807
52.0844,0.0077,0.0000,0.000,103.307,2.200,-35.807
52.0936,0.0091,0.0000,0.000,103.307,2.200,-35.807
52.1004,0.0068,0.0000,0.000,103.307,2.200,-35.807
52.1115,0.0111,0.0000,0.000,103.307,2.200,-35.807
52.1214,0.0099,0.0000,0.000,103.307,2.200,-35.807
52.1312,0.0098,0.0000,0.000,103.307,2.200,-35.807
52.1381,0.0069,0.0000,0.000,103.307,2.200,-35.807
52.1451,0.0070,0.0000,0.000,103.307,2.200,-35.807
52.1556,0.0104,0.0000,0.000,103.307,2.200,-35.807
52.1641,0.0085,0.0000,0.000,103.307,2.200,-35.807
52.1753,0.0112,0.0000,0.000,103.307,2.200,-35.807
52.1829,0.0076,0.0000,0.000,103.307,2.200,-35.807
52.1912,0.0083,0.0000,0.000,103.307,2.200,-35.807
52.1996,0.0084,0.0000,0.000,103.307,2.200,-35.807
52.2062,0.0066,0.0000,0.000,103.307,2.200,-35.807
52.2161,0.0099,0.0000,0.000,103.307,2.200,-35.807
52.2243,0.0082,0.0000,0.000,103.307,2.200,-35.807
52.2324,0.0081,0.0000,0.000,103.307,2.200,-35.807
52.2392,0.0068,0.0000,0.000,103.307,2.200,-35.807
52.2480,0.0088,0.0000,0.000,103.307,2.200,-35.807
52.2580,0.0100,0.0000,0.000,103.307,2.200,-35.807
52.2661,0.0081,0.0000,0.000,103.307,2.200,-35.807
52.2759,0.0098,0.0000,0.000,103.307,2.200,-35.807
52.2832,0.0072,0.0000,0.000,103.307,2.200,-35.807
52.2924,0.0093,0.0000,0.000,103.307,2.200,-35.807
52.3012,0.0088,0.0000,0.000,103.307,2.200,-35.807
52.3105,0.0093,0.0000,0.000,103.307,2.200,-35.807
52.3176,0.0071,0.0000,0.000,103.307,2.200,-35.807
52.3261,0.0085,0.0000,0.000,103.307,2.200,-35.807
52.3358,0.0097,0.0000,0.000,103.307,2.200,-35.807
52.3444,0.0086,0.0000,0.000,103.307,2.200,-35.807
52.3557,0.0113,0.0000,0.000,103.307,2.200,-35.807
52.3623,0.0066,0.0000,0.000,103.307,2.200,-35.807
52.3719,0.0096,0.0000,0.000,103.307,2.200,-35.807
52.3803,0.0084,0.0000,0.000,103.307,2.200,-35.807
52.3882,0.0079,0.0000,0.000,103.307,2.200,-35.807
52.3973,0.0091,0.0000,0.000,103.307,2.200,-35.807
52.4051,0.0078,0.0000,0.000,103.307,2.200,-35.807
52.4138,0.0086,0.0000,0.000,103.307,2.200,-35.807
52.4207,0.0069,0.0000,0.000,103.307,2.200,-35.807
52.4283,0.0076,0.0000,0.000,103.307,2.200,-35.807
52.4371,0.0089,0.0000,0.000,103.307,2.200,-35.807
52.4437,0.0066,0.0000,0.000,103.307,2.200,-35.807
52.4529,0.0092,0.0000,0.000,103.307,2.200,-35.807
52.4595,0.0066,0.0000,0.000,103.307,2.200,-35.807
52.4664,0.0069,0.0000,0.000,103.307,2.200,-35.807
52.4764,0.0100,0.0000,0.000,103.307,2.200,-35.807
52.4836,0.0073,0.0000,0.000,103.307,2.200,-35.807
52.4925,0.0088,0.0000,0.000,103.307,2.200,-35.807
52.5009,0.0084,0.0000,0.000,103.307,2.200,-35.807
52.5108,0.0099,0.0000,0.000,103.307,2.200,-35.807
52.5178,0.0070,0.0000,0.000,103.307,2.200,-35.807
52.5272,0.0095,0.0000,0.000,103.307,2.200,-35.807
52.5376,0.0104,0.0000,0.000,103.307,2.200,-35.807
52.5458,0.0082,0.0000,0.000,103.307,2.200,-35.807
52.5550,0.0093,0.0000,0.000,103.307,2.200,-35.807
52.5623,0.0073,0.0000,0.000,103.307,2.200,-35.807
52.5722,0.0099,0.0000,0.000,103.307,2.200,-35.807
52.5795,0.0072,0.0000,0.000,103.307,2.200,-35.807
52.5861,0.0067,0.0000,0.000,103.307,2.200,-35.807
52.5949,0.0088,0.0000,0.000,103.307,2.200,-35.807
52.6033,0.0083,0.0000,0.000,103.307,2.200,-35.807
52.6117,0.0085,0.0000,0.000,103.307,2.200,-35.807
52.6188,0.0071,0.0000,0.000,103.307,2.200,-35.807
52.6262,0.0074,0.0000,0.000,103.307,2.200,-35.807
52.6351,0.0088,0.0000,0.000,103.307,2.200,-35.807
52.6414,0.0063,0.0000,0.000,103.307,2.200,-35.807
52.6522,0.0108,0.0000,0.000,103.307,2.200,-35.807
52.6598,0.0077,0.0000,0.000,103.307,2.200,-35.807
52.6670,0.0071,0.0000,0.000,103.307,2.200,-35.807
52.6780,0.0111,0.0000,0.000,103.307,2.200,-35.807
52.6855,0.0075,0.0000,0.000,103.307,2.200,-35.807
52.6941,0.0086,0.0000,0.000,103.307,2.200,-35.807
52.7027,0.0086,0.0000,0.000,103.307,2.200,-35.807
52.7130,0.0103,0.0000,0.000,103.307,2.200,-35.807
52.7196,0.0065,0.0000,0.000,103.307,2.200,-35.807
52.7265,0.0069,0.0000,0.000,103.307,2.200,-35.807
52.7349,0.0084,0.0000,0.000,103.307,2.200,-35.807
52.7410,0.0061,0.0000,0.000,103.307,2.200,-35.807
52.7518,0.0108,0.0000,0.000,103.307,2.200,-35.807
52.7598,0.0081,0.0000,0.000,103.307,2.200,-35.807
52.7677,0.0078,0.0000,0.000,103.307,2.200,-35.807
52.7804,0.0127,0.0000,0.000,103.307,2.200,-35.807
52.7887,0.0083,0.0000,0.000,103.307,2.200,-35.807
52.7987,0.0101,0.0000,0.000,103.307,2.200,-35.807
52.8068,0.0080,0.0000,0.000,103.307,2.200,-35.807
52.8159,0.0091,0.0000,0.000,103.307,2.200,-35.807
52.8230,0.0071,0.0000,0.000,103.307,2.200,-35.807
52.8321,0.0091,0.0000,0.000,103.307,2.200,-35.807
52.8399,0.0078,0.0000,0.000,103.307,2.200,-35.807
52.8473,0.0074,0.0000,0.000,103.307,2.200,-35.807
52.8570,0.0097,0.0000,0.000,103.307,2.200,-35.807
52.8638,0.0068,0.0000,0.000,103.307,2.200,-35.807
52.8716,0.0078,0.0000,0.000,103.307,2.200,-35.807
52.8797,0.0081,0.0000,0.000,103.307,2.200,-35.807
52.8873,0.0076,0.0000,0.000,103.307,2.200,-35.807
52.8962,0.0089,0.0000,0.000,103.307,2.200,-35.807
52.9048,0.0086,0.0000,0.000,103.307,2.200,-35.807
52.9142,0.0094,0.0000,0.000,103.307,2.200,-35.807
52.9226,0.0084,0.0000,0.000,103.307,2.200,-35.807
52.9333,0.0107,0.0000,0.000,103.307,2.200,-35.807
52.9410,0.0077,0.0000,0.000,103.307,2.200,-35.807
52.9510,0.0100,0.0000,0.000,103.307,2.200,-35.807
52.9593,0.0082,0.0000,0.000,103.307,2.200,-35.807
52.9651,0.0059,0.0000,0.000,103.307,2.200,-35.807
52.9746,0.0095,0.0000,0.000,103.307,2.200,-35.807
52.9838,0.0092,0.0000,0.000,103.307,2.200,-35.807
52.9924,0.0086,0.0000,0.000,103.307,2.200,-35.807
52.9986,0.0062,0.0000,0.000,103.307,2.200,-35.807
53.0069,0.0083,0.0000,0.000,103.307,2.200,-35.807
53.0154,0.0085,0.0000,0.000,103.307,2.200,-35.807
53.0218,0.0065,0.0000,0.000,103.307,2.200,-35.807
53.0311,0.0093,0.0000,0.000,103.307,2.200,-35.807
53.0385,0.0074,0.0000,0.000,103.307,2.200,-35.807
53.0442,0.0058,0.0000,0.000,103.307,2.200,-35.807
53.0535,0.0093,0.0000,0.000,103.307,2.200,-35.807
53.0609,0.0074,0.0000,0.000,103.307,2.200,-35.807
53.0697,0.0088,0.0000,0.000,103.307,2.200,-35.807
53.0768,0.0071,0.0000,0.000,103.307,2.200,-35.807
53.0834,0.0066,0.0000,0.000,103.307,2.200,-35.807
53.0910,0.0077,0.0000,0.000,103.307,2.200,-35.807
53.0995,0.0085,0.0000,0.000,103.307,2.200,-35.807
53.1059,0.0063,0.0000,0.000,103.307,2.200,-35.807
53.1158,0.0100,0.0000,0.000,103.307,2.200,-35.807
53.1250,0.0092,0.0000,0.000,103.307,2.200,-35.807
53.1343,0.0093,0.0000,0.000,103.307,2.200,-35.807
53.1415,0.0072,0.0000,0.000,103.307,2.200,-35.807
53.1511,0.0095,0.0000,0.000,103.307,2.200,-35.807
53.1580,0.0070,0.0000,0.000,103.307,2.200,-35.807
53.1646,0.0066,0.0000,0.000,103.307,2.200,-35.807
53.1739,0.0093,0.0000,0.000,103.307,2.200,-35.807
53.1802,0.0062,0.0000,0.000,103.307,2.200,-35.807
53.1857,0.0055,0.0000,0.000,103.307,2.200,-35.807
53.1957,0.0100,0.0000,0.000,103.307,2.200,-35.807
53.2045,0.0088,0.0000,0.000,103.307,2.200,-35.807
53.2154,0.0109,0.0000,0.000,103.307,2.200,-35.807
53.2229,0.0075,0.0000,0.000,103.307,2.200,-35.807
53.2307,0.0079,0.0000,0.000,103.307,2.200,-35.807
53.2367,0.0060,0.0000,0.000,103.307,2.200,-35.807
53.2443,0.0076,0.0000,0.000,103.307,2.200,-35.807
53.2528,0.0085,0.0000,0.000,103.307,2.200,-35.807
53.2601,0.0074,0.0000,0.000,103.307,2.200,-35.807
53.2678,0.0076,0.0000,0.000,103.307,2.200,-35.807
53.2758,0.0080,0.0000,0.000,103.307,2.200,-35.807
53.2818,0.0060,0.0000,0.000,103.307,2.200,-35.807
53.2916,0.0098,0.0000,0.000,103.307,2.200,-35.807
53.2989,0.0073,0.0000,0.000,103.307,2.200,-35.807
53.3050,0.0061,0.0000,0.000,103.307,2.200,-35.807
53.3141,0.0092,0.0000,0.000,103.307,2.200,-35.807
53.3213,0.0072,0.0000,0.000,103.307,2.200,-35.807
53.3296,0.0083,0.0000,0.000,103.307,2.200,-35.807
53.3360,0.0064,0.0000,0.000,103.307,2.200,-35.807
53.3431,0.0071,0.0000,0.000,103.307,2.200,-35.807
53.3511,0.0080,0.0000,0.000,103.307,2.200,-35.807
53.3594,0.0082,0.0000,0.000,103.307,2.200,-35.807
53.3658,0.0065,0.0000,0.000,103.307,2.200,-35.807
53.3736,0.0077,0.0000,0.000,103.307,2.200,-35.807
53.3826,0.0091,0.0000,0.000,103.307,2.200,-35.807
53.3917,0.0091,0.0000,0.000,103.307,2.200,-35.807
53.3985,0.0068,0.0000,0.000,103.307,2.200,-35.807
53.4052,0.0066,0.0000,0.000,103.307,2.200,-35.807
53.4145,0.0093,0.0000,0.000,103.307,2.200,-35.807
53.4206,0.0061,0.0000,0.000,103.307,2.200,-35.807
53.4276,0.0070,0.0000,0.000,103.307,2.200,-35.807
53.4367,0.0091,0.0000,0.000,103.307,2.200,-35.807
53.4441,0.0074,0.0000,0.000,103.307,2.200,-35.807
53.4525,0.0084,0.0000,0.000,103.307,2.200,-35.807
53.4597,0.0072,0.0000,0.000,103.307,2.200,-35.807
53.4659,0.0062,0.0000,0.000,103.307,2.200,-35.807
53.4747,0.0089,0.0000,0.000,103.307,2.200,-35.807
53.4807,0.0060,0.0000,0.000,103.307,2.200,-35.807
53.4865,0.0058,0.0000,0.000,103.307,2.200,-35.807
53.4972,0.0107,0.0000,0.000,103.307,2.200,-35.807
53.5052,0.0080,0.0000,0.000,103.307,2.200,-35.807
53.5155,0.0103,0.0000,0.000,103.307,2.200,-35.807
53.5241,0.0086,0.0000,0.000,103.307,2.200,-35.807
53.5340,0.0100,0.0000,0.000,103.307,2.200,-35.807
53.5420,0.0080,0.0000,0.000,103.307,2.200,-35.807
53.5525,0.0105,0.0000,0.000,103.307,2.200,-35.807
53.5600,0.0075,0.0000,0.000,103.307,2.200,-35.807
53.5672,0.0071,0.0000,0.000,103.307,2.200,-35.807
53.5774,0.0103,0.0000,0.000,103.307,2.200,-35.807
53.5858,0.0083,0.0000,0.000,103.307,2.200,-35.807
53.5948,0.0090,0.0000,0.000,103.307,2.200,-35.807
53.6093,0.0145,104.3141,55.854,4.145,4.500,-3.511
53.6251,0.0158,0.0023,0.000,4.147,4.500,-3.511
53.6372,0.0121,0.0023,0.000,4.150,4.500,-3.511
53.6486,0.0114,0.0026,0.000,4.152,4.500,-3.511
53.6586,0.0101,0.0026,0.000,4.155,4.500,-3.511
53.6684,0.0098,0.0028,0.000,4.158,4.500,-3.511
53.6792,0.0108,0.0034,0.000,4.161,4.500,-3.511
53.6856,0.0064,0.0021,0.000,4.163,4.500,-3.511
53.6938,0.0082,0.0028,0.000,4.166,4.500,-3.512
53.7011,0.0073,0.0026,0.000,4.169,4.500,-3.512
53.7102,0.0091,0.0034,0.000,4.172,4.500,-3.512
53.7168,0.0066,0.0025,0.000,4.175,4.500,-3.512
53.7245,0.0078,0.0031,0.000,4.178,4.500,-3.512
53.7332,0.0087,0.0035,0.000,4.181,4.500,-3.512
53.7411,0.0079,0.0033,0.000,4.184,4.500,-3.512
53.7509,0.0097,0.0041,0.000,4.189,4.500,-3.513
53.7578,0.0069,0.0029,0.000,4.192,4.500,-3.513
53.7640,0.0062,0.0026,0.000,4.194,4.500,-3.513
53.7720,0.0080,0.0035,0.000,4.198,4.500,-3.513
53.7788,0.0068,0.0030,0.000,4.201,4.500,-3.513
53.7853,0.0065,0.0029,0.000,4.203,4.500,-3.513
53.7938,0.0085,0.0038,0.000,4.207,4.500,-3.513
53.8010,0.0072,0.0032,0.000,4.210,4.500,-3.514
53.8101,0.0091,0.0041,0.000,4.215,4.500,-3.514
53.8170,0.0069,0.0031,0.000,4.218,4.500,-3.514
53.8242,0.0072,0.0032,0.000,4.221,4.500,-3.514
53.8335,0.0093,0.0042,0.000,4.225,4.500,-3.514
53.8424,0.0089,0.0040,0.000,4.229,4.500,-3.514
53.8531,0.0106,0.0048,0.000,4.234,4.500,-3.515
53.8601,0.0070,0.0031,0.000,4.237,4.500,-3.515
53.8671,0.0071,0.0031,0.000,4.240,4.500,-3.515
53.8763,0.0092,0.0041,0.000,4.244,4.500,-3.515
53.8841,0.0078,0.0035,0.000,4.248,4.500,-3.515
53.8963,0.0122,0.0054,0.000,4.253,4.500,-3.515
53.9058,0.0095,0.0041,0.000,4.257,4.500,-3.516
53.9157,0.0099,0.0043,0.000,4.262,4.500,-3.516
53.9244,0.0087,0.0037,0.000,4.265,4.500,-3.516
53.9334,0.0090,0.0038,0.000,4.269,4.500,-3.516
53.9404,0.0070,0.0029,0.000,4.272,4.500,-3.516
53.9476,0.0073,0.0030,0.000,4.275,4.500,-3.516
53.9569,0.0093,0.0038,0.000,4.279,4.500,-3.517
53.9644,0.0075,0.0030,0.000,4.282,4.500,-3.517
53.9738,0.0094,0.0038,0.000,4.286,4.500,-3.517
53.9815,0.0077,0.0030,0.000,4.289,4.500,-3.517
53.9919,0.0105,0.0041,0.000,4.293,4.500,-3.517
54.0006,0.0087,0.0033,0.000,4.296,4.500,-3.517
54.0074,0.0068,0.0026,0.000,4.299,4.500,-3.518
54.0167,0.0093,0.0035,0.000,4.302,4.500,-3.518
54.0243,0.0076,0.0028,0.000,4.305,4.500,-3.518
54.0313,0.0070,0.0026,0.000,4.308,4.500,-3.518
54.0384,0.0071,0.0026,0.000,4.310,4.500,-3.518
54.0455,0.0071,0.0025,0.000,4.313,4.500,-3.518
54.0535,0.0080,0.0028,0.000,4.315,4.500,-3.518
54.0603,0.0068,0.0024,0.000,4.318,4.500,-3.518
54.0664,0.0061,0.0021,0.000,4.320,4.500,-3.519
54.0756,0.0092,0.0032,0.000,4.323,4.500,-3.519
54.0826,0.0070,0.0023,0.000,4.325,4.500,-3.519
54.0931,0.0106,0.0035,0.000,4.329,4.500,-3.519
54.1005,0.0074,0.0024,0.000,4.331,4.500,-3.519
54.1072,0.0067,0.0022,0.000,4.333,4.500,-3.519
54.1184,0.0111,0.0036,0.000,4.337,4.500,-3.519
54.1253,0.0069,0.0022,0.000,4.339,4.500,-3.520
54.1338,0.0085,0.0026,0.000,4.342,4.500,-3.520
54.1414,0.0076,0.0023,0.000,4.344,4.500,-3.520
54.1517,0.0103,0.0031,0.000,4.347,4.500,-3.520
54.1585,0.0068,0.0020,0.000,4.349,4.500,-3.520
54.1652,0.0067,0.0019,0.000,4.351,4.500,-3.520
54.1745,0.0093,0.0027,0.000,4.354,4.500,-3.520
54.1814,0.0068,0.0019,0.000,4.356,4.500,-3.520
54.1917,0.0103,0.0029,0.000,4.359,4.500,-3.521
54.1990,0.0074,0.0020,0.000,4.361,4.500,-3.521
54.2071,0.0081,0.0022,0.000,4.363,4.500,-3.521
54.2181,0.0110,0.0029,0.000,4.366,4.500,-3.521
54.2265,0.0084,0.0022,0.000,4.368,4.500,-3.521
54.2346,0.0081,0.0021,0.000,4.370,4.500,-3.521
54.2420,0.0074,0.0019,0.000,4.372,4.500,-3.521
54.2508,0.0088,0.0022,0.000,4.374,4.500,-3.522
54.2575,0.0067,0.0016,0.000,4.376,4.500,-3.522
54.2658,0.0083,0.0020,0.000,4.378,4.500,-3.522
54.2749,0.0091,0.0022,0.000,4.380,4.500,-3.522
54.2832,0.0083,0.0020,0.000,4.382,4.500,-3.522
54.2938,0.0106,0.0024,0.000,4.384,4.500,-3.522
54.3028,0.0090,0.0020,0.000,4.386,4.500,-3.522
54.3125,0.0096,0.0021,0.000,4.388,4.500,-3.522
54.3197,0.0072,0.0016,0.000,4.390,4.500,-3.523
54.3333,0.0136,0.0029,0.000,4.393,4.500,-3.523
54.3494,0.0161,0.0034,0.000,4.396,4.500,-3.523
54.3662,0.0168,0.0034,0.000,4.400,4.500,-3.523
54.3878,0.0216,0.0043,0.000,4.404,4.500,-3.524
54.4013,0.0135,0.0025,0.000,4.406,4.500,-3.524
54.4281,0.0268,0.0049,0.000,4.411,4.500,-3.524
54.4449,0.0167,0.0028,0.000,4.414,4.500,-3.524
54.4558,0.0110,0.0018,0.000,4.416,4.500,-3.524
54.4648,0.0089,0.0014,0.000,4.417,4.500,-3.524
54.4763,0.0115,0.0018,0.000,4.419,4.500,-3.525
54.4851,0.0088,0.0013,0.000,4.420,4.500,-3.525
54.4968,0.0116,0.0017,0.000,4.422,4.500,-3.525
54.5060,0.0093,0.0013,0.000,4.424,4.500,-3.525
54.5180,0.0120,0.0017,0.000,4.425,4.500,-3.525
54.5266,0.0086,0.0012,0.000,4.426,4.500,-3.525
54.5373,0.0107,0.0015,0.000,4.428,4.500,-3.525
54.5444,0.0071,0.0009,0.000,4.429,4.500,-3.525
54.5558,0.0113,0.0015,0.000,4.430,4.500,-3.525
54.5665,0.0107,0.0014,0.000,4.432,4.500,-3.526
54.5789,0.0124,0.0015,0.000,4.433,4.500,-3.526
54.5892,0.0103,0.0013,0.000,4.434,4.500,-3.526
54.6008,0.0117,0.0014,0.000,4.436,4.500,-3.526
54.6101,0.0092,0.0011,0.000,4.437,4.500,-3.526
54.6208,0.0107,0.0012,0.000,4.438,4.500,-3.526
54.6283,0.0075,0.0008,0.000,4.439,4.500,-3.526
54.6376,0.0093,0.0010,0.000,4.440,4.500,-3.526
54.6452,0.0076,0.0008,0.000,4.441,4.500,-3.526
54.6543,0.0091,0.0010,0.000,4.442,4.500,-3.526
54.6615,0.0072,0.0007,0.000,4.442,4.500,-3.526
54.6712,0.0097,0.0010,0.000,4.443,4.500,-3.526
54.6783,0.0070,0.0007,0.000,4.444,4.500,-3.526
54.6847,0.0064,0.0006,0.000,4.445,4.500,-3.526
54.6960,0.0114,0.0011,0.000,4.446,4.500,-3.527
54.7046,0.0085,0.0008,0.000,4.447,4.500,-3.527
54.7135,0.0089,0.0008,0.000,4.448,4.500,-3.527
54.7218,0.0084,0.0008,0.000,4.448,4.500,-3.527
54.7323,0.0104,0.0009,0.000,4.449,4.500,-3.527
54.7394,0.0071,0.0006,0.000,4.450,4.500,-3.527
54.7470,0.0076,0.0007,0.000,4.451,4.500,-3.527
54.7565,0.0094,0.0008,0.000,4.451,4.500,-3.527
54.7638,0.0074,0.0006,0.000,4.452,4.500,-3.527
54.7732,0.0094,0.0008,0.000,4.453,4.500,-3.527
54.7798,0.0066,0.0005,0.000,4.453,4.500,-3.527
54.7867,0.0069,0.0006,0.000,4.454,4.500,-3.527
54.7970,0.0103,0.0008,0.000,4.455,4.500,-3.527
54.8061,0.0091,0.0007,0.000,4.455,4.500,-3.527
54.8167,0.0106,0.0008,0.000,4.456,4.500,-3.527
54.8248,0.0082,0.0006,0.000,4.457,4.500,-3.527
54.8348,0.0100,0.0007,0.000,4.458,4.500,-3.527
54.8434,0.0086,0.0006,0.000,4.458,4.500,-3.527
54.8549,0.0115,0.0008,0.000,4.459,4.500,-3.527
54.8617,0.0068,0.0005,0.000,4.459,4.500,-3.527
54.8715,0.0097,0.0007,0.000,4.460,4.500,-3.527
54.8797,0.0082,0.0005,0.000,4.461,4.500,-3.527
54.8865,0.0068,0.0004,0.000,4.461,4.500,-3.527
54.8959,0.0095,0.0006,0.000,4.462,4.500,-3.527
54.9035,0.0076,0.0005,0.000,4.462,4.500,-3.527
54.9131,0.0096,0.0006,0.000,4.463,4.500,-3.527
54.9204,0.0073,0.0004,0.000,4.463,4.500,-3.527
54.9281,0.0076,0.0004,0.000,4.464,4.500,-3.528
54.9375,0.0094,0.0005,0.000,4.464,4.500,-3.528
54.9453,0.0078,0.0004,0.000,4.464,4.500,-3.528
54.9547,0.0095,0.0005,0.000,4.465,4.500,-3.528
54.9617,0.0070,0.0004,0.000,4.465,4.500,-3.528
54.9717,0.0100,0.0005,0.000,4.466,4.500,-3.528
54.9794,0.0077,0.0004,0.000,4.466,4.500,-3.528
54.9858,0.0064,0.0003,0.000,4.467,4.500,-3.528
54.9953,0.0095,0.0005,0.000,4.467,4.500,-3.528
55.0035,0.0082,0.0004,0.000,4.467,4.500,-3.528
55.0151,0.0116,0.0006,0.000,4.468,4.500,-3.528
55.0233,0.0083,0.0004,0.000,4.468,4.500,-3.528
55.0345,0.0112,0.0005,0.000,4.469,4.500,-3.528
55.0430,0.0085,0.0004,0.000,4.469,4.500,-3.528
55.0535,0.0105,0.0005,0.000,4.470,4.500,-3.528
55.0621,0.0086,0.0004,0.000,4.470,4.500,-3.528
55.0737,0.0116,0.0005,0.000,4.471,4.500,-3.528
55.0805,0.0068,0.0003,0.000,4.471,4.500,-3.528
55.0878,0.0074,0.0003,0.000,4.471,4.500,-3.528
55.0980,0.0102,0.0004,0.000,4.472,4.500,-3.528
55.1050,0.0069,0.0003,0.000,4.472,4.500,-3.528
55.1153,0.0104,0.0004,0.000,4.473,4.500,-3.528
55.1226,0.0072,0.0003,0.000,4.473,4.500,-3.528
55.1321,0.0096,0.0004,0.000,4.473,4.500,-3.528
55.1403,0.0082,0.0003,0.000,4.474,4.500,-3.528
55.1473,0.0069,0.0003,0.000,4.474,4.500,-3.528
55.1566,0.0093,0.0004,0.000,4.474,4.500,-3.528
55.1660,0.0094,0.0004,0.000,4.475,4.500,-3.528
55.1756,0.0096,0.0004,0.000,4.475,4.500,-3.529
55.1825,0.0069,0.0003,0.000,4.475,4.500,-3.529
55.1935,0.0109,0.0004,0.000,4.476,4.500,-3.529
55.2014,0.0079,0.0003,0.000,4.476,4.500,-3.529
55.2105,0.0091,0.0003,0.000,4.476,4.500,-3.529
55.2171,0.0066,0.0002,0.000,4.476,4.500,-3.529
55.2247,0.0076,0.0003,0.000,4.477,4.500,-3.529
55.2329,0.0082,0.0003,0.000,4.477,4.500,-3.529
55.2404,0.0075,0.0003,0.000,4.477,4.500,-3.529
55.2472,0.0068,0.0002,0.000,4.477,4.500,-3.529
55.2561,0.0089,0.0003,0.000,4.478,4.500,-3.529
55.2633,0.0072,0.0002,0.000,4.478,4.500,-3.529
55.2718,0.0085,0.0003,0.000,4.478,4.500,-3.529
55.2788,0.0071,0.0002,0.000,4.479,4.500,-3.529
55.2854,0.0066,0.0002,0.000,4.479,4.500,-3.529
55.2930,0.0075,0.0002,0.000,4.479,4.500,-3.529
55.3002,0.0072,0.0002,0.000,4.479,4.500,-3.529
55.3069,0.0068,0.0002,0.000,4.479,4.500,-3.529
55.3161,0.0092,0.0003,0.000,4.480,4.500,-3.529
55.3227,0.0066,0.0002,0.000,4.480,4.500,-3.529
55.3312,0.0084,0.0003,0.000,4.480,4.500,-3.529
55.3380,0.0069,0.0002,0.000,4.480,4.500,-3.529
55.3444,0.0064,0.0002,0.000,4.481,4.500,-3.530
55.3529,0.0085,0.0003,0.000,4.481,4.500,-3.530
55.3597,0.0069,0.0002,0.000,4.481,4.500,-3.530
55.3663,0.0066,0.0002,0.000,4.481,4.500,-3.530
55.3761,0.0098,0.0003,0.000,4.481,4.500,-3.530
55.3826,0.0064,0.0002,0.000,4.482,4.500,-3.530
55.3909,0.0084,0.0002,0.000,4.482,4.500,-3.530
55.3984,0.0075,0.0002,0.000,4.482,4.500,-3.530
55.4047,0.0063,0.0002,0.000,4.482,4.500,-3.530
55.4147,0.0099,0.0003,0.000,4.482,4.500,-3.530
55.4227,0.0080,0.0002,0.000,4.483,4.500,-3.530
55.4328,0.0101,0.0003,0.000,4.483,4.500,-3.530
55.4404,0.0076,0.0002,0.000,4.483,4.500,-3.530
55.4478,0.0073,0.0002,0.000,4.483,4.500,-3.530
55.4569,0.0091,0.0002,0.000,4.483,4.500,-3.530
55.4650,0.0082,0.0002,0.000,4.484,4.500,-3.531
55.4763,0.0112,0.0003,0.000,4.484,4.500,-3.531
55.4831,0.0068,0.0002,0.000,4.484,4.500,-3.531
55.4910,0.0079,0.0002,0.000,4.484,4.500,-3.531
55.4991,0.0081,0.0002,0.000,4.484,4.500,-3.531
55.5060,0.0069,0.0001,0.000,4.484,4.500,-3.531
55.5152,0.0092,0.0002,0.000,4.485,4.500,-3.531
55.5230,0.0078,0.0002,0.000,4.485,4.500,-3.531
55.5313,0.0083,0.0002,0.000,4.485,4.500,-3.531
55.5387,0.0074,0.0001,0.000,4.485,4.500,-3.531
55.5464,0.0077,0.0002,0.000,4.485,4.500,-3.531
55.5553,0.0089,0.0002,0.000,4.485,4.500,-3.532
55.5615,0.0062,0.0001,0.000,4.485,4.500,-3.532
55.5711,0.0096,0.0002,0.000,4.485,4.500,-3.532
55.5773,0.0062,0.0001,0.000,4.486,4.500,-3.532
55.5838,0.0065,0.0001,0.000,4.486,4.500,-3.532
55.5937,0.0098,0.0002,0.000,4.486,4.500,-3.532
55.6020,0.0084,0.0002,0.000,4.486,4.500,-3.532
55.6131,0.0111,0.0002,0.000,4.486,4.500,-3.532
55.6205,0.0074,0.0001,0.000,4.486,4.500,-3.532
55.6270,0.0065,0.0001,0.000,4.486,4.500,-3.532
55.6357,0.0087,0.0002,0.000,4.486,4.500,-3.532
55.6435,0.0077,0.0001,0.000,4.486,4.500,-3.533
55.6526,0.0091,0.0002,0.000,4.487,4.500,-3.533
55.6597,0.0071,0.0001,0.000,4.487,4.500,-3.533
55.6672,0.0075,0.0001,0.000,4.487,4.500,-3.533
55.6771,0.0099,0.0002,0.000,4.487,4.500,-3.533
55.6848,0.0077,0.0001,0.000,4.487,4.500,-3.533
55.6950,0.0102,0.0002,0.000,4.487,4.500,-3.533
55.7033,0.0083,0.0001,0.000,4.487,4.500,-3.534
55.7137,0.0104,0.0002,0.000,4.487,4.500,-3.534
55.7226,0.0089,0.0002,0.000,4.487,4.500,-3.534
55.7324,0.0098,0.0002,0.000,4.487,4.500,-3.534
55.7407,0.0083,0.0001,0.000,4.487,4.500,-3.534
55.7494,0.0087,0.0001,0.000,4.487,4.500,-3.534
55.7600,0.0106,0.0002,0.000,4.487,4.500,-3.534
55.7686,0.0086,0.0001,0.000,4.487,4.500,-3.535
55.7792,0.0106,0.0002,0.000,4.487,4.500,-3.535
55.7859,0.0067,0.0001,0.000,4.487,4.500,-3.535
55.7944,0.0085,0.0001,0.000,4.487,4.500,-3.535
55.8022,0.0078,0.0001,0.000,4.487,4.500,-3.535
55.8113,0.0091,0.0002,0.000,4.488,4.500,-3.535
55.8180,0.0067,0.0001,0.000,4.488,4.500,-3.535
55.8252,0.0072,0.0001,0.000,4.488,4.500,-3.536
55.8337,0.0086,0.0001,0.000,4.488,4.500,-3.536
55.8405,0.0067,0.0001,0.000,4.488,4.500,-3.536
55.8473,0.0069,0.0001,0.000,4.488,4.500,-3.536
55.8566,0.0092,0.0001,0.000,4.488,4.500,-3.536
55.8660,0.0094,0.0001,0.000,4.488,4.500,-3.536
55.8765,0.0105,0.0001,0.000,4.488,4.500,-3.536
55.8839,0.0074,0.0001,0.000,4.488,4.500,-3.536
55.8923,0.0084,0.0001,0.000,4.488,4.500,-3.536
55.8995,0.0071,0.0001,0.000,4.488,4.500,-3.536
55.9061,0.0066,0.0001,0.000,4.488,4.500,-3.537
55.9145,0.0084,0.0001,0.000,4.488,4.500,-3.537
55.9215,0.0071,0.0001,0.000,4.488,4.500,-3.537
55.9307,0.0091,0.0001,0.000,4.488,4.500,-3.537
55.9365,0.0059,0.0001,0.000,4.488,4.500,-3.537
55.9440,0.0075,0.0001,0.000,4.488,4.500,-3.537
55.9520,0.0080,0.0001,0.000,4.488,4.500,-3.537
55.9601,0.0081,0.0001,0.000,4.488,4.500,-3.537
55.9669,0.0068,0.0001,0.000,4.488,4.500,-3.537
55.9761,0.0092,0.0001,0.000,4.488,4.500,-3.537
55.9834,0.0073,0.0001,0.000,4.488,4.500,-3.538
55.9924,0.0090,0.0001,0.000,4.488,4.500,-3.538
55.9990,0.0067,0.0001,0.000,4.488,4.500,-3.538
56.0051,0.0061,0.0001,0.000,4.488,4.500,-3.538
56.0132,0.0081,0.0001,0.000,4.488,4.500,-3.538
56.0211,0.0079,0.0001,0.000,4.488,4.500,-3.538
56.0301,0.0090,0.0001,0.000,4.488,4.500,-3.538
56.0381,0.0080,0.0001,0.000,4.488,4.500,-3.538
56.0450,0.0069,0.0001,0.000,4.488,4.500,-3.538
56.0531,0.0081,0.0001,0.000,4.489,4.500,-3.538
56.0598,0.0066,0.0001,0.000,4.489,4.500,-3.539
56.0663,0.0065,0.0001,0.000,4.489,4.500,-3.539
56.0749,0.0086,0.0001,0.000,4.489,4.500,-3.539
56.0825,0.0076,0.0001,0.000,4.489,4.500,-3.539
56.0911,0.0086,0.0001,0.000,4.489,4.500,-3.539
56.0980,0.0069,0.0001,0.000,4.489,4.500,-3.539
56.1048,0.0068,0.0001,0.000,4.489,4.500,-3.539
56.1129,0.0081,0.0001,0.000,4.489,4.500,-3.539
56.1201,0.0072,0.0001,0.000,4.489,4.500,-3.540
56.1273,0.0072,0.0001,0.000,4.489,4.500,-3.540
56.1376,0.0103,0.0002,0.000,4.489,4.500,-3.540
56.1469,0.0093,0.0002,0.000,4.489,4.500,-3.540
56.1581,0.0112,0.0002,0.000,4.489,4.500,-3.540
56.1669,0.0088,0.0001,0.000,4.489,4.500,-3.540
56.1771,0.0102,0.0002,0.000,4.489,4.500,-3.540
56.1858,0.0087,0.0001,0.000,4.489,4.500,-3.541
56.1962,0.0104,0.0002,0.000,4.489,4.500,-3.541
56.2111,0.0149,0.0002,0.000,4.489,4.500,-3.541
56.2274,0.0163,0.0003,0.000,4.489,4.500,-3.541
56.2416,0.0142,0.0002,0.000,4.489,4.500,-3.541
56.2542,0.0126,0.0002,0.000,4.489,4.500,-3.542
56.2640,0.0098,0.0002,0.000,4.489,4.500,-3.542
56.2734,0.0094,0.0001,0.000,4.489,4.500,-3.542
56.2825,0.0091,0.0001,0.000,4.489,4.500,-3.542
56.2931,0.0106,0.0002,0.000,4.489,4.500,-3.542
56.3017,0.0086,0.0001,0.000,4.489,4.500,-3.542
56.3101,0.0084,0.0001,0.000,4.489,4.500,-3.543
56.3176,0.0074,0.0001,0.000,4.489,4.500,-3.543
56.3250,0.0074,0.0001,0.000,4.489,4.500,-3.543
56.3332,0.0083,0.0001,0.000,4.489,4.500,-3.543
56.3414,0.0082,0.0001,0.000,4.489,4.500,-3.543
56.3515,0.0101,0.0002,0.000,4.489,4.500,-3.543
56.3608,0.0093,0.0001,0.000,4.489,4.500,-3.543
56.3688,0.0081,0.0001,0.000,4.489,4.500,-3.543
56.3792,0.0104,0.0002,0.000,4.489,4.500,-3.544
56.3873,0.0081,0.0001,0.000,4.489,4.500,-3.544
56.3976,0.0104,0.0002,0.000,4.489,4.500,-3.544
56.4056,0.0080,0.0001,0.000,4.489,4.500,-3.544
56.4157,0.0101,0.0002,0.000,4.489,4.500,-3.544
56.4297,0.0140,0.0003,0.000,4.489,4.500,-3.545
56.4421,0.0123,0.0002,0.000,4.489,4.500,-3.545
56.4548,0.0127,0.0002,0.000,4.489,4.500,-3.545
56.4633,0.0086,0.0002,0.000,4.489,4.500,-3.545
56.4723,0.0090,0.0002,0.000,4.489,4.500,-3.545
56.4795,0.0071,0.0001,0.000,4.489,4.500,-3.545
56.4866,0.0072,0.0001,0.000,4.489,4.500,-3.546
56.4976,0.0110,0.0002,0.000,4.489,4.500,-3.546
56.5054,0.0078,0.0001,0.000,4.489,4.500,-3.546
56.5152,0.0098,0.0002,0.000,4.489,4.500,-3.546
56.5235,0.0083,0.0002,0.000,4.489,4.500,-3.546
56.5321,0.0087,0.0002,0.000,4.489,4.500,-3.546
56.5400,0.0078,0.0002,0.000,4.489,4.500,-3.547
56.5465,0.0065,0.0001,0.000,4.489,4.500,-3.547
56.5558,0.0093,0.0002,0.000,4.489,4.500,-3.547
56.5633,0.0076,0.0002,0.000,4.489,4.500,-3.547
56.5723,0.0090,0.0002,0.000,4.489,4.500,-3.547
56.5790,0.0068,0.0001,0.000,4.489,4.500,-3.547
56.5860,0.0070,0.0001,0.000,4.489,4.500,-3.548
56.5947,0.0087,0.0002,0.000,4.489,4.500,-3.548
56.6014,0.0066,0.0001,0.000,4.489,4.500,-3.548
56.6122,0.0109,0.0002,0.000,4.489,4.500,-3.548
56.6199,0.0077,0.0002,0.000,4.489,4.500,-3.548
56.6271,0.0072,0.0002,0.000,4.489,4.500,-3.548
56.6372,0.0101,0.0020,0.000,4.488,4.500,-3.550
56.6467,0.0095,0.0034,0.000,4.485,4.500,-3.552
56.6583,0.0116,0.0036,0.000,4.484,4.500,-3.556
56.6689,0.0105,0.0033,0.000,4.484,4.500,-3.559
56.6789,0.0100,0.0035,0.000,4.485,4.500,-3.562
56.6872,0.0083,0.0032,0.000,4.487,4.500,-3.565
56.6981,0.0109,0.0050,0.000,4.490,4.500,-3.569
56.7057,0.0075,0.0037,0.000,4.492,4.500,-3.572
56.7136,0.0080,0.0043,0.000,4.496,4.500,-3.575
56.7222,0.0085,0.0050,0.000,4.499,4.500,-3.578
56.7329,0.0107,0.0070,0.000,4.505,4.500,-3.582
56.7412,0.0083,0.0057,0.000,4.510,4.500,-3.585
56.7516,0.0104,0.0076,0.000,4.516,4.500,-3.590
56.7596,0.0080,0.0061,0.000,4.521,4.500,-3.593
56.7669,0.0073,0.0050,0.000,4.525,4.500,-3.596
56.7774,0.0105,0.0067,0.000,4.528,4.500,-3.602
56.7852,0.0078,0.0050,0.000,4.529,4.500,-3.607
56.7952,0.0100,0.0069,0.000,4.530,4.500,-3.614
56.8033,0.0081,0.0060,0.000,4.529,4.500,-3.620
56.8130,0.0097,0.0080,0.000,4.526,4.500,-3.628
56.8207,0.0078,0.0070,0.000,4.524,4.500,-3.634
56.8295,0.0088,0.0086,0.000,4.520,4.500,-3.642
56.8390,0.0095,0.0101,0.000,4.515,4.500,-3.651
56.8471,0.0081,0.0092,0.000,4.510,4.500,-3.658
56.8580,0.0109,0.0133,0.000,4.503,4.500,-3.669
56.8654,0.0074,0.0094,0.000,4.497,4.500,-3.677
56.8759,0.0105,0.0141,0.000,4.488,4.500,-3.688
56.8846,0.0087,0.0121,0.000,4.481,4.500,-3.697
56.8933,0.0087,0.0124,0.000,4.473,4.500,-3.707
56.9015,0.0082,0.0121,0.000,4.465,4.500,-3.716
56.9116,0.0101,0.0131,0.000,4.457,4.500,-3.726
56.9202,0.0086,0.0099,0.000,4.452,4.500,-3.735
56.9287,0.0085,0.0087,0.000,4.448,4.500,-3.743
56.9388,0.0102,0.0094,0.000,4.444,4.500,-3.751
56.9474,0.0085,0.0071,0.000,4.443,4.500,-3.758
56.9577,0.0103,0.0079,0.000,4.442,4.500,-3.766
56.9666,0.0088,0.0063,0.000,4.442,4.500,-3.772
56.9783,0.0118,0.0081,0.000,4.444,4.500,-3.780
56.9869,0.0086,0.0058,0.000,4.446,4.500,-3.786
56.9978,0.0109,0.0075,0.000,4.450,4.500,-3.792
57.0060,0.0082,0.0056,0.000,4.453,4.500,-3.797
57.0158,0.0098,0.0069,0.000,4.458,4.500,-3.802
57.0246,0.0088,0.0064,0.000,4.463,4.500,-3.806
57.0343,0.0098,0.0074,0.000,4.469,4.500,-3.811
57.0420,0.0076,0.0059,0.000,4.473,4.500,-3.814
57.0521,0.0101,0.0081,0.000,4.480,4.500,-3.818
57.0601,0.0081,0.0066,0.000,4.486,4.500,-3.821
57.0680,0.0078,0.0065,0.000,4.492,4.500,-3.824
57.0784,0.0104,0.0090,0.000,4.500,4.500,-3.828
57.0856,0.0072,0.0063,0.000,4.506,4.500,-3.830
57.0957,0.0101,0.0090,0.000,4.514,4.500,-3.834
57.1046,0.0089,0.0081,0.000,4.522,4.500,-3.836
57.1153,0.0107,0.0099,0.000,4.531,4.500,-3.839
57.1243,0.0091,0.0084,0.000,4.539,4.500,-3.842
57.1363,0.0120,0.0114,0.000,4.551,4.500,-3.845
57.1451,0.0088,0.0083,0.000,4.559,4.500,-3.847
57.1545,0.0094,0.0090,0.000,4.567,4.500,-3.849
57.1636,0.0091,0.0088,0.000,4.576,4.500,-3.851
57.1750,0.0114,0.0111,0.000,4.587,4.500,-3.853
57.1823,0.0073,0.0070,0.000,4.594,4.500,-3.854
57.1946,0.0123,0.0121,0.000,4.606,4.500,-3.856
57.2030,0.0083,0.0080,0.000,4.614,4.500,-3.857
57.2135,0.0106,0.0103,0.000,4.624,4.500,-3.859
57.2230,0.0094,0.0091,0.000,4.633,4.500,-3.860
57.2330,0.0100,0.0096,0.000,4.642,4.500,-3.861
57.2423,0.0094,0.0089,0.000,4.651,4.500,-3.862
57.2554,0.0131,0.0126,0.000,4.664,4.500,-3.864
57.2657,0.0103,0.0097,0.000,4.673,4.500,-3.865
57.2789,0.0132,0.0125,0.000,4.686,4.500,-3.866
57.2886,0.0097,0.0092,0.000,4.695,4.500,-3.868
57.3046,0.0160,0.0166,0.000,4.709,4.500,-3.876
57.3160,0.0114,0.0125,0.000,4.719,4.500,-3.883
57.3255,0.0094,0.0109,0.000,4.728,4.500,-3.890
57.3340,0.0086,0.0104,0.000,4.735,4.500,-3.898
57.3432,0.0091,0.0117,0.000,4.743,4.500,-3.907
57.3547,0.0116,0.0160,0.000,4.752,4.500,-3.919
57.3635,0.0088,0.0125,0.000,4.760,4.500,-3.929
57.3749,0.0114,0.0172,0.000,4.769,4.500,-3.944
57.3838,0.0089,0.0137,0.000,4.776,4.500,-3.956
57.3945,0.0107,0.0172,0.000,4.785,4.500,-3.971
57.4046,0.0101,0.0167,0.000,4.793,4.500,-3.985
57.4188,0.0142,0.0245,0.000,4.804,4.500,-4.007
57.4283,0.0095,0.0163,0.000,4.811,4.500,-4.022
57.4395,0.0112,0.0198,0.000,4.819,4.500,-4.040
57.4481,0.0086,0.0152,0.000,4.825,4.500,-4.053
57.4580,0.0099,0.0178,0.000,4.832,4.500,-4.070
57.4658,0.0077,0.0138,0.000,4.838,4.500,-4.082
57.4754,0.0096,0.0174,0.000,4.845,4.500,-4.099
57.4835,0.0080,0.0145,0.000,4.850,4.500,-4.112
57.4935,0.0101,0.0183,0.000,4.857,4.500,-4.129
57.5021,0.0086,0.0156,0.000,4.862,4.500,-4.144
57.5129,0.0108,0.0197,0.000,4.869,4.500,-4.162
57.5227,0.0098,0.0179,0.000,4.876,4.500,-4.179
57.5343,0.0116,0.0211,0.000,4.883,4.500,-4.199
57.5425,0.0083,0.0148,0.000,4.888,4.500,-4.213
57.5523,0.0098,0.0176,0.000,4.893,4.500,-4.229
57.5604,0.0081,0.0144,0.000,4.898,4.500,-4.243
57.5671,0.0067,0.0118,0.000,4.902,4.500,-4.254
57.5771,0.0100,0.0177,0.000,4.908,4.500,-4.271
57.5856,0.0085,0.0148,0.000,4.912,4.500,-4.285
57.5936,0.0080,0.0138,0.000,4.916,4.500,-4.298
57.6012,0.0076,0.0130,0.000,4.920,4.500,-4.310
57.6130,0.0119,0.0204,0.000,4.927,4.500,-4.330
57.6232,0.0102,0.0174,0.000,4.931,4.500,-4.346
57.6324,0.0091,0.0156,0.000,4.933,4.500,-4.362
57.6410,0.0086,0.0147,0.000,4.935,4.500,-4.376
57.6517,0.0107,0.0185,0.000,4.936,4.500,-4.395
57.6598,0.0081,0.0139,0.000,4.937,4.500,-4.409
57.6669,0.0072,0.0123,0.000,4.937,4.500,-4.421
57.6770,0.0101,0.0176,0.000,4.936,4.500,-4.439
57.6851,0.0081,0.0141,0.000,4.935,4.500,-4.453
57.6946,0.0095,0.0168,0.000,4.933,4.500,-4.469
57.7029,0.0083,0.0146,0.000,4.932,4.500,-4.484
57.7139,0.0109,0.0194,0.000,4.929,4.500,-4.503
57.7234,0.0095,0.0169,0.000,4.926,4.500,-4.520
57.7336,0.0102,0.0181,0.000,4.922,4.500,-4.537
57.7408,0.0072,0.0126,0.000,4.919,4.500,-4.550
57.7488,0.0080,0.0141,0.000,4.916,4.500,-4.563
57.7584,0.0096,0.0168,0.000,4.912,4.500,-4.580
57.7662,0.0078,0.0136,0.000,4.908,4.500,-4.593
57.7791,0.0129,0.0228,0.000,4.902,4.500,-4.615
57.7881,0.0090,0.0155,0.000,4.898,4.500,-4.630
57.7990,0.0109,0.0188,0.000,4.892,4.500,-4.647
57.8083,0.0093,0.0159,0.000,4.887,4.500,-4.663
57.8192,0.0110,0.0187,0.000,4.881,4.500,-4.680
57.8286,0.0093,0.0157,0.000,4.876,4.500,-4.695
57.8429,0.0143,0.0242,0.000,4.867,4.500,-4.718
57.8552,0.0123,0.0204,0.000,4.860,4.500,-4.737
57.8651,0.0099,0.0160,0.000,4.854,4.500,-4.752
57.8763,0.0112,0.0179,0.000,4.848,4.500,-4.768
57.8852,0.0089,0.0141,0.000,4.843,4.500,-4.781
57.8943,0.0091,0.0121,0.000,4.837,4.500,-4.792
57.9023,0.0079,0.0090,0.000,4.833,4.500,-4.800
57.9123,0.0100,0.0093,0.000,4.827,4.500,-4.807
57.9190,0.0067,0.0054,0.000,4.823,4.500,-4.811
57.9267,0.0076,0.0052,0.000,4.819,4.500,-4.814
57.9351,0.0085,0.0050,0.000,4.814,4.500,-4.816
57.9418,0.0067,0.0037,0.000,4.810,4.500,-4.816
57.9517,0.0099,0.0055,0.000,4.805,4.500,-4.815
57.9601,0.0084,0.0049,0.000,4.800,4.500,-4.813
57.9674,0.0073,0.0047,0.000,4.797,4.500,-4.811
57.9761,0.0087,0.0062,0.000,4.792,4.500,-4.807
57.9849,0.0088,0.0069,0.000,4.787,4.500,-4.801
57.9953,0.0104,0.0091,0.000,4.782,4.500,-4.794
58.0037,0.0085,0.0080,0.000,4.778,4.500,-4.787
58.0141,0.0104,0.0107,0.000,4.773,4.500,-4.778
58.0211,0.0070,0.0074,0.000,4.770,4.500,-4.771
58.0315,0.0105,0.0121,0.000,4.765,4.500,-4.760
58.0383,0.0068,0.0080,0.000,4.761,4.500,-4.753
58.0449,0.0066,0.0079,0.000,4.758,4.500,-4.745
58.0542,0.0093,0.0119,0.000,4.754,4.500,-4.734
58.0621,0.0079,0.0102,0.000,4.751,4.500,-4.725
58.0713,0.0092,0.0124,0.000,4.747,4.500,-4.713
58.0787,0.0073,0.0100,0.000,4.743,4.500,-4.704
58.0855,0.0068,0.0094,0.000,4.740,4.500,-4.695
58.0936,0.0081,0.0113,0.000,4.737,4.500,-4.684
58.1012,0.0076,0.0108,0.000,4.734,4.500,-4.673
58.1110,0.0098,0.0143,0.000,4.730,4.500,-4.660
58.1260,0.0150,0.0225,0.000,4.724,4.500,-4.638
58.1353,0.0093,0.0137,0.000,4.720,4.500,-4.625
58.1420,0.0067,0.0099,0.000,4.717,4.500,-4.615
58.1509,0.0089,0.0133,0.000,4.714,4.500,-4.603
58.1593,0.0084,0.0126,0.000,4.711,4.500,-4.590
58.1665,0.0072,0.0106,0.000,4.708,4.500,-4.580
58.1770,0.0105,0.0159,0.000,4.704,4.500,-4.565
58.1861,0.0091,0.0136,0.000,4.701,4.500,-4.552
58.1954,0.0093,0.0139,0.000,4.697,4.500,-4.538
58.2016,0.0063,0.0093,0.000,4.695,4.500,-4.529
58.2118,0.0102,0.0152,0.000,4.692,4.500,-4.514
58.2186,0.0068,0.0099,0.000,4.689,4.500,-4.505
58.2255,0.0069,0.0101,0.000,4.687,4.500,-4.495
58.2333,0.0079,0.0115,0.000,4.684,4.500,-4.484
58.2424,0.0091,0.0133,0.000,4.681,4.500,-4.471
58.2556,0.0132,0.0193,0.000,4.677,4.500,-4.452
58.2648,0.0092,0.0131,0.000,4.674,4.500,-4.439
58.2744,0.0096,0.0137,0.000,4.671,4.500,-4.426
58.2821,0.0077,0.0108,0.000,4.668,4.500,-4.415
58.2915,0.0094,0.0130,0.000,4.666,4.500,-4.402
58.2998,0.0083,0.0114,0.000,4.663,4.500,-4.391
58.3128,0.0130,0.0178,0.000,4.659,4.500,-4.374
58.3238,0.0110,0.0148,0.000,4.656,4.500,-4.360
58.3341,0.0103,0.0136,0.000,4.654,4.500,-4.346
58.3412,0.0071,0.0091,0.000,4.652,4.500,-4.337
58.3508,0.0096,0.0123,0.000,4.649,4.500,-4.325
58.3573,0.0065,0.0082,0.000,4.648,4.500,-4.317
58.3651,0.0078,0.0096,0.000,4.646,4.500,-4.308
58.3746,0.0095,0.0117,0.000,4.643,4.500,-4.296
58.3825,0.0079,0.0095,0.000,4.641,4.500,-4.287
58.3913,0.0088,0.0104,0.000,4.639,4.500,-4.277
58.3989,0.0076,0.0089,0.000,4.638,4.500,-4.268
58.4050,0.0060,0.0069,0.000,4.636,4.500,-4.261
58.4133,0.0084,0.0095,0.000,4.635,4.500,-4.252
58.4220,0.0087,0.0097,0.000,4.633,4.500,-4.243
58.4317,0.0097,0.0106,0.000,4.631,4.500,-4.232
58.4398,0.0081,0.0087,0.000,4.629,4.500,-4.224
58.4485,0.0087,0.0091,0.000,4.628,4.500,-4.215
58.4575,0.0090,0.0092,0.000,4.626,4.500,-4.205
58.4643,0.0068,0.0068,0.000,4.625,4.500,-4.199
58.4734,0.0091,0.0090,0.000,4.624,4.500,-4.190
58.4805,0.0071,0.0069,0.000,4.623,4.500,-4.183
58.4870,0.0065,0.0062,0.000,4.622,4.500,-4.177
58.4963,0.0093,0.0087,0.000,4.620,4.500,-4.168
58.5051,0.0087,0.0079,0.000,4.619,4.500,-4.161
58.5149,0.0099,0.0087,0.000,4.618,4.500,-4.152
58.5231,0.0082,0.0070,0.000,4.617,4.500,-4.145
58.5325,0.0094,0.0079,0.000,4.616,4.500,-4.137
58.5408,0.0083,0.0067,0.000,4.615,4.500,-4.131
58.5486,0.0078,0.0061,0.000,4.614,4.500,-4.124
58.5576,0.0091,0.0070,0.000,4.614,4.500,-4.118
58.5649,0.0072,0.0054,0.000,4.613,4.500,-4.112
58.5749,0.0100,0.0073,0.000,4.612,4.500,-4.105
58.5828,0.0079,0.0056,0.000,4.612,4.500,-4.099
58.5917,0.0089,0.0061,0.000,4.611,4.500,-4.093
58.6003,0.0086,0.0058,0.000,4.611,4.500,-4.087
58.6080,0.0077,0.0050,0.000,4.611,4.500,-4.082
58.6175,0.0095,0.0060,0.000,4.610,4.500,-4.077
58.6263,0.0088,0.0053,0.000,4.610,4.500,-4.071
58.6357,0.0094,0.0055,0.000,4.610,4.500,-4.066
58.6422,0.0065,0.0037,0.000,4.610,4.500,-4.062
58.6522,0.0100,0.0056,0.000,4.610,4.500,-4.056
58.6602,0.0080,0.0043,0.000,4.609,4.500,-4.052
58.6675,0.0073,0.0038,0.000,4.609,4.500,-4.048
58.6784,0.0109,0.0056,0.000,4.609,4.500,-4.043
58.6856,0.0072,0.0035,0.000,4.609,4.500,-4.039
58.6942,0.0086,0.0041,0.000,4.609,4.500,-4.035
58.7021,0.0079,0.0037,0.000,4.609,4.500,-4.031
58.7124,0.0102,0.0046,0.000,4.610,4.500,-4.027
58.7201,0.0078,0.0034,0.000,4.610,4.500,-4.023
58.7278,0.0077,0.0033,0.000,4.610,4.500,-4.020
58.7378,0.0100,0.0041,0.000,4.610,4.500,-4.016
58.7471,0.0092,0.0037,0.000,4.610,4.500,-4.012
58.7593,0.0122,0.0048,0.000,4.610,4.500,-4.007
58.7692,0.0100,0.0037,0.000,4.610,4.500,-4.004
58.7782,0.0090,0.0033,0.000,4.610,4.500,-4.000
58.7867,0.0085,0.0030,0.000,4.611,4.500,-3.997
58.7956,0.0089,0.0031,0.000,4.611,4.500,-3.994
58.8020,0.0065,0.0022,0.000,4.611,4.500,-3.992
58.8110,0.0090,0.0030,0.000,4.611,4.500,-3.989
58.8190,0.0080,0.0026,0.000,4.611,4.500,-3.987
58.8261,0.0071,0.0022,0.000,4.611,4.500,-3.984
58.8348,0.0087,0.0027,0.000,4.611,4.500,-3.982
58.8414,0.0065,0.0020,0.000,4.612,4.500,-3.980
58.8523,0.0109,0.0033,0.000,4.612,4.500,-3.976
58.8603,0.0080,0.0023,0.000,4.612,4.500,-3.974
58.8677,0.0073,0.0021,0.000,4.612,4.500,-3.972
58.8773,0.0096,0.0027,0.000,4.612,4.500,-3.969
58.8860,0.0087,0.0024,0.000,4.612,4.500,-3.967
58.8968,0.0108,0.0028,0.000,4.613,4.500,-3.964
58.9041,0.0072,0.0018,0.000,4.613,4.500,-3.962
58.9138,0.0097,0.0024,0.000,4.613,4.500,-3.960
58.9223,0.0085,0.0021,0.000,4.613,4.500,-3.958
58.9318,0.0095,0.0023,0.000,4.613,4.500,-3.956
58.9396,0.0078,0.0018,0.000,4.613,4.500,-3.954
58.9471,0.0075,0.0017,0.000,4.613,4.500,-3.952
58.9567,0.0096,0.0022,0.000,4.614,4.500,-3.950
58.9644,0.0077,0.0017,0.000,4.614,4.500,-3.948
58.9732,0.0087,0.0019,0.000,4.614,4.500,-3.946
58.9803,0.0071,0.0015,0.000,4.614,4.500,-3.945
58.9877,0.0074,0.0015,0.000,4.614,4.500,-3.943
58.9969,0.0092,0.0019,0.000,4.614,4.500,-3.942
59.0046,0.0077,0.0015,0.000,4.614,4.500,-3.940
59.0136,0.0091,0.0018,0.000,4.614,4.500,-3.938
59.0210,0.0074,0.0014,0.000,4.614,4.500,-3.937
59.0299,0.0088,0.0017,0.000,4.614,4.500,-3.935
59.0369,0.0071,0.0013,0.000,4.614,4.500,-3.934
59.0443,0.0073,0.0013,0.000,4.614,4.500,-3.932
59.0523,0.0081,0.0015,0.000,4.614,4.500,-3.931
59.0600,0.0076,0.0014,0.000,4.614,4.500,-3.930
59.0675,0.0076,0.0013,0.000,4.614,4.500,-3.928
59.0771,0.0096,0.0017,0.000,4.614,4.500,-3.927
59.0853,0.0082,0.0014,0.000,4.614,4.500,-3.925
59.0942,0.0089,0.0015,0.000,4.614,4.500,-3.924
59.1012,0.0070,0.0012,0.000,4.614,4.500,-3.923
59.1115,0.0103,0.0017,0.000,4.614,4.500,-3.921
59.1179,0.0064,0.0010,0.000,4.614,4.500,-3.920
59.1248,0.0069,0.0011,0.000,4.614,4.500,-3.919
59.1341,0.0093,0.0015,0.000,4.614,4.500,-3.917
59.1417,0.0076,0.0012,0.000,4.614,4.500,-3.916
59.1519,0.0103,0.0016,0.000,4.614,4.500,-3.915
59.1602,0.0083,0.0012,0.000,4.614,4.500,-3.913
59.1683,0.0081,0.0012,0.000,4.614,4.500,-3.912
59.1794,0.0111,0.0016,0.000,4.614,4.500,-3.911
59.1877,0.0083,0.0012,0.000,4.613,4.500,-3.909
59.1987,0.0109,0.0015,0.000,4.613,4.500,-3.908
59.2075,0.0088,0.0012,0.000,4.613,4.500,-3.907
59.2181,0.0106,0.0014,0.000,4.613,4.500,-3.905
59.2280,0.0099,0.0012,0.000,4.613,4.500,-3.904
59.2380,0.0100,0.0012,0.000,4.613,4.500,-3.903
59.2482,0.0102,0.0012,0.000,4.613,4.500,-3.902
59.2579,0.0097,0.0010,0.000,4.613,4.500,-3.901
59.2683,0.0104,0.0011,0.000,4.612,4.500,-3.900
59.2795,0.0113,0.0011,0.000,4.612,4.500,-3.899
59.2875,0.0080,0.0007,0.000,4.612,4.500,-3.898
59.2968,0.0092,0.0008,0.000,4.612,4.500,-3.897
59.3047,0.0079,0.0007,0.000,4.612,4.500,-3.897
59.3135,0.0089,0.0007,0.000,4.612,4.500,-3.896
59.3204,0.0068,0.0005,0.000,4.612,4.500,-3.895
59.3274,0.0071,0.0005,0.000,4.612,4.500,-3.895
59.3362,0.0088,0.0006,0.000,4.612,4.500,-3.894
59.3435,0.0073,0.0005,0.000,4.612,4.500,-3.894
59.3529,0.0094,0.0006,0.000,4.612,4.500,-3.893
59.3599,0.0070,0.0004,0.000,4.612,4.500,-3.893
59.3669,0.0070,0.0004,0.000,4.612,4.500,-3.892
59.3777,0.0108,0.0006,0.000,4.612,4.500,-3.892
59.3856,0.0079,0.0004,0.000,4.612,4.500,-3.891
59.3944,0.0088,0.0005,0.000,4.612,4.500,-3.891
59.4028,0.0084,0.0004,0.000,4.612,4.500,-3.890
59.4120,0.0092,0.0004,0.000,4.612,4.500,-3.890
59.4185,0.0065,0.0003,0.000,4.612,4.500,-3.890
59.4260,0.0075,0.0003,0.000,4.612,4.500,-3.889
59.4344,0.0084,0.0004,0.000,4.613,4.500,-3.889
59.4419,0.0075,0.0003,0.000,4.613,4.500,-3.889
59.4522,0.0103,0.0005,0.000,4.613,4.500,-3.889
59.4597,0.0075,0.0003,0.000,4.613,4.500,-3.888
59.4673,0.0076,0.0003,0.000,4.614,4.500,-3.888
59.4775,0.0103,0.0005,0.000,4.614,4.500,-3.888
59.4855,0.0079,0.0004,0.000,4.614,4.500,-3.888
59.4941,0.0086,0.0004,0.000,4.615,4.500,-3.888
59.5028,0.0087,0.0005,0.000,4.615,4.500,-3.888
59.5129,0.0101,0.0006,0.000,4.616,4.500,-3.888
59.5204,0.0076,0.0005,0.000,4.616,4.500,-3.888
59.5281,0.0077,0.0005,0.000,4.617,4.500,-3.888
59.5375,0.0094,0.0006,0.000,4.618,4.500,-3.888
59.5458,0.0083,0.0006,0.000,4.618,4.500,-3.888
59.5549,0.0091,0.0007,0.000,4.619,4.500,-3.888
59.5627,0.0077,0.0006,0.000,4.619,4.500,-3.888
59.5724,0.0098,0.0008,0.000,4.620,4.500,-3.889
59.5806,0.0082,0.0007,0.000,4.621,4.500,-3.889
59.5868,0.0061,0.0005,0.000,4.621,4.500,-3.889
59.5980,0.0112,0.0010,0.000,4.622,4.500,-3.889
59.6081,0.0102,0.0009,0.000,4.623,4.500,-3.890
59.6215,0.0133,0.0012,0.000,4.624,4.500,-3.890
59.6323,0.0108,0.0010,0.000,4.625,4.500,-3.891
59.6397,0.0074,0.0007,0.000,4.625,4.500,-3.891
59.6471,0.0074,0.0007,0.000,4.626,4.500,-3.891
59.6575,0.0105,0.0010,0.000,4.627,4.500,-3.892
59.6664,0.0089,0.0009,0.000,4.628,4.500,-3.892
59.6758,0.0093,0.0009,0.000,4.628,4.500,-3.893
59.6826,0.0068,0.0007,0.000,4.629,4.500,-3.893
59.6923,0.0097,0.0010,0.000,4.630,4.500,-3.894
59.7003,0.0079,0.0008,0.000,4.631,4.500,-3.894
59.7069,0.0067,0.0007,0.000,4.631,4.500,-3.894
59.7162,0.0092,0.0009,0.000,4.632,4.500,-3.895
59.7228,0.0067,0.0007,0.000,4.632,4.500,-3.895
59.7313,0.0085,0.0009,0.000,4.633,4.500,-3.896
59.7387,0.0074,0.0007,0.000,4.634,4.500,-3.896
59.7455,0.0068,0.0007,0.000,4.634,4.500,-3.897
59.7548,0.0092,0.0009,0.000,4.635,4.500,-3.897
59.7635,0.0087,0.0009,0.000,4.636,4.500,-3.898
59.7727,0.0092,0.0009,0.000,4.636,4.500,-3.898
59.7808,0.0081,0.0008,0.000,4.637,4.500,-3.899
59.7890,0.0082,0.0008,0.000,4.638,4.500,-3.899
59.7982,0.0092,0.0009,0.000,4.638,4.500,-3.900
59.8064,0.0082,0.0008,0.000,4.639,4.500,-3.901
59.8165,0.0101,0.0010,0.000,4.640,4.500,-3.901
59.8239,0.0075,0.0007,0.000,4.640,4.500,-3.902
59.8313,0.0074,0.0007,0.000,4.641,4.500,-3.902
59.8395,0.0082,0.0008,0.000,4.641,4.500,-3.903
59.8532,0.0136,0.0013,0.000,4.642,4.500,-3.903
59.8698,0.0166,0.0016,0.000,4.643,4.500,-3.905
59.8886,0.0188,0.0017,0.000,4.645,4.500,-3.906
59.9135,0.0248,0.0021,0.000,4.646,4.500,-3.907
59.9286,0.0151,0.0012,0.000,4.647,4.500,-3.908
59.9431,0.0145,0.0011,0.000,4.648,4.500,-3.909
59.9571,0.0140,0.0010,0.000,4.648,4.500,-3.910
59.9682,0.0111,0.0008,0.000,4.649,4.500,-3.910
59.9805,0.0123,0.0009,0.000,4.649,4.500,-3.911
59.9890,0.0085,0.0006,0.000,4.650,4.500,-3.911
60.0002,0.0111,0.0008,0.000,4.650,4.500,-3.912
60.0094,0.0092,0.0006,0.000,4.651,4.500,-3.913
60.0210,0.0116,0.0008,0.000,4.651,4.500,-3.913
60.0332,0.0121,0.0009,0.000,4.651,4.500,-3.914
60.0450,0.0119,0.0008,0.000,4.652,4.500,-3.915
60.0577,0.0127,0.0009,0.000,4.652,4.500,-3.916
60.0674,0.0096,0.0007,0.000,4.652,4.500,-3.916
60.0791,0.0118,0.0009,0.000,4.652,4.500,-3.917
60.0874,0.0083,0.0006,0.000,4.652,4.500,-3.918
60.0992,0.0118,0.0009,0.000,4.653,4.500,-3.919
60.1097,0.0105,0.0008,0.000,4.653,4.500,-3.919
60.1216,0.0119,0.0009,0.000,4.653,4.500,-3.920
60.1334,0.0118,0.0009,0.000,4.653,4.500,-3.921
60.1426,0.0092,0.0007,0.000,4.653,4.500,-3.922
60.1538,0.0113,0.0009,0.000,4.653,4.500,-3.923
60.1613,0.0075,0.0006,0.000,4.653,4.500,-3.923
60.1729,0.0116,0.0009,0.000,4.653,4.500,-3.924
60.1812,0.0083,0.0007,0.000,4.652,4.500,-3.925
60.1933,0.0121,0.0010,0.000,4.652,4.500,-3.926
60.2017,0.0083,0.0007,0.000,4.652,4.500,-3.927
60.2127,0.0111,0.0010,0.000,4.652,4.500,-3.928
60.2212,0.0085,0.0008,0.000,4.651,4.500,-3.928
60.2327,0.0116,0.0011,0.000,4.651,4.500,-3.929
60.2407,0.0080,0.0007,0.000,4.651,4.500,-3.930
60.2472,0.0064,0.0006,0.000,4.650,4.500,-3.930
60.2574,0.0102,0.0010,0.000,4.650,4.500,-3.931
60.2658,0.0084,0.0008,0.000,4.650,4.500,-3.932
60.2752,0.0094,0.0009,0.000,4.649,4.500,-3.933
60.2839,0.0087,0.0008,0.000,4.649,4.500,-3.933
60.2953,0.0114,0.0011,0.000,4.648,4.500,-3.934
60.3031,0.0078,0.0007,0.000,4.648,4.500,-3.935
60.3138,0.0108,0.0010,0.000,4.647,4.500,-3.936
60.3208,0.0070,0.0006,0.000,4.647,4.500,-3.936
60.3283,0.0075,0.0007,0.000,4.646,4.500,-3.937
60.3393,0.0110,0.0010,0.000,4.646,4.500,-3.938
60.3468,0.0075,0.0007,0.000,4.645,4.500,-3.938
60.3576,0.0108,0.0009,0.000,4.645,4.500,-3.939
60.3661,0.0085,0.0007,0.000,4.644,4.500,-3.939
60.3761,0.0099,0.0008,0.000,4.644,4.500,-3.940
60.3838,0.0077,0.0006,0.000,4.643,4.500,-3.941
60.3934,0.0096,0.0008,0.000,4.643,4.500,-3.941
60.4014,0.0081,0.0007,0.000,4.642,4.500,-3.942
60.4107,0.0092,0.0007,0.000,4.642,4.500,-3.942
60.4182,0.0075,0.0006,0.000,4.641,4.500,-3.942
60.4263,0.0080,0.0006,0.000,4.641,4.500,-3.943
60.4358,0.0095,0.0007,0.000,4.640,4.500,-3.943
60.4433,0.0075,0.0006,0.000,4.640,4.500,-3.944
60.4526,0.0093,0.0007,0.000,4.639,4.500,-3.944
60.4605,0.0079,0.0006,0.000,4.639,4.500,-3.944
60.4688,0.0083,0.0006,0.000,4.638,4.500,-3.945
60.4787,0.0099,0.0007,0.000,4.638,4.501,-3.945
60.4867,0.0080,0.0005,0.000,4.637,4.501,-3.945
60.4981,0.0114,0.0007,0.000,4.637,4.501,-3.946
60.5071,0.0090,0.0005,0.000,4.636,4.500,-3.946
60.5189,0.0119,0.0006,0.000,4.636,4.500,-3.946
60.5286,0.0097,0.0005,0.000,4.635,4.500,-3.947
60.5389,0.0103,0.0005,0.000,4.635,4.500,-3.947
60.5469,0.0080,0.0004,0.000,4.635,4.500,-3.947
60.5574,0.0105,0.0004,0.000,4.634,4.500,-3.947
60.5650,0.0075,0.0003,0.000,4.634,4.500,-3.947
60.5749,0.0099,0.0004,0.000,4.634,4.500,-3.947
60.5838,0.0089,0.0003,0.000,4.633,4.500,-3.947
60.5941,0.0104,0.0004,0.000,4.633,4.500,-3.947
60.6020,0.0079,0.0003,0.000,4.633,4.500,-3.947
60.6147,0.0127,0.0004,0.000,4.632,4.500,-3.947
60.6222,0.0075,0.0003,0.000,4.632,4.500,-3.947
60.6347,0.0125,0.0005,0.000,4.632,4.500,-3.947
60.6436,0.0089,0.0003,0.000,4.631,4.500,-3.947
60.6527,0.0091,0.0004,0.000,4.631,4.500,-3.947
60.6602,0.0076,0.0003,0.000,4.631,4.500,-3.946
60.6686,0.0083,0.0004,0.000,4.630,4.500,-3.946
60.6782,0.0097,0.0005,0.000,4.630,4.500,-3.946
60.6857,0.0074,0.0004,0.000,4.630,4.500,-3.946
60.6954,0.0097,0.0005,0.000,4.630,4.500,-3.945
60.7039,0.0084,0.0005,0.000,4.629,4.500,-3.945
60.7162,0.0124,0.0008,0.000,4.629,4.500,-3.944
60.7270,0.0108,0.0007,0.000,4.628,4.500,-3.944
60.7370,0.0100,0.0007,0.000,4.628,4.500,-3.943
60.7442,0.0072,0.0005,0.000,4.628,4.500,-3.943
60.7535,0.0093,0.0007,0.000,4.627,4.500,-3.942
60.7616,0.0081,0.0006,0.000,4.627,4.500,-3.942
60.7710,0.0095,0.0008,0.000,4.626,4.500,-3.941
60.7801,0.0091,0.0008,0.000,4.626,4.500,-3.940
60.7893,0.0092,0.0008,0.000,4.625,4.500,-3.939
60.7987,0.0094,0.0009,0.000,4.625,4.500,-3.939
60.8067,0.0081,0.0008,0.000,4.625,4.500,-3.938
60.8169,0.0101,0.0011,0.000,4.624,4.500,-3.937
60.8261,0.0092,0.0010,0.000,4.624,4.500,-3.936
60.8366,0.0106,0.0012,0.000,4.623,4.500,-3.935
60.8443,0.0077,0.0009,0.000,4.623,4.500,-3.934
60.8525,0.0081,0.0010,0.000,4.622,4.500,-3.933
60.8608,0.0084,0.0010,0.000,4.622,4.500,-3.932
60.8677,0.0069,0.0009,0.000,4.622,4.500,-3.932
60.8791,0.0114,0.0015,0.000,4.621,4.500,-3.930
60.8890,0.0099,0.0013,0.000,4.621,4.500,-3.929
60.8990,0.0100,0.0014,0.000,4.620,4.500,-3.928
60.9061,0.0071,0.0010,0.000,4.620,4.500,-3.927
60.9167,0.0106,0.0015,0.000,4.619,4.500,-3.925
60.9245,0.0078,0.0011,0.000,4.619,4.500,-3.924
60.9340,0.0094,0.0014,0.000,4.618,4.500,-3.923
60.9426,0.0087,0.0013,0.000,4.618,4.500,-3.922
60.9522,0.0096,0.0014,0.000,4.618,4.500,-3.921
60.9601,0.0079,0.0011,0.000,4.617,4.500,-3.919
60.9684,0.0083,0.0012,0.000,4.617,4.500,-3.918
60.9781,0.0097,0.0014,0.000,4.616,4.500,-3.917
60.9862,0.0081,0.0012,0.000,4.616,4.500,-3.916
60.9965,0.0103,0.0015,0.000,4.616,4.500,-3.914
61.0054,0.0089,0.0013,0.000,4.615,4.500,-3.913
61.0161,0.0106,0.0015,0.000,4.615,4.500,-3.912
61.0245,0.0084,0.0012,0.000,4.615,4.500,-3.911
61.0327,0.0083,0.0011,0.000,4.614,4.500,-3.910
61.0406,0.0079,0.0011,0.000,4.614,4.500,-3.909
61.0480,0.0074,0.0010,0.000,4.614,4.500,-3.908
61.0574,0.0094,0.0012,0.000,4.613,4.500,-3.906
61.0649,0.0075,0.0010,0.000,4.613,4.500,-3.905
61.0748,0.0099,0.0013,0.000,4.613,4.500,-3.904
61.0817,0.0068,0.0009,0.000,4.612,4.500,-3.903
61.0915,0.0098,0.0012,0.000,4.612,4.500,-3.902
61.0989,0.0074,0.0009,0.000,4.612,4.500,-3.901
61.1064,0.0075,0.0009,0.000,4.612,4.500,-3.901
61.1152,0.0088,0.0010,0.000,4.611,4.500,-3.900
61.1232,0.0081,0.0009,0.000,4.611,4.500,-3.899
61.1322,0.0090,0.0010,0.000,4.611,4.500,-3.898
61.1389,0.0067,0.0007,0.000,4.610,4.500,-3.897
61.1467,0.0078,0.0008,0.000,4.610,4.500,-3.896
61.1560,0.0093,0.0009,0.000,4.610,4.500,-3.896
61.1660,0.0100,0.0009,0.000,4.609,4.500,-3.895
61.1758,0.0098,0.0008,0.000,4.609,4.500,-3.894
61.1835,0.0077,0.0006,0.000,4.609,4.500,-3.894
61.1939,0.0104,0.0007,0.000,4.609,4.500,-3.893
61.2016,0.0077,0.0005,0.000,4.608,4.500,-3.892
61.2119,0.0103,0.0006,0.000,4.608,4.500,-3.892
61.2190,0.0071,0.0004,0.000,4.608,4.500,-3.892
61.2272,0.0082,0.0004,0.000,4.607,4.500,-3.891
61.2366,0.0095,0.0004,0.000,4.607,4.500,-3.891
61.2445,0.0079,0.0003,0.000,4.607,4.500,-3.891
61.2534,0.0089,0.0003,0.000,4.607,4.500,-3.891
61.2618,0.0084,0.0003,0.000,4.606,4.500,-3.890
61.2714,0.0096,0.0003,0.000,4.606,4.500,-3.890
61.2797,0.0083,0.0003,0.000,4.606,4.500,-3.890
61.2882,0.0085,0.0003,0.000,4.605,4.500,-3.890
61.2994,0.0112,0.0004,0.000,4.605,4.500,-3.891
61.3089,0.0095,0.0004,0.000,4.605,4.500,-3.891
61.3197,0.0108,0.0005,0.000,4.604,4.500,-3.891
61.3282,0.0085,0.0017,0.000,4.603,4.500,-3.892
61.3396,0.0114,0.0046,0.000,4.600,4.500,-3.896
61.3479,0.0083,0.0044,0.000,4.597,4.500,-3.899
61.3576,0.0097,0.0066,0.000,4.593,4.500,-3.904
61.3668,0.0092,0.0074,0.000,4.588,4.500,-3.910
61.3769,0.0101,0.0095,0.000,4.582,4.500,-3.917
61.3850,0.0081,0.0084,0.000,4.577,4.500,-3.923
61.3931,0.0081,0.0091,0.000,4.571,4.500,-3.930
61.4008,0.0077,0.0087,0.000,4.566,4.500,-3.938
61.4079,0.0071,0.0081,0.000,4.563,4.500,-3.945
61.4186,0.0107,0.0130,0.000,4.558,4.500,-3.957
61.4273,0.0087,0.0108,0.000,4.556,4.500,-3.968
61.4362,0.0089,0.0115,0.000,4.553,4.500,-3.979
61.4443,0.0082,0.0110,0.000,4.552,4.500,-3.990
61.4536,0.0093,0.0132,0.000,4.551,4.500,-4.003
61.4609,0.0073,0.0106,0.000,4.551,4.500,-4.014
61.4701,0.0092,0.0140,0.000,4.552,4.500,-4.028
61.4762,0.0061,0.0094,0.000,4.552,4.500,-4.037
61.4834,0.0072,0.0114,0.000,4.553,4.500,-4.048
61.4928,0.0094,0.0157,0.000,4.555,4.500,-4.064
61.5004,0.0076,0.0128,0.000,4.557,4.500,-4.077
61.5082,0.0078,0.0136,0.000,4.560,4.500,-4.090
61.5185,0.0103,0.0186,0.000,4.563,4.500,-4.108
61.5265,0.0080,0.0146,0.000,4.567,4.500,-4.123
61.5363,0.0098,0.0185,0.000,4.571,4.500,-4.141
61.5452,0.0089,0.0173,0.000,4.575,4.500,-4.157
61.5550,0.0097,0.0192,0.000,4.580,4.500,-4.176
61.5632,0.0082,0.0165,0.000,4.585,4.500,-4.192
61.5739,0.0107,0.0219,0.000,4.591,4.500,-4.213
61.5809,0.0070,0.0144,0.000,4.596,4.500,-4.226
61.5912,0.0103,0.0216,0.000,4.603,4.500,-4.247
61.5995,0.0083,0.0174,0.000,4.608,4.500,-4.263
61.6063,0.0068,0.0142,0.000,4.613,4.500,-4.277
61.6158,0.0094,0.0200,0.000,4.619,4.500,-4.296
61.6226,0.0068,0.0144,0.000,4.624,4.500,-4.309
61.6336,0.0110,0.0236,0.000,4.632,4.500,-4.331
61.6411,0.0075,0.0158,0.000,4.638,4.500,-4.346
61.6515,0.0105,0.0224,0.000,4.646,4.500,-4.367
61.6589,0.0073,0.0155,0.000,4.652,4.500,-4.381
61.6656,0.0068,0.0142,0.000,4.657,4.500,-4.395
61.6749,0.0093,0.0196,0.000,4.664,4.500,-4.413
61.6829,0.0080,0.0167,0.000,4.670,4.500,-4.429
61.6929,0.0100,0.0211,0.000,4.678,4.500,-4.448
61.7013,0.0084,0.0175,0.000,4.685,4.500,-4.464
61.7105,0.0092,0.0190,0.000,4.692,4.500,-4.482
61.7181,0.0075,0.0153,0.000,4.698,4.500,-4.496
61.7259,0.0078,0.0159,0.000,4.704,4.500,-4.511
61.7350,0.0091,0.0185,0.000,4.711,4.500,-4.528
61.7415,0.0065,0.0129,0.000,4.716,4.500,-4.540
61.7517,0.0102,0.0204,0.000,4.724,4.500,-4.558
61.7592,0.0075,0.0147,0.000,4.730,4.500,-4.572
61.7662,0.0070,0.0135,0.000,4.735,4.500,-4.584
61.7762,0.0101,0.0195,0.000,4.743,4.500,-4.602
61.7847,0.0084,0.0160,0.000,4.750,4.500,-4.617
61.7940,0.0093,0.0176,0.000,4.757,4.500,-4.633
61.8018,0.0078,0.0144,0.000,4.762,4.500,-4.646
61.8114,0.0097,0.0179,0.000,4.770,4.500,-4.663
61.8196,0.0081,0.0147,0.000,4.776,4.500,-4.676
61.8281,0.0085,0.0153,0.000,4.782,4.500,-4.690
61.8378,0.0097,0.0172,0.000,4.789,4.500,-4.706
61.8753,0.0375,0.0686,0.000,4.817,4.500,-4.768
61.8959,0.0207,0.0341,0.000,4.832,4.500,-4.799
61.9091,0.0132,0.0207,0.000,4.840,4.500,-4.818
61.9193,0.0101,0.0155,0.000,4.847,4.500,-4.832
61.9284,0.0091,0.0137,0.000,4.852,4.500,-4.844
61.9382,0.0098,0.0145,0.000,4.858,4.500,-4.858
61.9465,0.0083,0.0120,0.000,4.863,4.500,-4.869
61.9589,0.0124,0.0180,0.000,4.871,4.500,-4.885
61.9676,0.0087,0.0123,0.000,4.876,4.500,-4.896
61.9780,0.0103,0.0143,0.000,4.882,4.500,-4.909
61.9895,0.0115,0.0158,0.000,4.888,4.500,-4.923
62.0015,0.0120,0.0161,0.000,4.895,4.500,-4.938
62.0138,0.0124,0.0163,0.000,4.902,4.500,-4.953
62.0237,0.0098,0.0126,0.000,4.907,4.500,-4.964
62.0354,0.0117,0.0148,0.000,4.913,4.500,-4.978
62.0459,0.0105,0.0130,0.000,4.918,4.500,-4.990
62.0591,0.0132,0.0161,0.000,4.925,4.500,-5.004
62.0695,0.0104,0.0123,0.000,4.930,4.500,-5.016
62.0818,0.0123,0.0144,0.000,4.936,4.500,-5.029
62.0943,0.0125,0.0143,0.000,4.942,4.500,-5.042
62.1026,0.0083,0.0092,0.000,4.946,4.500,-5.050
62.1132,0.0106,0.0116,0.000,4.950,4.500,-5.061
62.1224,0.0092,0.0099,0.000,4.954,4.500,-5.070
62.1341,0.0118,0.0125,0.000,4.959,4.500,-5.081
62.1424,0.0082,0.0085,0.000,4.963,4.500,-5.089
62.1531,0.0107,0.0109,0.000,4.967,4.500,-5.099
62.1611,0.0080,0.0080,0.000,4.971,4.500,-5.106
62.1717,0.0107,0.0106,0.000,4.975,4.500,-5.116
62.1828,0.0111,0.0108,0.000,4.979,4.500,-5.126
62.1937,0.0109,0.0104,0.000,4.983,4.500,-5.135
62.2016,0.0079,0.0074,0.000,4.986,4.500,-5.142
62.2126,0.0110,0.0102,0.000,4.990,4.500,-5.151
62.2213,0.0087,0.0078,0.000,4.993,4.500,-5.159
62.2307,0.0095,0.0084,0.000,4.997,4.500,-5.166
62.2379,0.0071,0.0062,0.000,4.999,4.500,-5.172
62.2466,0.0087,0.0075,0.000,5.002,4.500,-5.179
62.2559,0.0093,0.0079,0.000,5.005,4.500,-5.186
62.2645,0.0087,0.0072,0.000,5.008,4.500,-5.193
62.2735,0.0090,0.0074,0.000,5.010,4.500,-5.200
62.2817,0.0082,0.0066,0.000,5.013,4.500,-5.206
62.2945,0.0128,0.0103,0.000,5.017,4.500,-5.215
62.3032,0.0087,0.0068,0.000,5.019,4.500,-5.222
62.3127,0.0096,0.0073,0.000,5.022,4.500,-5.229
62.3214,0.0087,0.0065,0.000,5.025,4.500,-5.235
62.3313,0.0099,0.0073,0.000,5.027,4.500,-5.241
62.3385,0.0072,0.0052,0.000,5.029,4.500,-5.246
62.3464,0.0079,0.0057,0.000,5.031,4.500,-5.252
62.3562,0.0097,0.0069,0.000,5.034,4.500,-5.258
62.3641,0.0079,0.0055,0.000,5.036,4.500,-5.263
62.3736,0.0095,0.0065,0.000,5.038,4.500,-5.269
62.3818,0.0082,0.0055,0.000,5.040,4.500,-5.274
62.3919,0.0102,0.0067,0.000,5.043,4.500,-5.281
62.4003,0.0084,0.0055,0.000,5.044,4.500,-5.286
62.4080,0.0076,0.0048,0.000,5.046,4.500,-5.290
62.4180,0.0100,0.0063,0.000,5.048,4.500,-5.296
62.4267,0.0088,0.0054,0.000,5.050,4.500,-5.301
62.4356,0.0089,0.0054,0.000,5.052,4.500,-5.306
62.4427,0.0070,0.0042,0.000,5.054,4.500,-5.310
62.4532,0.0106,0.0062,0.000,5.056,4.500,-5.316
62.4610,0.0077,0.0044,0.000,5.058,4.500,-5.320
62.4706,0.0097,0.0055,0.000,5.060,4.500,-5.325
62.4784,0.0078,0.0043,0.000,5.061,4.500,-5.329
62.4864,0.0080,0.0044,0.000,5.063,4.500,-5.333
62.4969,0.0105,0.0056,0.000,5.065,4.500,-5.338
62.5059,0.0090,0.0047,0.000,5.066,4.500,-5.343
62.5165,0.0105,0.0054,0.000,5.068,4.500,-5.348
62.5243,0.0078,0.0039,0.000,5.070,4.500,-5.351
62.5331,0.0089,0.0043,0.000,5.071,4.500,-5.355
62.5423,0.0092,0.0044,0.000,5.073,4.500,-5.359
62.5729,0.0306,0.0146,0.000,5.078,4.500,-5.373
62.5881,0.0152,0.0065,0.000,5.081,4.500,-5.379
62.5990,0.0109,0.0045,0.000,5.083,4.500,-5.383
62.6079,0.0089,0.0035,0.000,5.084,4.500,-5.387
62.6225,0.0146,0.0057,0.000,5.086,4.500,-5.392
62.6330,0.0105,0.0039,0.000,5.088,4.500,-5.396
62.6416,0.0086,0.0031,0.000,5.089,4.500,-5.398
62.6516,0.0101,0.0036,0.000,5.090,4.500,-5.402
62.6599,0.0082,0.0029,0.000,5.091,4.500,-5.404
62.6671,0.0073,0.0025,0.000,5.092,4.500,-5.407
62.6773,0.0102,0.0034,0.000,5.094,4.500,-5.410
62.6844,0.0071,0.0023,0.000,5.094,4.500,-5.412
62.6933,0.0089,0.0029,0.000,5.095,4.500,-5.415
62.7015,0.0082,0.0026,0.000,5.096,4.500,-5.417
62.7112,0.0097,0.0030,0.000,5.098,4.500,-5.420
62.7185,0.0073,0.0022,0.000,5.098,4.500,-5.422
62.7264,0.0079,0.0024,0.000,5.099,4.500,-5.424
62.7356,0.0092,0.0027,0.000,5.100,4.500,-5.427
62.7430,0.0073,0.0021,0.000,5.101,4.500,-5.428
62.7522,0.0093,0.0026,0.000,5.102,4.500,-5.431
62.7636,0.0113,0.0031,0.000,5.103,4.500,-5.434
62.7732,0.0096,0.0026,0.000,5.104,4.500,-5.436
62.7818,0.0086,0.0022,0.000,5.105,4.500,-5.438
62.7920,0.0103,0.0026,0.000,5.106,4.500,-5.441
62.7996,0.0076,0.0019,0.000,5.107,4.500,-5.442
62.8080,0.0083,0.0020,0.000,5.108,4.500,-5.444
62.8184,0.0105,0.0025,0.000,5.109,4.500,-5.447
62.8257,0.0073,0.0017,0.000,5.109,4.500,-5.448
62.8349,0.0092,0.0021,0.000,5.110,4.500,-5.450
62.8418,0.0069,0.0015,0.000,5.110,4.500,-5.451
62.8512,0.0094,0.0020,0.000,5.111,4.500,-5.453
62.8595,0.0083,0.0017,0.000,5.112,4.500,-5.455
62.8672,0.0077,0.0016,0.000,5.112,4.500,-5.456
62.8774,0.0102,0.0020,0.000,5.113,4.500,-5.458
62.8865,0.0091,0.0017,0.000,5.114,4.500,-5.460
62.8964,0.0100,0.0019,0.000,5.115,4.500,-5.462
62.9055,0.0091,0.0016,0.000,5.115,4.500,-5.463
62.9149,0.0094,0.0016,0.000,5.116,4.500,-5.465
62.9222,0.0073,0.0012,0.000,5.116,4.500,-5.466
62.9317,0.0095,0.0016,0.000,5.117,4.500,-5.467
62.9391,0.0074,0.0012,0.000,5.117,4.500,-5.468
62.9464,0.0073,0.0011,0.000,5.118,4.500,-5.470
62.9563,0.0099,0.0015,0.000,5.118,4.500,-5.471
62.9665,0.0103,0.0015,0.000,5.119,4.500,-5.472
62.9778,0.0112,0.0016,0.000,5.119,4.500,-5.474
62.9860,0.0082,0.0011,0.000,5.120,4.500,-5.475
62.9958,0.0098,0.0013,0.000,5.120,4.500,-5.476
63.0020,0.0062,0.0008,0.000,5.120,4.500,-5.477
63.0115,0.0095,0.0012,0.000,5.121,4.500,-5.478
63.0195,0.0080,0.0010,0.000,5.121,4.500,-5.479
63.0264,0.0069,0.0009,0.000,5.121,4.500,-5.480
63.0359,0.0095,0.0012,0.000,5.122,4.500,-5.481
63.0440,0.0080,0.0010,0.000,5.122,4.500,-5.482
63.0521,0.0081,0.0009,0.000,5.122,4.500,-5.483
63.0598,0.0077,0.0009,0.000,5.123,4.500,-5.484
63.0672,0.0074,0.0008,0.000,5.123,4.500,-5.484
63.0768,0.0096,0.0011,0.000,5.123,4.500,-5.485
63.0836,0.0068,0.0007,0.000,5.124,4.500,-5.486
63.0922,0.0086,0.0009,0.000,5.124,4.500,-5.487
63.1001,0.0079,0.0008,0.000,5.124,4.500,-5.488
63.1070,0.0069,0.0007,0.000,5.124,4.500,-5.488
63.1192,0.0122,0.0013,0.000,5.125,4.500,-5.490
63.1266,0.0074,0.0007,0.000,5.125,4.500,-5.490
63.1353,0.0088,0.0009,0.000,5.125,4.500,-5.491
63.1430,0.0076,0.0007,0.000,5.125,4.500,-5.492
63.1516,0.0086,0.0008,0.000,5.126,4.500,-5.493
63.1586,0.0071,0.0007,0.000,5.126,4.500,-5.493
63.1660,0.0073,0.0007,0.000,5.126,4.500,-5.494
63.1751,0.0091,0.0009,0.000,5.126,4.500,-5.495
63.1823,0.0072,0.0007,0.000,5.126,4.500,-5.496
63.2017,0.0194,0.0018,0.000,5.127,4.500,-5.497
63.2210,0.0193,0.0018,0.000,5.127,4.500,-5.499
63.2331,0.0121,0.0011,0.000,5.128,4.500,-5.500
63.2410,0.0080,0.0007,0.000,5.128,4.500,-5.501
63.2506,0.0096,0.0008,0.000,5.128,4.500,-5.501
63.2575,0.0069,0.0006,0.000,5.129,4.500,-5.502
63.2655,0.0080,0.0007,0.000,5.129,4.500,-5.503
63.2746,0.0090,0.0007,0.000,5.129,4.500,-5.503
63.2828,0.0082,0.0007,0.000,5.129,4.500,-5.504
63.2938,0.0110,0.0009,0.000,5.130,4.500,-5.505
63.3014,0.0076,0.0006,0.000,5.130,4.500,-5.505
63.3104,0.0090,0.0007,0.000,5.130,4.500,-5.506
63.3170,0.0066,0.0005,0.000,5.130,4.500,-5.506
63.3245,0.0075,0.0006,0.000,5.131,4.500,-5.507
63.3327,0.0083,0.0006,0.000,5.131,4.500,-5.507
63.3418,0.0091,0.0007,0.000,5.131,4.500,-5.508
63.3502,0.0084,0.0006,0.000,5.132,4.500,-5.508
63.3569,0.0067,0.0005,0.000,5.132,4.500,-5.509
63.3655,0.0085,0.0006,0.000,5.132,4.500,-5.509
63.3741,0.0087,0.0006,0.000,5.132,4.500,-5.510
63.3831,0.0089,0.0006,0.000,5.133,4.500,-5.510
63.3955,0.0125,0.0008,0.000,5.133,4.500,-5.511
63.4037,0.0082,0.0005,0.000,5.133,4.500,-5.511
63.4138,0.0101,0.0006,0.000,5.134,4.500,-5.512
63.4215,0.0076,0.0005,0.000,5.134,4.500,-5.512
63.4319,0.0105,0.0006,0.000,5.134,4.500,-5.513
63.4409,0.0089,0.0005,0.000,5.135,4.500,-5.513
63.4507,0.0099,0.0006,0.000,5.135,4.500,-5.514
63.4574,0.0067,0.0004,0.000,5.135,4.500,-5.514
63.4657,0.0083,0.0005,0.000,5.136,4.500,-5.514
63.4755,0.0098,0.0005,0.000,5.136,4.500,-5.515
63.4823,0.0068,0.0004,0.000,5.136,4.500,-5.515
63.4912,0.0089,0.0005,0.000,5.137,4.500,-5.515
63.4994,0.0082,0.0004,0.000,5.137,4.500,-5.516
63.5066,0.0072,0.0004,0.000,5.137,4.500,-5.516
63.5171,0.0105,0.0006,0.000,5.138,4.500,-5.516
63.5251,0.0080,0.0004,0.000,5.138,4.500,-5.516
63.5345,0.0095,0.0005,0.000,5.138,4.500,-5.517
63.5416,0.0071,0.0004,0.000,5.139,4.500,-5.517
63.5515,0.0099,0.0005,0.000,5.139,4.500,-5.517
63.5590,0.0074,0.0004,0.000,5.140,4.500,-5.518
63.5660,0.0070,0.0004,0.000,5.140,4.500,-5.518
63.5758,0.0098,0.0005,0.000,5.140,4.500,-5.518
63.5844,0.0086,0.0005,0.000,5.141,4.500,-5.518
63.5972,0.0128,0.0007,0.000,5.141,4.500,-5.519
63.6070,0.0097,0.0005,0.000,5.142,4.500,-5.519
63.6175,0.0106,0.0006,0.000,5.142,4.500,-5.519
63.6260,0.0085,0.0005,0.000,5.143,4.500,-5.519
63.6372,0.0112,0.0006,0.000,5.143,4.500,-5.520
63.6457,0.0084,0.0005,0.000,5.144,4.500,-5.520
63.6544,0.0087,0.0005,0.000,5.144,4.500,-5.520
63.6624,0.0080,0.0004,0.000,5.145,4.500,-5.520
63.6715,0.0090,0.0005,0.000,5.145,4.500,-5.520
63.6785,0.0071,0.0004,0.000,5.145,4.500,-5.520
63.6860,0.0074,0.0004,0.000,5.146,4.500,-5.520
63.6964,0.0105,0.0006,0.000,5.146,4.500,-5.521
63.7043,0.0079,0.0004,0.000,5.147,4.500,-5.521
63.7138,0.0095,0.0005,0.000,5.147,4.500,-5.521
63.7206,0.0068,0.0004,0.000,5.148,4.500,-5.521
63.7299,0.0093,0.0005,0.000,5.148,4.500,-5.521
63.7410,0.0111,0.0006,0.000,5.149,4.500,-5.521
63.7501,0.0091,0.0005,0.000,5.149,4.500,-5.522
63.7566,0.0065,0.0003,0.000,5.149,4.500,-5.522
63.7643,0.0077,0.0004,0.000,5.150,4.500,-5.522
63.7727,0.0083,0.0004,0.000,5.150,4.500,-5.522
63.7814,0.0088,0.0004,0.000,5.150,4.500,-5.522
63.7915,0.0101,0.0005,0.000,5.151,4.500,-5.522
63.7989,0.0074,0.0003,0.000,5.151,4.500,-5.522
63.8060,0.0071,0.0003,0.000,5.151,4.500,-5.522
63.8154,0.0094,0.0004,0.000,5.152,4.500,-5.523
63.8222,0.0068,0.0003,0.000,5.152,4.500,-5.523
63.8314,0.0093,0.0004,0.000,5.152,4.500,-5.523
63.8411,0.0097,0.0004,0.000,5.153,4.500,-5.523
63.8516,0.0105,0.0004,0.000,5.153,4.500,-5.523
63.8588,0.0072,0.0003,0.000,5.153,4.500,-5.523
63.8660,0.0071,0.0003,0.000,5.153,4.500,-5.523
63.8755,0.0095,0.0003,0.000,5.154,4.500,-5.524
63.8823,0.0068,0.0002,0.000,5.154,4.500,-5.524
63.8935,0.0112,0.0004,0.000,5.154,4.500,-5.524
63.9011,0.0075,0.0003,0.000,5.154,4.500,-5.524
63.9105,0.0094,0.0003,0.000,5.155,4.500,-5.524
63.9176,0.0072,0.0002,0.000,5.155,4.500,-5.525
63.9253,0.0077,0.0003,0.000,5.155,4.500,-5.525
63.9359,0.0105,0.0004,0.000,5.155,4.500,-5.525
63.9455,0.0096,0.0003,0.000,5.155,4.500,-5.525
63.9551,0.0096,0.0003,0.000,5.155,4.500,-5.526
63.9626,0.0076,0.0003,0.000,5.156,4.500,-5.526
63.9746,0.0119,0.0005,0.000,5.156,4.500,-5.526
63.9822,0.0077,0.0003,0.000,5.156,4.500,-5.527
63.9926,0.0104,0.0004,0.000,5.156,4.500,-5.527
64.0011,0.0085,0.0003,0.000,5.156,4.500,-5.527
64.0099,0.0088,0.0003,0.000,5.156,4.500,-5.528
64.0170,0.0071,0.0003,0.000,5.156,4.500,-5.528
64.0250,0.0080,0.0003,0.000,5.157,4.500,-5.528
64.0329,0.0079,0.0003,0.000,5.157,4.500,-5.529
64.0402,0.0073,0.0003,0.000,5.157,4.500,-5.529
64.0529,0.0127,0.0005,0.000,5.157,4.500,-5.529
64.0649,0.0120,0.0005,0.000,5.157,4.500,-5.530
64.0742,0.0093,0.0004,0.000,5.157,4.500,-5.530
64.0832,0.0090,0.0004,0.000,5.158,4.500,-5.531
64.0938,0.0106,0.0005,0.000,5.158,4.500,-5.531
64.1029,0.0091,0.0082,0.000,5.152,4.500,-5.537
64.1153,0.0124,0.0110,0.000,5.144,4.500,-5.545
64.1231,0.0078,0.0068,0.000,5.139,4.499,-5.549
64.1345,0.0114,0.0080,0.000,5.132,4.499,-5.553
64.1434,0.0090,0.0056,0.000,5.127,4.498,-5.554
64.1538,0.0104,0.0075,0.000,5.119,4.496,-5.553
64.1633,0.0094,0.0080,0.000,5.112,4.495,-5.551
64.1765,0.0132,0.0139,0.000,5.100,4.492,-5.544
64.1858,0.0093,0.0111,0.000,5.091,4.490,-5.538
64.1944,0.0087,0.0115,0.000,5.082,4.488,-5.532
64.2037,0.0093,0.0137,0.000,5.071,4.486,-5.523
64.2134,0.0097,0.0155,0.000,5.060,4.483,-5.513
64.2208,0.0074,0.0126,0.000,5.051,4.480,-5.505
64.2276,0.0069,0.0123,0.000,5.042,4.478,-5.496
64.2377,0.0101,0.0194,0.000,5.029,4.474,-5.483
64.2452,0.0075,0.0151,0.000,5.018,4.472,-5.472
64.2544,0.0093,0.0197,0.000,5.005,4.468,-5.458
64.2617,0.0072,0.0159,0.000,4.995,4.465,-5.446
64.2713,0.0096,0.0222,0.000,4.980,4.460,-5.430
64.2799,0.0086,0.0206,0.000,4.967,4.456,-5.415
64.2864,0.0065,0.0160,0.000,4.957,4.453,-5.403
64.2951,0.0087,0.0220,0.000,4.943,4.449,-5.386
64.3034,0.0083,0.0216,0.000,4.930,4.444,-5.370
64.3138,0.0103,0.0278,0.000,4.912,4.439,-5.349
64.3215,0.0077,0.0210,0.000,4.900,4.434,-5.333
64.3322,0.0107,0.0302,0.000,4.881,4.428,-5.310
64.3385,0.0063,0.0179,0.000,4.870,4.424,-5.296
64.3455,0.0070,0.0200,0.000,4.858,4.420,-5.281
64.3544,0.0089,0.0259,0.000,4.843,4.414,-5.261
64.3607,0.0064,0.0187,0.000,4.832,4.410,-5.246
64.3672,0.0064,0.0191,0.000,4.820,4.405,-5.232
64.3759,0.0087,0.0263,0.000,4.805,4.399,-5.211
64.3836,0.0077,0.0234,0.000,4.791,4.394,-5.193
64.3925,0.0088,0.0270,0.000,4.775,4.387,-5.172
64.4018,0.0093,0.0288,0.000,4.758,4.380,-5.150
64.4118,0.0100,0.0313,0.000,4.740,4.372,-5.126
64.4196,0.0077,0.0241,0.000,4.726,4.366,-5.107
64.4271,0.0075,0.0235,0.000,4.713,4.360,-5.089
64.4356,0.0085,0.0268,0.000,4.697,4.353,-5.068
64.4421,0.0065,0.0205,0.000,4.685,4.347,-5.052
64.4515,0.0095,0.0300,0.000,4.668,4.339,-5.029
64.4580,0.0065,0.0206,0.000,4.656,4.333,-5.013
64.4650,0.0070,0.0222,0.000,4.644,4.327,-4.996
64.4742,0.0091,0.0292,0.000,4.627,4.319,-4.974
64.4819,0.0077,0.0246,0.000,4.613,4.312,-4.955
64.4911,0.0092,0.0293,0.000,4.597,4.303,-4.932
64.4987,0.0076,0.0244,0.000,4.583,4.296,-4.913
64.5070,0.0083,0.0267,0.000,4.568,4.288,-4.893
64.5167,0.0097,0.0310,0.000,4.550,4.278,-4.869
64.5270,0.0103,0.0330,0.000,4.532,4.267,-4.844
64.5360,0.0090,0.0288,0.000,4.516,4.258,-4.822
64.5437,0.0077,0.0246,0.000,4.502,4.250,-4.803
64.5527,0.0089,0.0284,0.000,4.486,4.240,-4.782
64.5599,0.0072,0.0230,0.000,4.474,4.233,-4.764
64.5678,0.0080,0.0253,0.000,4.460,4.224,-4.745
64.5782,0.0104,0.0331,0.000,4.442,4.212,-4.720
64.5876,0.0094,0.0297,0.000,4.425,4.202,-4.697
64.5977,0.0101,0.0321,0.000,4.408,4.190,-4.673
64.6083,0.0106,0.0336,0.000,4.390,4.178,-4.648
64.6179,0.0096,0.0303,0.000,4.373,4.166,-4.625
64.6256,0.0077,0.0241,0.000,4.360,4.157,-4.607
64.6355,0.0099,0.0312,0.000,4.344,4.145,-4.583
64.6437,0.0082,0.0256,0.000,4.330,4.135,-4.564
64.6542,0.0105,0.0330,0.000,4.313,4.122,-4.539
64.6638,0.0095,0.0298,0.000,4.297,4.110,-4.517
64.6752,0.0115,0.4574,0.400,4.612,4.095,-4.186
64.6874,0.0122,0.0344,0.405,4.599,4.080,-4.159
64.7004,0.0130,0.0355,0.415,4.585,4.062,-4.131
64.7083,0.0079,0.0211,0.234,4.578,4.051,-4.115
64.7179,0.0096,0.0253,0.285,4.569,4.038,-4.095
64.7258,0.0079,0.0207,0.227,4.562,4.026,-4.079
64.7352,0.0093,0.0241,0.262,4.554,4.013,-4.061
64.7425,0.0073,0.0189,0.202,4.547,4.002,-4.047
64.7523,0.0098,0.0251,0.268,4.540,3.987,-4.028
64.7596,0.0073,0.0187,0.190,4.534,3.976,-4.014
64.7666,0.0070,0.0180,0.186,4.529,3.965,-4.001
64.7774,0.0107,0.0275,0.280,4.521,3.949,-3.980
64.7855,0.0081,0.0210,0.206,4.515,3.936,-3.965
64.7950,0.0095,0.0248,0.241,4.509,3.920,-3.947
64.8028,0.0078,0.0205,0.194,4.503,3.908,-3.931
64.8118,0.0090,0.0239,0.224,4.497,3.893,-3.914
64.8198,0.0079,0.0213,0.194,4.492,3.879,-3.898
64.8273,0.0076,0.0205,0.186,4.487,3.867,-3.882
64.8364,0.0091,0.0249,0.224,4.482,3.851,-3.864
64.8450,0.0086,0.0238,0.213,4.477,3.837,-3.846
64.8540,0.0090,0.0254,0.220,4.471,3.821,-3.826
64.8618,0.0078,0.0223,0.190,4.466,3.807,-3.809
64.8735,0.0117,0.0339,0.291,4.460,3.786,-3.784
64.8830,0.0095,0.0281,0.241,4.454,3.769,-3.762
64.8937,0.0106,0.0319,0.268,4.448,3.750,-3.737
64.9012,0.0075,0.0230,0.186,4.444,3.737,-3.719
64.9125,0.0113,0.0349,0.288,4.437,3.716,-3.692
64.9195,0.0070,0.0222,0.177,4.433,3.703,-3.674
64.9270,0.0075,0.0240,0.190,4.429,3.689,-3.655
64.9382,0.0112,0.0364,0.299,4.423,3.668,-3.626
64.9461,0.0079,0.0260,0.213,4.419,3.653,-3.605
64.9558,0.0097,0.0325,0.262,4.413,3.635,-3.579
64.9634,0.0076,0.0259,0.213,4.409,3.621,-3.558
64.9746,0.0112,0.0386,0.317,4.403,3.599,-3.526
64.9831,0.0085,0.0298,0.244,4.399,3.583,-3.501
64.9937,0.0106,0.0376,0.309,4.393,3.563,-3.470
65.0017,0.0080,0.0291,0.237,4.389,3.547,-3.446
65.0113,0.0096,0.0350,0.285,4.384,3.528,-3.417
65.0195,0.0082,0.0304,0.244,4.380,3.512,-3.391
65.0267,0.0072,0.0271,0.220,4.376,3.498,-3.369
65.0362,0.0095,0.0360,0.299,4.371,3.480,-3.338
65.0446,0.0084,0.0321,0.268,4.367,3.463,-3.311
65.0537,0.0092,0.0356,0.296,4.362,3.445,-3.281
65.0608,0.0071,0.0278,0.227,4.358,3.432,-3.257
65.0686,0.0078,0.0310,0.259,4.355,3.416,-3.230
65.0791,0.0105,0.0421,0.363,4.349,3.395,-3.194
65.0869,0.0078,0.0314,0.268,4.346,3.380,-3.167
65.0968,0.0099,0.0405,0.347,4.341,3.361,-3.132
65.1046,0.0078,0.0322,0.280,4.337,3.345,-3.103
65.1136,0.0090,0.0377,0.331,4.333,3.327,-3.071
65.1217,0.0081,0.0340,0.299,4.329,3.311,-3.041
65.1322,0.0105,0.0447,0.398,4.324,3.291,-3.001
65.1413,0.0091,0.0388,0.349,4.320,3.273,-2.967
65.1518,0.0105,0.0456,0.415,4.315,3.252,-2.927
65.1592,0.0074,0.0323,0.296,4.312,3.237,-2.898
65.1662,0.0070,0.0309,0.288,4.309,3.224,-2.871
65.1771,0.0109,0.0481,0.451,4.304,3.202,-2.828
65.1845,0.0073,0.0327,0.309,4.301,3.188,-2.799
65.1941,0.0096,0.0430,0.409,4.297,3.169,-2.760
65.2018,0.0077,0.0350,0.338,4.294,3.154,-2.729
65.2123,0.0105,0.0474,0.463,4.290,3.134,-2.686
65.2195,0.0072,0.0329,0.326,4.287,3.120,-2.657
65.2271,0.0077,0.0353,0.349,4.285,3.105,-2.625
65.2359,0.0088,0.0405,0.403,4.281,3.088,-2.588
65.2432,0.0072,0.0335,0.338,4.279,3.074,-2.558
65.2530,0.0099,0.0460,0.470,4.275,3.055,-2.516
65.2607,0.0077,0.0360,0.371,4.273,3.041,-2.483
65.2673,0.0066,0.0309,0.319,4.270,3.028,-2.455
65.2766,0.0093,0.0435,0.456,4.267,3.011,-2.415
65.2844,0.0079,0.0372,0.394,4.265,2.996,-2.381
65.2938,0.0093,0.0442,0.473,4.262,2.978,-2.341
65.3030,0.0093,0.0441,0.476,4.259,2.961,-2.300
65.3129,0.0099,0.0472,0.514,4.257,2.943,-2.257
65.3209,0.0080,0.0382,0.421,4.255,2.928,-2.221
65.3307,0.0098,0.0471,0.523,4.252,2.911,-2.178
65.3383,0.0076,0.0368,0.415,4.250,2.897,-2.144
65.3477,0.0094,0.0454,0.514,4.248,2.880,-2.102
65.3592,0.0115,0.0555,0.633,4.246,2.859,-2.050
65.3678,0.0086,0.0417,0.483,4.244,2.844,-2.011
65.3781,0.0103,0.0498,0.580,4.242,2.826,-1.965
65.3867,0.0086,0.0418,0.493,4.241,2.811,-1.926
65.3965,0.0098,0.0476,0.564,4.239,2.794,-1.882
65.4039,0.0074,0.0362,0.435,4.238,2.781,-1.848
65.4148,0.0109,0.0530,0.639,4.237,2.763,-1.798
65.4223,0.0076,0.0369,0.451,4.236,2.750,-1.763
65.4322,0.0099,0.0482,0.592,4.235,2.734,-1.718
65.4403,0.0081,0.0396,0.493,4.234,2.720,-1.681
65.4485,0.0082,0.0400,0.499,4.234,2.707,-1.643
65.4585,0.0100,0.0486,0.608,4.233,2.691,-1.597
65.4676,0.0091,0.0445,0.566,4.233,2.676,-1.555
65.4781,0.0104,0.0509,0.650,4.232,2.660,-1.507
65.4864,0.0083,0.0406,0.523,4.232,2.647,-1.469
65.4965,0.0101,0.0491,0.636,4.233,2.631,-1.422
65.5140,0.0175,0.0847,1.106,4.233,2.605,-1.342
65.5295,0.0155,0.0750,0.989,4.234,2.582,-1.270
65.5491,0.0196,0.0941,1.256,4.236,2.553,-1.181
65.5652,0.0162,0.0777,1.046,4.238,2.531,-1.106
65.5826,0.0174,0.0831,1.130,4.241,2.507,-1.027
65.6002,0.0176,0.0836,1.147,4.245,2.483,-0.947
65.6174,0.0171,0.0810,1.117,4.248,2.461,-0.869
65.6349,0.0176,0.0824,1.145,4.253,2.440,-0.789
65.6505,0.0156,0.0727,1.014,4.257,2.421,-0.719
65.6665,0.0160,0.0739,1.033,4.262,2.402,-0.648
65.6827,0.0163,0.0748,1.049,4.268,2.384,-0.576
65.7001,0.0174,0.0794,1.113,4.275,2.365,-0.499
65.7197,0.0196,0.0886,1.244,4.283,2.344,-0.413
65.7337,0.0140,0.0629,0.883,4.289,2.330,-0.352
65.7488,0.0151,0.0670,0.940,4.296,2.316,-0.287
65.7613,0.0125,0.0552,0.771,4.302,2.304,-0.233
65.7740,0.0127,0.0559,0.779,4.308,2.293,-0.179
65.7852,0.0112,0.0485,0.675,4.314,2.283,-0.132
65.7969,0.0117,0.0506,0.701,4.321,2.273,-0.083
65.8062,0.0093,0.0398,0.552,4.326,2.266,-0.044
65.8185,0.0124,0.0527,0.724,4.333,2.256,0.007
65.8266,0.0081,0.0342,0.470,4.338,2.250,0.041
65.8370,0.0104,0.0440,0.597,4.345,2.242,0.083
65.8477,0.0107,0.0446,0.604,4.351,2.234,0.127
65.8590,0.0113,0.0467,0.628,4.359,2.227,0.172
65.8678,0.0088,0.0363,0.488,4.365,2.221,0.208
65.8815,0.0138,0.0563,0.745,4.374,2.212,0.262
65.8936,0.0121,0.0489,0.644,4.383,2.205,0.310
65.9016,0.0080,0.0323,0.424,4.389,2.200,0.341
65.9130,0.0114,0.0456,0.592,4.397,2.194,0.386
65.9232,0.0102,0.0404,0.526,4.405,2.189,0.425
65.9340,0.0108,0.0423,0.540,4.413,2.183,0.466
65.9434,0.0094,0.0367,0.470,4.421,2.179,0.502
65.9540,0.0106,0.0411,0.517,4.429,2.174,0.542
65.9611,0.0071,0.0272,0.340,4.435,2.171,0.568
65.9728,0.0117,0.0447,0.552,4.445,2.166,0.611
65.9809,0.0081,0.0308,0.384,4.451,2.163,0.641
65.9912,0.0103,0.0388,0.473,4.460,2.159,0.679
65.9998,0.0086,0.0319,0.392,4.468,2.156,0.710
66.0085,0.0087,0.0323,0.392,4.475,2.153,0.741
