t,dt,dp,da,x,y,z
4.9067,0.0278,0.0417,0.000,-1.590,4.100,-7.836
4.9258,0.0191,0.0285,0.000,-1.561,4.100,-7.836
4.9392,0.0134,0.0201,0.000,-1.541,4.100,-7.836
4.9498,0.0106,0.0159,0.000,-1.525,4.100,-7.836
4.9642,0.0144,0.0225,0.000,-1.503,4.100,-7.836
4.9787,0.0145,0.0233,0.000,-1.479,4.100,-7.835
4.9896,0.0108,0.0173,0.000,-1.462,4.100,-7.835
5.0010,0.0114,0.0187,0.000,-1.443,4.100,-7.834
5.0104,0.0094,0.0154,0.000,-1.428,4.100,-7.834
5.0246,0.0142,0.0243,0.000,-1.404,4.100,-7.833
5.0372,0.0126,0.0217,0.000,-1.382,4.100,-7.832
5.0472,0.0100,0.0172,0.000,-1.365,4.100,-7.831
5.0594,0.0122,0.0216,0.000,-1.343,4.100,-7.830
5.0674,0.0080,0.0141,0.000,-1.329,4.100,-7.830
5.0792,0.0118,0.0214,0.000,-1.308,4.100,-7.829
5.0906,0.0114,0.0209,0.000,-1.287,4.100,-7.828
5.1043,0.0136,0.0257,0.000,-1.261,4.100,-7.826
5.1167,0.0125,0.0237,0.000,-1.237,4.100,-7.825
5.1284,0.0117,0.0224,0.000,-1.215,4.100,-7.823
5.1414,0.0131,0.0256,0.000,-1.190,4.100,-7.821
5.1546,0.0132,0.0262,0.000,-1.163,4.100,-7.820
5.1741,0.0195,0.0405,0.000,-1.123,4.100,-7.816
5.2024,0.0283,0.0621,0.000,-1.061,4.100,-7.811
5.2176,0.0152,0.0319,0.000,-1.029,4.100,-7.809
5.2266,0.0090,0.0186,0.000,-1.011,4.100,-7.808
5.2376,0.0110,0.0231,0.000,-0.988,4.100,-7.806
5.2467,0.0091,0.0192,0.000,-0.969,4.100,-7.805
5.2587,0.0120,0.0259,0.000,-0.943,4.100,-7.803
5.2682,0.0095,0.0204,0.000,-0.922,4.100,-7.802
5.2796,0.0114,0.0249,0.000,-0.898,4.100,-7.800
5.2888,0.0092,0.0201,0.000,-0.878,4.100,-7.799
5.2993,0.0105,0.0232,0.000,-0.854,4.100,-7.797
5.3068,0.0075,0.0165,0.000,-0.838,4.100,-7.796
5.3184,0.0115,0.0259,0.000,-0.812,4.100,-7.795
5.3270,0.0086,0.0192,0.000,-0.793,4.100,-7.794
5.3377,0.0107,0.0244,0.000,-0.769,4.100,-7.792
5.3463,0.0086,0.0194,0.000,-0.749,4.100,-7.791
5.3560,0.0097,0.0224,0.000,-0.727,4.100,-7.790
5.3629,0.0069,0.0157,0.000,-0.711,4.100,-7.789
5.3732,0.0102,0.0238,0.000,-0.687,4.100,-7.788
5.3806,0.0074,0.0172,0.000,-0.670,4.100,-7.787
5.3886,0.0080,0.0186,0.000,-0.652,4.100,-7.786
5.4007,0.0121,0.0289,0.000,-0.623,4.100,-7.785
5.4124,0.0117,0.0279,0.000,-0.595,4.100,-7.784
5.4275,0.0151,0.0370,0.000,-0.558,4.100,-7.782
5.4413,0.0138,0.0340,0.000,-0.524,4.100,-7.781
5.4537,0.0124,0.0305,0.000,-0.494,4.100,-7.780
5.4631,0.0094,0.0230,0.000,-0.471,4.100,-7.779
5.4751,0.0119,0.0297,0.000,-0.441,4.100,-7.778
5.4844,0.0093,0.0230,0.000,-0.418,4.100,-7.778
5.4966,0.0123,0.0309,0.000,-0.387,4.100,-7.777
5.5076,0.0110,0.0278,0.000,-0.359,4.100,-7.776
5.5180,0.0104,0.0291,0.000,-0.330,4.100,-7.775
5.5273,0.0093,0.0264,0.000,-0.304,4.100,-7.774
5.5401,0.0128,0.0368,0.000,-0.267,4.100,-7.773
5.5509,0.0109,0.0312,0.000,-0.236,4.100,-7.772
5.5641,0.0132,0.0383,0.000,-0.197,4.100,-7.771
5.5792,0.0151,0.0444,0.000,-0.153,4.100,-7.769
5.5891,0.0099,0.0288,0.000,-0.124,4.100,-7.769
5.5998,0.0107,0.0313,0.000,-0.093,4.100,-7.768
5.6091,0.0093,0.0271,0.000,-0.066,4.100,-7.767
5.6191,0.0100,0.0295,0.000,-0.036,4.100,-7.766
5.6276,0.0084,0.0248,0.000,-0.012,4.100,-7.765
5.6394,0.0118,0.0353,0.000,0.024,4.100,-7.764
5.6480,0.0086,0.0256,0.000,0.049,4.100,-7.763
5.6581,0.0100,0.0302,0.000,0.079,4.100,-7.762
5.6667,0.0086,0.0258,0.000,0.105,4.100,-7.762
5.6788,0.0121,0.0371,0.000,0.142,4.100,-7.760
5.6883,0.0094,0.0288,0.000,0.171,4.100,-7.759
5.6999,0.0117,0.0361,0.000,0.207,4.100,-7.758
5.7088,0.0089,0.0273,0.000,0.234,4.100,-7.757
5.7206,0.0117,0.0365,0.000,0.271,4.100,-7.756
5.7306,0.0101,0.0313,0.000,0.302,4.100,-7.755
5.7411,0.0105,0.0329,0.000,0.335,4.100,-7.754
5.7520,0.0109,0.0343,0.000,0.369,4.100,-7.753
5.7603,0.0083,0.0261,0.000,0.395,4.100,-7.752
5.7673,0.0070,0.0219,0.000,0.417,4.100,-7.751
5.7772,0.0099,0.0315,0.000,0.449,4.100,-7.750
5.7867,0.0095,0.0302,0.000,0.479,4.100,-7.749
5.7959,0.0092,0.0292,0.000,0.508,4.100,-7.748
5.8027,0.0068,0.0217,0.000,0.530,4.100,-7.747
5.8123,0.0096,0.0309,0.000,0.561,4.100,-7.746
5.8203,0.0080,0.0257,0.000,0.586,4.100,-7.746
5.8277,0.0074,0.0237,0.000,0.610,4.100,-7.745
5.8383,0.0106,0.0346,0.000,0.645,4.100,-7.744
5.8458,0.0075,0.0244,0.000,0.669,4.100,-7.743
5.8562,0.0104,0.0341,0.000,0.703,4.100,-7.742
5.8665,0.0103,0.0339,0.000,0.737,4.100,-7.741
5.8771,0.0106,0.0350,0.000,0.772,4.100,-7.741
5.8873,0.0102,0.0338,0.000,0.806,4.100,-7.740
5.8972,0.0099,0.0331,0.000,0.839,4.100,-7.739
5.9050,0.0078,0.0257,0.000,0.865,4.100,-7.738
5.9152,0.0103,0.0344,0.000,0.899,4.100,-7.738
5.9255,0.0103,0.0345,0.000,0.933,4.100,-7.737
5.9348,0.0093,0.0312,0.000,0.965,4.100,-7.736
5.9424,0.0076,0.0255,0.000,0.990,4.100,-7.736
5.9532,0.0108,0.0366,0.000,1.027,4.100,-7.735
5.9611,0.0079,0.0266,0.000,1.053,4.100,-7.735
5.9712,0.0101,0.0347,0.000,1.088,4.100,-7.734
5.9800,0.0088,0.0300,0.000,1.118,4.100,-7.734
5.9875,0.0075,0.0255,0.000,1.144,4.100,-7.734
5.9978,0.0103,0.0354,0.000,1.179,4.100,-7.733
6.0076,0.0099,0.0342,0.000,1.213,4.100,-7.733
6.0181,0.0104,0.0362,0.000,1.249,4.100,-7.732
6.0280,0.0099,0.0345,0.000,1.284,4.100,-7.732
6.0380,0.0100,0.0349,0.000,1.319,4.100,-7.732
6.0463,0.0083,0.0290,0.000,1.348,4.100,-7.732
6.0574,0.0111,0.0390,0.000,1.387,4.100,-7.731
6.0656,0.0082,0.0288,0.000,1.416,4.100,-7.731
6.0742,0.0085,0.0299,0.000,1.445,4.100,-7.731
6.0818,0.0076,0.0267,0.000,1.472,4.100,-7.731
6.0931,0.0113,0.0401,0.000,1.512,4.100,-7.730
6.1009,0.0078,0.0273,0.000,1.540,4.100,-7.730
6.1083,0.0074,0.0260,0.000,1.566,4.100,-7.730
6.1197,0.0114,0.0407,0.000,1.606,4.100,-7.730
6.1278,0.0082,0.0289,0.000,1.635,4.100,-7.730
6.1374,0.0096,0.0343,0.000,1.669,4.100,-7.729
6.1465,0.0090,0.0322,0.000,1.702,4.100,-7.729
6.1589,0.0124,0.0450,0.000,1.747,4.100,-7.729
6.1680,0.0092,0.0329,0.000,1.780,4.100,-7.729
6.1834,0.0154,0.0566,0.000,1.836,4.100,-7.728
6.1986,0.0152,0.0557,0.000,1.892,4.100,-7.728
6.2131,0.0145,0.0535,0.000,1.945,4.100,-7.727
6.2288,0.0156,0.0578,0.000,2.003,4.100,-7.727
6.2390,0.0102,0.0372,0.000,2.040,4.100,-7.727
6.2466,0.0076,0.0275,0.000,2.068,4.100,-7.726
6.2567,0.0101,0.0368,0.000,2.105,4.100,-7.726
6.2649,0.0081,0.0295,0.000,2.134,4.100,-7.726
6.2749,0.0101,0.0369,0.000,2.171,4.100,-7.725
6.2851,0.0102,0.0375,0.000,2.209,4.100,-7.725
6.2949,0.0098,0.0361,0.000,2.245,4.100,-7.724
6.3022,0.0072,0.0264,0.000,2.271,4.100,-7.724
6.3130,0.0108,0.0400,0.000,2.311,4.100,-7.724
6.3211,0.0081,0.0298,0.000,2.341,4.100,-7.723
6.3313,0.0102,0.0380,0.000,2.379,4.100,-7.723
6.3399,0.0086,0.0316,0.000,2.411,4.100,-7.723
6.3483,0.0084,0.0312,0.000,2.442,4.100,-7.722
6.3588,0.0105,0.0392,0.000,2.481,4.100,-7.722
6.3678,0.0090,0.0336,0.000,2.515,4.100,-7.721
6.3788,0.0110,0.0412,0.000,2.556,4.100,-7.721
6.3871,0.0083,0.0308,0.000,2.587,4.100,-7.721
6.3975,0.0105,0.0393,0.000,2.626,4.100,-7.721
6.4049,0.0074,0.0276,0.000,2.653,4.100,-7.720
6.4166,0.0117,0.0443,0.000,2.698,4.100,-7.720
6.4262,0.0096,0.0360,0.000,2.734,4.100,-7.720
6.4358,0.0095,0.0359,0.000,2.770,4.100,-7.720
6.4433,0.0075,0.0282,0.000,2.798,4.100,-7.720
6.4527,0.0094,0.0356,0.000,2.833,4.100,-7.719
6.4603,0.0076,0.0285,0.000,2.862,4.100,-7.719
6.4672,0.0069,0.0258,0.000,2.888,4.100,-7.719
6.4775,0.0103,0.0392,0.000,2.927,4.100,-7.719
6.4853,0.0078,0.0294,0.000,2.956,4.100,-7.719
6.4956,0.0103,0.0391,0.000,2.995,4.100,-7.719
6.5054,0.0098,0.0373,0.000,3.033,4.100,-7.719
6.5173,0.0120,0.0460,0.000,3.079,4.100,-7.719
6.5280,0.0107,0.0411,0.000,3.120,4.100,-7.719
6.5400,0.0120,0.0462,0.000,3.166,4.100,-7.719
6.5532,0.0132,0.0512,0.000,3.217,4.100,-7.719
6.5699,0.0167,0.0654,0.000,3.283,4.100,-7.719
6.5846,0.0147,0.0573,0.000,3.340,4.100,-7.719
6.5979,0.0133,0.0517,0.000,3.392,4.100,-7.719
6.6091,0.0111,0.0428,0.000,3.434,4.100,-7.720
6.6255,0.0164,0.0643,0.000,3.499,4.100,-7.720
6.6384,0.0130,0.0503,0.000,3.549,4.100,-7.720
6.6490,0.0106,0.0406,0.000,3.589,4.100,-7.720
6.6607,0.0117,0.0454,0.000,3.635,4.100,-7.720
6.6693,0.0086,0.0327,0.000,3.668,4.100,-7.720
6.6801,0.0108,0.0416,0.000,3.709,4.100,-7.721
6.6900,0.0099,0.0382,0.000,3.747,4.100,-7.721
6.6998,0.0098,0.0378,0.000,3.785,4.100,-7.721
6.7080,0.0081,0.0313,0.000,3.817,4.100,-7.721
6.7178,0.0098,0.0380,0.000,3.854,4.100,-7.721
6.7255,0.0077,0.0296,0.000,3.884,4.100,-7.721
6.7351,0.0096,0.0373,0.000,3.921,4.100,-7.721
6.7442,0.0091,0.0352,0.000,3.957,4.100,-7.721
6.7554,0.0113,0.0440,0.000,4.001,4.100,-7.721
6.7641,0.0087,0.0337,0.000,4.034,4.100,-7.721
6.7766,0.0125,0.0491,0.000,4.083,4.100,-7.721
6.7857,0.0092,0.0357,0.000,4.119,4.100,-7.721
6.7956,0.0098,0.0385,0.000,4.158,4.100,-7.721
6.8045,0.0090,0.0350,0.000,4.193,4.100,-7.721
6.8148,0.0103,0.0404,0.000,4.233,4.100,-7.721
6.8223,0.0075,0.0291,0.000,4.262,4.100,-7.721
6.8330,0.0107,0.0424,0.000,4.304,4.100,-7.721
6.8408,0.0078,0.0305,0.000,4.335,4.100,-7.721
6.8487,0.0079,0.0309,0.000,4.366,4.100,-7.721
6.8596,0.0109,0.0430,0.000,4.409,4.100,-7.721
6.8691,0.0095,0.0375,0.000,4.446,4.100,-7.721
6.8796,0.0105,0.0414,0.000,4.488,4.100,-7.721
6.8893,0.0097,0.0382,0.000,4.526,4.100,-7.721
6.9000,0.0107,0.0424,0.000,4.568,4.100,-7.721
6.9086,0.0086,0.0337,0.000,4.602,4.100,-7.721
6.9190,0.0105,0.0415,0.000,4.644,4.100,-7.721
6.9281,0.0090,0.0357,0.000,4.679,4.100,-7.721
6.9377,0.0096,0.0379,0.000,4.717,4.100,-7.721
6.9471,0.0094,0.0374,0.000,4.755,4.100,-7.722
6.9577,0.0106,0.0423,0.000,4.797,4.100,-7.722
6.9673,0.0096,0.0379,0.000,4.835,4.100,-7.722
6.9784,0.0111,0.0445,0.000,4.879,4.100,-7.722
6.9880,0.0096,0.0381,0.000,4.917,4.100,-7.722
6.9996,0.0116,0.0463,0.000,4.964,4.100,-7.723
7.0095,0.0099,0.0395,0.000,5.003,4.100,-7.723
7.0201,0.0106,0.0422,0.000,5.045,4.100,-7.723
7.0295,0.0094,0.0372,0.000,5.083,4.100,-7.723
7.0413,0.0119,0.0477,0.000,5.130,4.100,-7.724
7.0525,0.0111,0.0446,0.000,5.175,4.100,-7.724
7.0624,0.0099,0.0395,0.000,5.214,4.100,-7.724
7.0762,0.0138,0.0561,0.000,5.271,4.100,-7.725
7.0855,0.0093,0.0369,0.000,5.307,4.100,-7.725
7.0948,0.0093,0.0372,0.000,5.345,4.100,-7.726
7.1046,0.0098,0.0391,0.000,5.384,4.100,-7.726
7.1157,0.0110,0.0442,0.000,5.428,4.100,-7.727
7.1240,0.0083,0.0330,0.000,5.461,4.100,-7.727
7.1352,0.0112,0.0450,0.000,5.506,4.100,-7.727
7.1433,0.0081,0.0322,0.000,5.538,4.100,-7.728
7.1533,0.0100,0.0400,0.000,5.578,4.100,-7.728
7.1619,0.0085,0.0338,0.000,5.612,4.100,-7.729
7.1716,0.0098,0.0391,0.000,5.651,4.100,-7.729
7.1792,0.0076,0.0300,0.000,5.681,4.100,-7.729
7.1863,0.0071,0.0281,0.000,5.709,4.100,-7.730
7.1956,0.0093,0.0371,0.000,5.746,4.100,-7.730
7.2025,0.0069,0.0273,0.000,5.773,4.100,-7.730
7.2132,0.0107,0.0430,0.000,5.817,4.100,-7.731
7.2208,0.0076,0.0304,0.000,5.847,4.100,-7.731
7.2277,0.0069,0.0272,0.000,5.874,4.100,-7.731
7.2388,0.0110,0.0444,0.000,5.919,4.100,-7.732
7.2459,0.0072,0.0285,0.000,5.947,4.100,-7.732
7.2553,0.0094,0.0374,0.000,5.985,4.100,-7.732
7.2631,0.0078,0.0310,0.000,6.016,4.100,-7.732
7.2726,0.0095,0.0381,0.000,6.054,4.100,-7.733
7.2796,0.0070,0.0280,0.000,6.082,4.100,-7.733
7.2874,0.0078,0.0312,0.000,6.113,4.100,-7.733
7.2963,0.0089,0.0356,0.000,6.148,4.100,-7.733
7.3050,0.0087,0.0348,0.000,6.183,4.100,-7.734
7.3146,0.0096,0.0384,0.000,6.222,4.100,-7.734
7.3211,0.0065,0.0259,0.000,6.248,4.100,-7.734
7.3301,0.0091,0.0364,0.000,6.284,4.100,-7.734
7.3376,0.0074,0.0297,0.000,6.314,4.100,-7.734
7.3448,0.0073,0.0290,0.000,6.342,4.100,-7.735
7.3545,0.0096,0.0387,0.000,6.381,4.100,-7.735
7.3629,0.0084,0.0337,0.000,6.415,4.100,-7.735
7.3723,0.0094,0.0378,0.000,6.453,4.100,-7.735
7.3797,0.0075,0.0297,0.000,6.482,4.100,-7.735
7.3866,0.0069,0.0274,0.000,6.510,4.100,-7.736
7.3964,0.0098,0.0395,0.000,6.549,4.100,-7.736
7.4049,0.0085,0.0340,0.000,6.583,4.100,-7.736
7.4145,0.0097,0.0389,0.000,6.622,4.100,-7.736
7.4238,0.0093,0.0372,0.000,6.659,4.100,-7.737
7.4335,0.0097,0.0389,0.000,6.698,4.100,-7.737
7.4425,0.0090,0.0362,0.000,6.735,4.100,-7.737
7.4523,0.0098,0.0393,0.000,6.774,4.100,-7.738
7.4605,0.0082,0.0328,0.000,6.807,4.100,-7.738
7.4690,0.0085,0.0341,0.000,6.841,4.100,-7.738
7.4793,0.0103,0.0417,0.000,6.882,4.100,-7.739
7.4876,0.0083,0.0330,0.000,6.916,4.100,-7.739
7.4972,0.0096,0.0387,0.000,6.954,4.100,-7.740
7.5063,0.0091,0.0366,0.000,6.991,4.100,-7.740
7.5154,0.0090,0.0363,0.000,7.027,4.100,-7.741
7.5228,0.0075,0.0299,0.000,7.057,4.100,-7.741
7.5330,0.0101,0.0408,0.000,7.098,4.100,-7.742
7.5409,0.0079,0.0317,0.000,7.130,4.100,-7.742
7.5478,0.0069,0.0273,0.000,7.157,4.100,-7.743
7.5574,0.0097,0.0390,0.000,7.196,4.100,-7.743
7.5675,0.0100,0.0405,0.000,7.236,4.100,-7.744
7.5776,0.0102,0.0409,0.000,7.277,4.100,-7.745
7.5852,0.0075,0.0300,0.000,7.307,4.100,-7.745
7.5930,0.0079,0.0315,0.000,7.339,4.100,-7.746
7.6023,0.0093,0.0374,0.000,7.376,4.100,-7.746
7.6126,0.0103,0.0417,0.000,7.418,4.100,-7.747
7.6203,0.0077,0.0307,0.000,7.448,4.100,-7.747
7.6277,0.0074,0.0296,0.000,7.478,4.100,-7.748
7.6383,0.0106,0.0428,0.000,7.521,4.100,-7.748
7.6470,0.0087,0.0347,0.000,7.556,4.100,-7.749
7.6575,0.0105,0.0423,0.000,7.598,4.100,-7.749
7.6645,0.0070,0.0280,0.000,7.626,4.100,-7.749
7.6737,0.0092,0.0371,0.000,7.663,4.100,-7.750
7.6819,0.0082,0.0327,0.000,7.696,4.100,-7.750
7.6911,0.0092,0.0369,0.000,7.732,4.100,-7.751
7.6981,0.0071,0.0281,0.000,7.761,4.100,-7.751
7.7058,0.0077,0.0306,0.000,7.791,4.100,-7.751
7.7146,0.0087,0.0350,0.000,7.826,4.100,-7.751
7.7225,0.0079,0.0318,0.000,7.858,4.100,-7.752
7.7323,0.0098,0.0393,0.000,7.897,4.100,-7.752
7.7401,0.0078,0.0312,0.000,7.928,4.100,-7.752
7.7463,0.0063,0.0249,0.000,7.953,4.100,-7.752
7.7565,0.0102,0.0412,0.000,7.995,4.100,-7.753
7.7645,0.0080,0.0320,0.000,8.027,4.100,-7.753
7.7739,0.0094,0.0376,0.000,8.064,4.100,-7.753
7.7815,0.0076,0.0305,0.000,8.095,4.100,-7.753
7.7910,0.0095,0.0383,0.000,8.133,4.100,-7.753
7.7981,0.0071,0.0283,0.000,8.161,4.100,-7.753
7.8064,0.0082,0.0330,0.000,8.194,4.100,-7.753
7.8155,0.0091,0.0365,0.000,8.231,4.100,-7.753
7.8221,0.0066,0.0262,0.000,8.257,4.100,-7.753
7.8322,0.0102,0.0410,0.000,8.298,4.100,-7.753
7.8406,0.0084,0.0336,0.000,8.332,4.100,-7.753
7.8470,0.0063,0.0252,0.000,8.357,4.100,-7.753
7.8567,0.0097,0.0392,0.000,8.396,4.100,-7.754
7.8640,0.0073,0.0289,0.000,8.425,4.100,-7.754
7.8728,0.0089,0.0356,0.000,8.461,4.100,-7.754
7.8807,0.0078,0.0313,0.000,8.492,4.100,-7.754
7.8878,0.0071,0.0283,0.000,8.520,4.100,-7.754
7.8973,0.0094,0.0379,0.000,8.558,4.100,-7.754
7.9047,0.0075,0.0298,0.000,8.588,4.100,-7.754
7.9133,0.0086,0.0342,0.000,8.622,4.100,-7.754
7.9212,0.0079,0.0313,0.000,8.654,4.100,-7.754
7.9310,0.0099,0.0397,0.000,8.693,4.100,-7.754
7.9395,0.0084,0.0338,0.000,8.727,4.100,-7.754
7.9459,0.0064,0.0254,0.000,8.752,4.100,-7.754
7.9542,0.0083,0.0329,0.000,8.785,4.100,-7.754
7.9608,0.0067,0.0264,0.000,8.812,4.100,-7.754
7.9674,0.0066,0.0262,0.000,8.838,4.100,-7.754
7.9778,0.0104,0.0417,0.000,8.880,4.100,-7.754
7.9851,0.0073,0.0291,0.000,8.909,4.100,-7.755
7.9937,0.0085,0.0341,0.000,8.943,4.100,-7.755
8.0015,0.0078,0.0312,0.000,8.974,4.100,-7.755
8.0126,0.0110,0.0445,0.000,9.019,4.100,-7.755
8.0211,0.0086,0.0343,0.000,9.053,4.100,-7.755
8.0320,0.0108,0.0436,0.000,9.096,4.100,-7.755
8.0401,0.0081,0.0324,0.000,9.129,4.100,-7.755
8.0472,0.0071,0.0283,0.000,9.157,4.100,-7.755
8.0575,0.0103,0.0413,0.000,9.198,4.100,-7.755
8.0651,0.0076,0.0300,0.000,9.229,4.100,-7.755
8.0735,0.0084,0.0334,0.000,9.262,4.100,-7.755
8.0817,0.0082,0.0324,0.000,9.294,4.100,-7.755
8.0920,0.0103,0.0413,0.000,9.336,4.100,-7.755
8.0994,0.0074,0.0293,0.000,9.365,4.100,-7.755
8.1064,0.0070,0.0279,0.000,9.393,4.100,-7.755
8.1158,0.0094,0.0375,0.000,9.430,4.100,-7.755
8.1230,0.0072,0.0283,0.000,9.459,4.100,-7.755
8.1336,0.0106,0.0423,0.000,9.501,4.100,-7.755
8.1411,0.0075,0.0296,0.000,9.531,4.100,-7.755
8.1502,0.0092,0.0365,0.000,9.567,4.100,-7.755
8.1571,0.0069,0.0272,0.000,9.594,4.100,-7.755
8.1649,0.0077,0.0306,0.000,9.625,4.100,-7.755
8.1736,0.0087,0.0345,0.000,9.659,4.100,-7.755
8.1814,0.0078,0.0308,0.000,9.690,4.100,-7.755
8.1918,0.0104,0.0415,0.000,9.732,4.100,-7.755
8.1998,0.0080,0.0314,0.000,9.763,4.100,-7.754
8.2079,0.0082,0.0324,0.000,9.795,4.100,-7.754
8.2166,0.0087,0.0343,0.000,9.830,4.100,-7.754
8.2234,0.0068,0.0267,0.000,9.856,4.100,-7.754
8.2326,0.0092,0.0364,0.000,9.893,4.100,-7.754
8.2402,0.0077,0.0303,0.000,9.923,4.100,-7.753
8.2472,0.0070,0.0274,0.000,9.951,4.100,-7.753
8.2565,0.0093,0.0369,0.000,9.987,4.100,-7.753
8.2642,0.0077,0.0305,0.000,10.018,4.100,-7.752
8.2729,0.0087,0.0344,0.000,10.052,4.100,-7.752
8.2804,0.0075,0.0294,0.000,10.082,4.100,-7.752
8.2867,0.0063,0.0248,0.000,10.106,4.100,-7.751
8.2956,0.0089,0.0352,0.000,10.142,4.100,-7.751
8.3028,0.0072,0.0284,0.000,10.170,4.100,-7.751
8.3127,0.0099,0.0395,0.000,10.210,4.100,-7.750
8.3207,0.0080,0.0315,0.000,10.241,4.100,-7.750
8.3285,0.0077,0.0304,0.000,10.271,4.100,-7.750
8.3372,0.0087,0.0345,0.000,10.306,4.100,-7.749
8.3451,0.0079,0.0309,0.000,10.337,4.100,-7.749
8.3540,0.0089,0.0351,0.000,10.372,4.100,-7.749
8.3613,0.0073,0.0288,0.000,10.401,4.100,-7.748
8.3701,0.0088,0.0346,0.000,10.435,4.100,-7.748
8.3776,0.0075,0.0293,0.000,10.465,4.100,-7.747
8.3845,0.0069,0.0269,0.000,10.492,4.100,-7.747
8.3931,0.0087,0.0342,0.000,10.526,4.100,-7.747
8.4012,0.0081,0.0318,0.000,10.558,4.100,-7.746
8.4116,0.0103,0.0409,0.000,10.598,4.100,-7.746
8.4192,0.0077,0.0301,0.000,10.628,4.100,-7.746
8.4271,0.0078,0.0306,0.000,10.659,4.100,-7.745
8.4368,0.0097,0.0384,0.000,10.698,4.100,-7.745
8.4441,0.0073,0.0285,0.000,10.726,4.100,-7.745
8.4530,0.0089,0.0352,0.000,10.761,4.100,-7.744
8.4591,0.0061,0.0237,0.000,10.785,4.100,-7.744
8.4659,0.0068,0.0265,0.000,10.811,4.100,-7.744
8.4751,0.0092,0.0363,0.000,10.848,4.100,-7.743
8.4835,0.0084,0.0330,0.000,10.881,4.100,-7.743
8.4926,0.0091,0.0359,0.000,10.917,4.100,-7.743
8.5004,0.0078,0.0304,0.000,10.947,4.100,-7.742
8.5065,0.0061,0.0236,0.000,10.971,4.100,-7.742
8.5147,0.0083,0.0325,0.000,11.003,4.100,-7.742
8.5218,0.0070,0.0276,0.000,11.031,4.100,-7.742
8.5308,0.0091,0.0358,0.000,11.066,4.100,-7.742
8.5374,0.0065,0.0255,0.000,11.092,4.100,-7.741
8.5459,0.0085,0.0336,0.000,11.125,4.100,-7.741
8.5550,0.0091,0.0359,0.000,11.161,4.100,-7.741
8.5622,0.0072,0.0283,0.000,11.190,4.100,-7.741
8.5721,0.0099,0.0391,0.000,11.229,4.100,-7.741
8.5800,0.0079,0.0310,0.000,11.260,4.100,-7.740
8.5869,0.0069,0.0270,0.000,11.287,4.100,-7.740
8.5966,0.0097,0.0385,0.000,11.325,4.100,-7.740
8.6049,0.0083,0.0325,0.000,11.358,4.100,-7.740
8.6128,0.0079,0.0312,0.000,11.389,4.100,-7.740
8.6202,0.0075,0.0292,0.000,11.418,4.100,-7.740
8.6266,0.0064,0.0250,0.000,11.443,4.100,-7.740
8.6359,0.0093,0.0366,0.000,11.480,4.100,-7.739
8.6433,0.0075,0.0293,0.000,11.509,4.100,-7.739
8.6544,0.0110,0.0438,0.000,11.553,4.100,-7.739
8.6632,0.0088,0.0349,0.000,11.588,4.100,-7.739
8.6774,0.0142,0.0572,0.000,11.645,4.100,-7.738
8.6908,0.0134,0.0535,0.000,11.699,4.100,-7.738
8.7012,0.0104,0.0410,0.000,11.739,4.100,-7.738
8.7134,0.0123,0.0489,0.000,11.788,4.100,-7.737
8.7223,0.0089,0.0351,0.000,11.823,4.100,-7.737
8.7326,0.0103,0.0408,0.000,11.864,4.100,-7.737
8.7414,0.0088,0.0347,0.000,11.899,4.100,-7.737
8.7533,0.0118,0.0472,0.000,11.946,4.100,-7.736
8.7634,0.0101,0.0400,0.000,11.986,4.100,-7.736
8.7736,0.0103,0.0408,0.000,12.027,4.100,-7.735
8.7813,0.0077,0.0302,0.000,12.057,4.100,-7.735
8.7903,0.0090,0.0356,0.000,12.093,4.100,-7.735
8.7977,0.0075,0.0293,0.000,12.122,4.100,-7.734
8.8062,0.0085,0.0335,0.000,12.155,4.100,-7.734
8.8158,0.0096,0.0380,0.000,12.193,4.100,-7.734
8.8233,0.0076,0.0299,0.000,12.223,4.100,-7.733
8.8326,0.0092,0.0366,0.000,12.260,4.100,-7.733
8.8392,0.0067,0.0262,0.000,12.286,4.100,-7.733
8.8465,0.0072,0.0285,0.000,12.315,4.100,-7.732
8.8555,0.0090,0.0358,0.000,12.351,4.100,-7.732
8.8616,0.0061,0.0240,0.000,12.375,4.100,-7.732
8.8709,0.0092,0.0366,0.000,12.411,4.100,-7.731
8.8777,0.0069,0.0271,0.000,12.438,4.100,-7.731
8.8854,0.0077,0.0303,0.000,12.468,4.100,-7.730
8.8941,0.0087,0.0346,0.000,12.503,4.100,-7.730
8.9018,0.0077,0.0303,0.000,12.533,4.100,-7.730
8.9119,0.0100,0.0400,0.000,12.573,4.100,-7.729
8.9206,0.0087,0.0345,0.000,12.608,4.100,-7.729
8.9279,0.0074,0.0290,0.000,12.637,4.100,-7.729
8.9371,0.0091,0.0362,0.000,12.673,4.100,-7.728
8.9445,0.0075,0.0295,0.000,12.703,4.100,-7.728
8.9539,0.0093,0.0371,0.000,12.740,4.100,-7.728
8.9618,0.0079,0.0314,0.000,12.771,4.100,-7.728
8.9711,0.0093,0.0368,0.000,12.808,4.100,-7.727
8.9781,0.0071,0.0279,0.000,12.836,4.100,-7.727
8.9846,0.0065,0.0255,0.000,12.861,4.100,-7.727
8.9929,0.0083,0.0330,0.000,12.894,4.100,-7.727
8.9993,0.0064,0.0252,0.000,12.919,4.100,-7.727
9.0060,0.0067,0.0264,0.000,12.946,4.100,-7.727
9.0156,0.0096,0.0381,0.000,12.984,4.100,-7.726
9.0230,0.0074,0.0292,0.000,13.013,4.100,-7.726
9.0324,0.0094,0.0376,0.000,13.051,4.100,-7.726
9.0412,0.0087,0.0347,0.000,13.086,4.100,-7.726
9.0503,0.0091,0.0364,0.000,13.122,4.100,-7.726
9.0578,0.0075,0.0295,0.000,13.151,4.100,-7.726
9.0649,0.0071,0.0282,0.000,13.180,4.100,-7.726
9.0733,0.0084,0.0332,0.000,13.213,4.100,-7.726
9.0801,0.0068,0.0269,0.000,13.240,4.100,-7.726
9.0881,0.0080,0.0317,0.000,13.272,4.100,-7.726
9.0962,0.0082,0.0324,0.000,13.304,4.100,-7.726
9.1037,0.0075,0.0297,0.000,13.334,4.100,-7.726
9.1123,0.0086,0.0340,0.000,13.368,4.100,-7.726
9.1198,0.0075,0.0298,0.000,13.398,4.100,-7.726
9.1262,0.0064,0.0253,0.000,13.423,4.100,-7.726
9.1368,0.0106,0.0424,0.000,13.465,4.100,-7.726
9.1441,0.0073,0.0289,0.000,13.494,4.100,-7.726
9.1539,0.0098,0.0391,0.000,13.533,4.100,-7.727
9.1619,0.0079,0.0314,0.000,13.565,4.100,-7.727
9.1705,0.0086,0.0342,0.000,13.599,4.100,-7.727
9.1765,0.0060,0.0236,0.000,13.622,4.100,-7.727
9.1845,0.0079,0.0314,0.000,13.654,4.100,-7.727
9.1963,0.0118,0.0475,0.000,13.701,4.100,-7.728
9.2041,0.0079,0.0311,0.000,13.732,4.100,-7.728
9.2132,0.0091,0.0360,0.000,13.768,4.100,-7.728
9.2213,0.0081,0.0320,0.000,13.800,4.100,-7.729
9.2317,0.0104,0.0414,0.000,13.842,4.100,-7.729
9.2394,0.0077,0.0305,0.000,13.872,4.100,-7.729
9.2460,0.0066,0.0260,0.000,13.898,4.100,-7.729
9.2559,0.0098,0.0391,0.000,13.937,4.100,-7.730
9.2710,0.0151,0.0609,0.000,13.998,4.100,-7.730
9.2867,0.0158,0.0638,0.000,14.062,4.100,-7.731
9.3017,0.0149,0.0601,0.000,14.122,4.100,-7.731
9.3216,0.0199,0.0812,0.000,14.204,4.100,-7.732
9.3337,0.0121,0.0482,0.000,14.252,4.100,-7.733
9.3421,0.0084,0.0328,0.000,14.285,4.100,-7.733
9.3537,0.0116,0.0458,0.000,14.330,4.100,-7.734
9.3618,0.0082,0.0319,0.000,14.362,4.100,-7.734
9.3729,0.0111,0.0438,0.000,14.406,4.100,-7.734
9.3807,0.0078,0.0304,0.000,14.436,4.100,-7.735
9.3879,0.0073,0.0283,0.000,14.465,4.100,-7.735
9.3991,0.0111,0.0440,0.000,14.509,4.100,-7.736
9.4078,0.0087,0.0341,0.000,14.543,4.100,-7.736
9.4198,0.0120,0.0476,0.000,14.590,4.100,-7.737
9.4284,0.0087,0.0339,0.000,14.624,4.100,-7.737
9.4400,0.0115,0.0455,0.000,14.670,4.100,-7.738
9.4483,0.0083,0.0325,0.000,14.702,4.100,-7.738
9.4583,0.0100,0.0394,0.000,14.742,4.100,-7.739
9.4667,0.0084,0.0328,0.000,14.774,4.100,-7.740
9.4775,0.0108,0.0424,0.000,14.817,4.100,-7.741
9.4849,0.0075,0.0290,0.000,14.846,4.100,-7.741
9.4961,0.0112,0.0442,0.000,14.890,4.100,-7.742
9.5035,0.0074,0.0287,0.000,14.919,4.100,-7.743
9.5148,0.0113,0.0447,0.000,14.964,4.100,-7.744
9.5233,0.0085,0.0331,0.000,14.997,4.100,-7.745
9.5332,0.0099,0.0388,0.000,15.035,4.100,-7.746
9.5410,0.0078,0.0304,0.000,15.066,4.100,-7.746
9.5488,0.0078,0.0305,0.000,15.096,4.100,-7.747
9.5589,0.0101,0.0396,0.000,15.136,4.100,-7.748
9.5665,0.0077,0.0300,0.000,15.166,4.100,-7.749
9.5774,0.0109,0.0429,0.000,15.209,4.100,-7.750
9.5847,0.0073,0.0284,0.000,15.237,4.100,-7.750
9.5934,0.0087,0.0340,0.000,15.271,4.100,-7.751
9.6013,0.0079,0.0309,0.000,15.302,4.100,-7.752
9.6116,0.0103,0.0408,0.000,15.343,4.100,-7.753
9.6196,0.0080,0.0312,0.000,15.374,4.100,-7.754
9.6267,0.0071,0.0277,0.000,15.402,4.100,-7.755
9.6384,0.0117,0.0462,0.000,15.448,4.100,-7.756
9.6474,0.0090,0.0353,0.000,15.483,4.100,-7.757
9.6574,0.0100,0.0393,0.000,15.522,4.100,-7.758
9.6653,0.0080,0.0311,0.000,15.553,4.100,-7.759
9.6763,0.0110,0.0433,0.000,15.597,4.100,-7.760
9.6857,0.0095,0.0371,0.000,15.634,4.100,-7.761
9.6954,0.0096,0.0378,0.000,15.672,4.100,-7.762
9.7032,0.0078,0.0305,0.000,15.702,4.100,-7.763
9.7158,0.0126,0.0496,0.000,15.752,4.100,-7.765
9.7242,0.0084,0.0328,0.000,15.784,4.100,-7.766
9.7348,0.0106,0.0413,0.000,15.826,4.100,-7.767
9.7429,0.0081,0.0314,0.000,15.857,4.100,-7.768
9.7535,0.0106,0.0415,0.000,15.899,4.100,-7.769
9.7620,0.0085,0.0328,0.000,15.931,4.100,-7.770
9.7731,0.0112,0.0437,0.000,15.975,4.100,-7.771
9.7805,0.0074,0.0285,0.000,16.004,4.100,-7.772
9.7881,0.0076,0.0296,0.000,16.033,4.100,-7.773
9.7987,0.0106,0.0414,0.000,16.074,4.100,-7.774
9.8087,0.0100,0.0389,0.000,16.113,4.100,-7.775
9.8189,0.0102,0.0398,0.000,16.153,4.100,-7.776
9.8267,0.0078,0.0301,0.000,16.183,4.100,-7.777
9.8364,0.0097,0.0379,0.000,16.221,4.100,-7.778
9.8447,0.0083,0.0321,0.000,16.253,4.100,-7.779
9.8551,0.0104,0.0404,0.000,16.294,4.100,-7.780
9.8629,0.0078,0.0303,0.000,16.324,4.100,-7.781
9.8728,0.0099,0.0385,0.000,16.362,4.100,-7.782
9.8813,0.0086,0.0333,0.000,16.396,4.100,-7.783
9.8920,0.0107,0.0418,0.000,16.437,4.100,-7.783
9.8991,0.0071,0.0272,0.000,16.465,4.100,-7.784
9.9064,0.0073,0.0283,0.000,16.493,4.100,-7.785
9.9161,0.0097,0.0380,0.000,16.531,4.100,-7.786
9.9239,0.0078,0.0301,0.000,16.561,4.100,-7.786
9.9338,0.0099,0.0387,0.000,16.600,4.100,-7.787
9.9411,0.0073,0.0283,0.000,16.628,4.100,-7.788
9.9498,0.0087,0.0337,0.000,16.662,4.100,-7.788
9.9576,0.0078,0.0301,0.000,16.692,4.100,-7.789
9.9656,0.0080,0.0310,0.000,16.723,4.100,-7.789
9.9756,0.0101,0.0393,0.000,16.762,4.100,-7.790
9.9834,0.0078,0.0300,0.000,16.792,4.100,-7.790
9.9929,0.0095,0.0369,0.000,16.829,4.100,-7.791
10.0003,0.0074,0.0284,0.000,16.857,4.100,-7.792
10.0082,0.0079,0.0306,0.000,16.888,4.100,-7.792
10.0185,0.0103,0.0402,0.000,16.928,4.100,-7.793
10.0260,0.0075,0.0290,0.000,16.957,4.100,-7.793
10.0343,0.0082,0.0318,0.000,16.989,4.100,-7.794
10.0419,0.0077,0.0296,0.000,17.019,4.100,-7.795
10.0519,0.0100,0.0391,0.000,17.058,4.100,-7.795
10.0605,0.0086,0.0332,0.000,17.091,4.100,-7.796
10.0677,0.0072,0.0276,0.000,17.118,4.100,-7.797
10.0767,0.0090,0.0351,0.000,17.154,4.100,-7.797
10.0847,0.0080,0.0310,0.000,17.184,4.100,-7.798
10.0933,0.0086,0.0334,0.000,17.218,4.100,-7.799
10.1007,0.0073,0.0283,0.000,17.246,4.100,-7.799
10.1075,0.0068,0.0263,0.000,17.272,4.100,-7.800
10.1175,0.0101,0.0393,0.000,17.312,4.100,-7.800
10.1250,0.0075,0.0289,0.000,17.341,4.100,-7.801
10.1340,0.0090,0.0349,0.000,17.375,4.100,-7.802
10.1416,0.0076,0.0294,0.000,17.405,4.100,-7.802
10.1523,0.0107,0.0418,0.000,17.447,4.100,-7.803
10.1609,0.0086,0.0334,0.000,17.480,4.100,-7.804
10.1680,0.0071,0.0276,0.000,17.508,4.100,-7.805
10.1782,0.0102,0.0397,0.000,17.547,4.100,-7.805
10.1860,0.0078,0.0303,0.000,17.578,4.100,-7.806
10.1947,0.0087,0.0339,0.000,17.611,4.100,-7.807
10.2017,0.0070,0.0270,0.000,17.638,4.100,-7.807
10.2120,0.0103,0.0402,0.000,17.679,4.100,-7.808
10.2199,0.0079,0.0305,0.000,17.709,4.100,-7.809
10.2264,0.0065,0.0250,0.000,17.734,4.100,-7.809
10.2366,0.0102,0.0400,0.000,17.774,4.100,-7.810
10.2440,0.0074,0.0287,0.000,17.803,4.100,-7.811
10.2531,0.0091,0.0352,0.000,17.838,4.100,-7.812
10.2612,0.0081,0.0313,0.000,17.869,4.100,-7.812
10.2713,0.0101,0.0395,0.000,17.909,4.100,-7.813
10.2789,0.0076,0.0294,0.000,17.938,4.100,-7.814
10.2858,0.0069,0.0268,0.000,17.965,4.100,-7.814
10.2941,0.0083,0.0320,0.000,17.997,4.100,-7.815
10.3018,0.0077,0.0298,0.000,18.027,4.100,-7.815
10.3105,0.0087,0.0339,0.000,18.061,4.100,-7.816
10.3178,0.0072,0.0279,0.000,18.088,4.100,-7.816
10.3248,0.0070,0.0270,0.000,18.115,4.100,-7.817
10.3348,0.0101,0.0393,0.000,18.155,4.100,-7.817
10.3422,0.0073,0.0282,0.000,18.183,4.100,-7.818
10.3523,0.0101,0.0396,0.000,18.223,4.100,-7.818
10.3601,0.0078,0.0302,0.000,18.253,4.100,-7.819
10.3673,0.0072,0.0277,0.000,18.281,4.100,-7.819
10.3760,0.0087,0.0338,0.000,18.314,4.100,-7.820
10.3826,0.0066,0.0254,0.000,18.340,4.100,-7.820
10.3961,0.0135,0.0534,0.000,18.393,4.100,-7.821
10.4054,0.0093,0.0360,0.000,18.429,4.100,-7.821
10.4156,0.0102,0.0399,0.000,18.469,4.100,-7.822
10.4247,0.0091,0.0352,0.000,18.504,4.100,-7.822
10.4345,0.0098,0.0381,0.000,18.542,4.100,-7.822
10.4426,0.0081,0.0314,0.000,18.574,4.100,-7.823
10.4520,0.0094,0.0368,0.000,18.611,4.100,-7.823
10.4595,0.0075,0.0291,0.000,18.640,4.100,-7.823
10.4671,0.0075,0.0291,0.000,18.669,4.100,-7.824
10.4768,0.0097,0.0436,0.000,18.707,4.100,-7.845
10.4857,0.0089,0.0390,0.000,18.741,4.100,-7.863
10.4952,0.0095,0.0411,0.000,18.778,4.100,-7.881
10.5032,0.0080,0.0340,0.000,18.810,4.100,-7.894
10.5118,0.0086,0.0360,0.000,18.843,4.100,-7.908
10.5197,0.0079,0.0327,0.000,18.874,4.100,-7.919
10.5269,0.0072,0.0297,0.000,18.902,4.100,-7.929
10.5368,0.0099,0.0406,0.000,18.940,4.100,-7.941
10.5448,0.0079,0.0319,0.000,18.971,4.100,-7.949
10.5529,0.0081,0.0327,0.000,19.003,4.100,-7.958
10.5602,0.0073,0.0289,0.000,19.031,4.100,-7.964
10.5680,0.0078,0.0311,0.000,19.061,4.100,-7.971
10.5778,0.0098,0.0392,0.000,19.100,4.100,-7.978
10.5851,0.0073,0.0286,0.000,19.128,4.100,-7.983
10.5963,0.0113,0.0450,0.000,19.173,4.100,-7.990
10.6052,0.0089,0.0350,0.000,19.207,4.100,-7.994
10.6144,0.0092,0.0362,0.000,19.243,4.100,-7.999
10.6230,0.0086,0.0338,0.000,19.277,4.100,-8.002
10.6327,0.0096,0.0379,0.000,19.315,4.100,-8.005
10.6402,0.0075,0.0292,0.000,19.344,4.100,-8.008
10.6473,0.0072,0.0279,0.000,19.371,4.100,-8.010
10.6569,0.0096,0.0378,0.000,19.409,4.100,-8.012
10.6640,0.0071,0.0274,0.000,19.437,4.100,-8.013
10.6729,0.0089,0.0349,0.000,19.471,4.100,-8.014
10.6802,0.0073,0.0285,0.000,19.500,4.100,-8.015
10.6873,0.0071,0.0275,0.000,19.527,4.100,-8.016
10.6977,0.0104,0.0411,0.000,19.569,4.100,-8.016
10.7048,0.0071,0.0275,0.000,19.596,4.100,-8.016
10.7119,0.0071,0.0276,0.000,19.624,4.100,-8.016
10.7203,0.0084,0.0331,0.000,19.657,4.100,-8.016
10.7278,0.0075,0.0292,0.000,19.686,4.100,-8.016
10.7376,0.0098,0.0387,0.000,19.725,4.100,-8.015
10.7454,0.0078,0.0306,0.000,19.755,4.100,-8.015
10.7552,0.0097,0.0383,0.000,19.793,4.100,-8.014
10.7637,0.0085,0.0334,0.000,19.827,4.100,-8.013
10.7757,0.0121,0.0479,0.000,19.875,4.100,-8.011
10.7851,0.0094,0.0368,0.000,19.911,4.100,-8.009
10.7988,0.0137,0.0547,0.000,19.966,4.100,-8.006
10.8105,0.0117,0.0463,0.000,20.012,4.100,-8.004
10.8212,0.0107,0.0423,0.000,20.055,4.100,-8.002
10.8330,0.0118,0.0466,0.000,20.101,4.100,-7.999
10.8418,0.0088,0.0346,0.000,20.136,4.100,-7.997
10.8532,0.0114,0.0452,0.000,20.181,4.100,-7.995
10.8626,0.0094,0.0371,0.000,20.218,4.100,-7.993
10.8735,0.0109,0.0430,0.000,20.261,4.100,-7.990
10.8822,0.0087,0.0341,0.000,20.295,4.100,-7.988
10.8919,0.0096,0.0379,0.000,20.333,4.100,-7.986
10.8998,0.0080,0.0311,0.000,20.364,4.100,-7.984
10.9070,0.0072,0.0279,0.000,20.392,4.100,-7.983
10.9151,0.0081,0.0318,0.000,20.423,4.100,-7.981
10.9231,0.0080,0.0315,0.000,20.455,4.100,-7.979
10.9337,0.0106,0.0420,0.000,20.497,4.100,-7.976
10.9412,0.0075,0.0294,0.000,20.526,4.100,-7.975
10.9521,0.0109,0.0431,0.000,20.569,4.100,-7.972
10.9606,0.0085,0.0334,0.000,20.602,4.100,-7.970
10.9681,0.0075,0.0293,0.000,20.632,4.100,-7.969
10.9774,0.0093,0.0366,0.000,20.668,4.100,-7.966
10.9850,0.0076,0.0300,0.000,20.698,4.100,-7.965
10.9940,0.0089,0.0352,0.000,20.733,4.100,-7.963
11.0021,0.0081,0.0319,0.000,20.765,4.100,-7.961
11.0116,0.0096,0.0379,0.000,20.803,4.100,-7.959
11.0193,0.0076,0.0300,0.000,20.833,4.100,-7.957
11.0266,0.0073,0.0288,0.000,20.862,4.100,-7.955
11.0368,0.0101,0.0402,0.000,20.902,4.100,-7.953
11.0444,0.0076,12.4603,94.092,26.736,1.464,2.737
11.0538,0.0094,0.0392,0.000,26.775,1.464,2.730
11.0621,0.0083,0.0348,0.000,26.809,1.465,2.723
11.0718,0.0096,0.0413,0.000,26.849,1.465,2.713
11.0804,0.0086,0.0369,0.000,26.885,1.465,2.702
11.0875,0.0072,0.0308,0.000,26.914,1.465,2.693
11.0967,0.0092,0.0407,0.000,26.952,1.466,2.680
11.1044,0.0077,0.0340,0.000,26.984,1.466,2.668
11.1123,0.0079,0.0351,0.000,27.017,1.466,2.656
11.1196,0.0072,0.0322,0.000,27.047,1.466,2.644
11.1266,0.0070,0.0316,0.000,27.076,1.466,2.632
11.1365,0.0099,0.0455,0.000,27.118,1.467,2.614
11.1435,0.0070,0.0316,0.000,27.147,1.467,2.602
11.1520,0.0085,0.0389,0.000,27.183,1.467,2.586
11.1590,0.0070,0.0315,0.000,27.212,1.467,2.574
11.1661,0.0071,0.0324,0.000,27.242,1.467,2.561
11.1753,0.0092,0.0424,0.000,27.280,1.468,2.544
11.1824,0.0070,0.0318,0.000,27.310,1.468,2.532
11.1906,0.0082,0.0375,0.000,27.344,1.468,2.517
11.1975,0.0069,0.0312,0.000,27.373,1.469,2.504
11.2053,0.0078,0.0352,0.000,27.405,1.469,2.491
11.2158,0.0105,0.0482,0.000,27.450,1.470,2.472
11.2239,0.0082,0.0367,0.000,27.483,1.470,2.458
11.2327,0.0088,0.0396,0.000,27.520,1.470,2.443
11.2396,0.0069,0.0307,0.000,27.549,1.471,2.431
11.2466,0.0070,0.0310,0.000,27.577,1.471,2.420
11.2551,0.0085,0.0379,0.000,27.613,1.471,2.406
11.2616,0.0065,0.0286,0.000,27.639,1.471,2.396
11.2721,0.0105,0.0475,0.000,27.684,1.472,2.379
11.2789,0.0067,0.0295,0.000,27.712,1.472,2.369
11.2854,0.0065,0.0284,0.000,27.738,1.472,2.359
11.2943,0.0090,0.0396,0.000,27.776,1.472,2.346
11.3010,0.0067,0.0289,0.000,27.803,1.472,2.336
11.3078,0.0068,0.0294,0.000,27.831,1.472,2.326
11.3181,0.0103,0.0454,0.000,27.874,1.472,2.312
11.3256,0.0075,0.0325,0.000,27.904,1.473,2.302
11.3337,0.0081,0.0348,0.000,27.938,1.473,2.291
11.3416,0.0079,0.0339,0.000,27.970,1.473,2.281
11.3497,0.0082,0.0350,0.000,28.003,1.473,2.270
11.3555,0.0057,0.0242,0.000,28.026,1.473,2.263
11.3623,0.0068,0.0290,0.000,28.054,1.473,2.255
11.3730,0.0107,0.0463,0.000,28.099,1.473,2.242
11.3796,0.0066,0.0278,0.000,28.125,1.473,2.234
11.3874,0.0078,0.0330,0.000,28.157,1.473,2.225
11.3961,0.0087,0.0371,0.000,28.193,1.473,2.216
11.4057,0.0095,0.0405,0.000,28.232,1.473,2.205
11.4146,0.0089,0.0375,0.000,28.268,1.473,2.196
11.4225,0.0079,0.0331,0.000,28.300,1.473,2.188
11.4336,0.0111,0.0472,0.000,28.346,1.473,2.177
11.4432,0.0095,0.0399,0.000,28.385,1.473,2.167
11.4528,0.0096,0.0403,0.000,28.424,1.473,2.158
11.4597,0.0069,0.0283,0.000,28.452,1.473,2.152
11.5899,0.1301,0.5698,0.432,29.007,1.470,2.022
11.6364,0.0465,0.1686,0.000,29.173,1.468,1.995
11.6549,0.0186,0.0571,0.000,29.229,1.468,1.986
11.6656,0.0107,0.0321,0.000,29.261,1.467,1.981
11.6733,0.0077,0.0235,0.000,29.284,1.467,1.978
11.6847,0.0113,0.0364,0.000,29.320,1.466,1.973
11.6934,0.0087,0.0280,0.000,29.348,1.466,1.969
11.7032,0.0099,0.0327,0.000,29.381,1.466,1.965
11.7100,0.0068,0.0225,0.000,29.403,1.465,1.962
11.7182,0.0082,0.0276,0.000,29.430,1.465,1.958
11.7281,0.0098,0.0342,0.000,29.464,1.465,1.954
11.7348,0.0067,0.0231,0.000,29.487,1.464,1.951
11.7454,0.0106,0.0379,0.000,29.525,1.464,1.947
11.7523,0.0068,0.0239,0.000,29.548,1.463,1.944
11.7623,0.0100,0.0363,0.000,29.584,1.463,1.939
11.7703,0.0080,0.0289,0.000,29.613,1.463,1.936
11.7780,0.0076,0.0275,0.000,29.640,1.462,1.932
11.7873,0.0093,0.0344,0.000,29.674,1.462,1.928
11.7993,0.0120,0.0451,0.000,29.719,1.461,1.923
11.8105,0.0112,0.0421,0.000,29.761,1.460,1.918
11.8185,0.0081,0.0298,0.000,29.790,1.460,1.914
11.8296,0.0111,0.0420,0.000,29.832,1.459,1.909
11.8368,0.0072,0.0266,0.000,29.858,1.459,1.906
11.8458,0.0089,0.0335,0.000,29.892,1.458,1.901
11.8534,0.0077,0.0286,0.000,29.920,1.458,1.898
11.8627,0.0093,0.0350,0.000,29.955,1.457,1.893
11.8698,0.0071,0.0264,0.000,29.981,1.457,1.890
11.8767,0.0069,0.0260,0.000,30.007,1.456,1.886
11.8856,0.0089,0.0337,0.000,30.040,1.456,1.882
11.8922,0.0066,0.0247,0.000,30.065,1.455,1.878
11.9013,0.0091,0.0350,0.000,30.099,1.455,1.874
11.9085,0.0073,0.0275,0.000,30.127,1.455,1.870
11.9158,0.0073,0.0277,0.000,30.154,1.455,1.866
11.9257,0.0099,0.0382,0.000,30.192,1.454,1.861
11.9339,0.0082,0.0313,0.000,30.223,1.454,1.856
11.9429,0.0089,0.0344,0.000,30.257,1.454,1.851
11.9504,0.0076,0.0289,0.000,30.285,1.454,1.847
11.9567,0.0063,0.0236,0.000,30.309,1.454,1.844
11.9660,0.0093,0.0360,0.000,30.344,1.454,1.838
11.9728,0.0068,0.0259,0.000,30.370,1.454,1.834
11.9835,0.0107,0.0416,0.000,30.411,1.454,1.828
11.9904,0.0069,0.0263,0.000,30.437,1.454,1.824
11.9979,0.0075,0.0287,0.000,30.465,1.455,1.820
12.0068,0.0089,0.0347,0.000,30.500,1.455,1.814
12.0165,0.0097,0.0378,0.000,30.537,1.455,1.808
12.0277,0.0111,0.0438,0.000,30.580,1.456,1.801
12.0359,0.0082,0.0315,0.000,30.611,1.456,1.796
12.0446,0.0088,0.0338,0.000,30.645,1.456,1.791
12.0526,0.0079,0.0305,0.000,30.675,1.457,1.786
12.0619,0.0094,0.0364,0.000,30.711,1.457,1.780
12.0684,0.0065,0.0248,0.000,30.735,1.457,1.776
12.0754,0.0070,0.0268,0.000,30.762,1.458,1.771
12.0833,0.0078,0.0302,0.000,30.791,1.458,1.766
12.0905,0.0073,0.0279,0.000,30.819,1.458,1.761
12.0974,0.0069,0.0264,0.000,30.845,1.458,1.757
12.1061,0.0087,0.0339,0.000,30.878,1.459,1.751
12.1125,0.0064,0.0245,0.000,30.903,1.459,1.747
12.1227,0.0102,0.0402,0.000,30.942,1.459,1.740
12.1302,0.0074,0.0286,0.000,30.970,1.459,1.736
12.1365,0.0064,0.0244,0.000,30.994,1.459,1.731
12.1459,0.0094,0.0367,0.000,31.031,1.459,1.725
12.1532,0.0073,0.0283,0.000,31.058,1.459,1.721
12.1626,0.0093,0.0366,0.000,31.095,1.459,1.714
12.1703,0.0078,0.0301,0.000,31.124,1.459,1.709
12.1772,0.0068,0.0264,0.000,31.150,1.459,1.705
12.1861,0.0089,0.0349,0.000,31.185,1.459,1.699
12.1941,0.0080,0.0309,0.000,31.215,1.459,1.694
12.2036,0.0095,0.0374,0.000,31.252,1.458,1.688
12.2105,0.0070,0.0268,0.000,31.278,1.458,1.684
12.2180,0.0075,0.0289,0.000,31.307,1.458,1.679
12.2275,0.0095,0.0374,0.000,31.344,1.458,1.673
12.2344,0.0069,0.0268,0.000,31.370,1.458,1.669
12.2435,0.0091,0.0357,0.000,31.406,1.457,1.663
12.2501,0.0066,0.0255,0.000,31.431,1.457,1.659
12.2566,0.0065,0.0250,0.000,31.455,1.457,1.655
12.2662,0.0096,0.0382,0.000,31.493,1.457,1.649
12.2729,0.0067,0.0261,0.000,31.519,1.457,1.645
12.2815,0.0086,0.0338,0.000,31.552,1.456,1.640
12.2896,0.0082,0.0321,0.000,31.584,1.456,1.635
12.2962,0.0065,0.0254,0.000,31.609,1.456,1.631
12.3039,0.0078,0.0305,0.000,31.639,1.456,1.626
12.3122,0.0083,0.0327,0.000,31.672,1.455,1.621
12.3214,0.0092,0.0368,0.000,31.708,1.455,1.616
12.3287,0.0073,0.0285,0.000,31.736,1.455,1.612
12.3357,0.0070,0.0273,0.000,31.763,1.454,1.608
12.3441,0.0085,0.0336,0.000,31.797,1.454,1.603
12.3515,0.0074,0.0294,0.000,31.826,1.454,1.599
12.3609,0.0093,0.0374,0.000,31.863,1.453,1.594
12.3674,0.0065,0.0255,0.000,31.888,1.453,1.590
12.3739,0.0065,0.0257,0.000,31.913,1.453,1.586
12.3830,0.0091,0.0366,0.000,31.950,1.452,1.581
12.3902,0.0072,0.0286,0.000,31.978,1.452,1.578
12.3964,0.0063,0.0247,0.000,32.002,1.451,1.574
12.4060,0.0096,0.0388,0.000,32.041,1.451,1.569
12.4134,0.0074,0.0296,0.000,32.070,1.450,1.565
12.4230,0.0095,0.0386,0.000,32.108,1.450,1.560
12.4317,0.0088,0.0353,0.000,32.143,1.449,1.556
12.4416,0.0098,0.0401,0.000,32.183,1.449,1.551
12.4496,0.0080,0.0322,0.000,32.215,1.448,1.547
12.4567,0.0071,0.0286,0.000,32.243,1.448,1.543
12.4663,0.0095,0.0389,0.000,32.282,1.448,1.539
12.4739,0.0077,0.0308,0.000,32.313,1.447,1.535
12.4836,0.0097,0.0395,0.000,32.352,1.447,1.530
12.4925,0.0089,0.0362,0.000,32.388,1.446,1.526
12.5019,0.0094,0.0384,0.000,32.426,1.446,1.522
12.5114,0.0096,0.0392,0.000,32.465,1.445,1.518
12.5235,0.0121,0.0502,0.000,32.515,1.445,1.512
12.5317,0.0082,0.0330,0.000,32.548,1.445,1.509
12.5418,0.0101,0.0417,0.000,32.589,1.444,1.505
12.5492,0.0073,0.0295,0.000,32.618,1.444,1.502
12.5563,0.0071,0.0286,0.000,32.647,1.444,1.499
12.5666,0.0103,0.0424,0.000,32.689,1.443,1.495
12.5737,0.0071,0.0286,0.000,32.718,1.443,1.493
12.5821,0.0084,0.0342,0.000,32.752,1.443,1.490
12.5906,0.0085,0.0347,0.000,32.786,1.442,1.487
12.5976,0.0071,0.0286,0.000,32.815,1.442,1.485
12.6062,0.0086,0.0352,0.000,32.850,1.442,1.482
12.6139,0.0076,0.0309,0.000,32.881,1.441,1.480
12.6223,0.0084,0.0344,0.000,32.915,1.441,1.477
12.6293,0.0070,0.0282,0.000,32.943,1.441,1.476
12.6379,0.0086,0.0352,0.000,32.978,1.440,1.473
12.6466,0.0087,0.0357,0.000,33.014,1.440,1.471
12.6548,0.0083,0.0336,0.000,33.048,1.440,1.470
12.6643,0.0095,0.0390,0.000,33.086,1.439,1.468
12.6719,0.0075,0.0304,0.000,33.117,1.439,1.466
12.6815,0.0096,0.0396,0.000,33.156,1.439,1.465
12.6897,0.0082,0.0334,0.000,33.190,1.439,1.463
12.6962,0.0065,0.0259,0.000,33.216,1.439,1.462
12.7050,0.0088,0.0360,0.000,33.252,1.438,1.461
12.7123,0.0072,0.0291,0.000,33.281,1.438,1.460
12.7352,0.0230,0.1008,0.000,33.381,1.438,1.459
12.7527,0.0175,0.0727,0.000,33.454,1.439,1.458
12.7694,0.0168,0.0688,0.000,33.523,1.439,1.458
12.7781,0.0086,0.0333,0.000,33.556,1.440,1.458
12.7879,0.0099,0.0388,0.000,33.595,1.440,1.458
12.7967,0.0088,0.0343,0.000,33.629,1.441,1.458
12.8071,0.0104,0.0416,0.000,33.671,1.441,1.459
12.8149,0.0078,0.0303,0.000,33.701,1.442,1.459
12.8242,0.0093,0.0367,0.000,33.738,1.442,1.460
12.8323,0.0082,0.0323,0.000,33.770,1.443,1.461
12.8434,0.0111,0.0446,0.000,33.815,1.444,1.462
12.8525,0.0090,0.0360,0.000,33.851,1.444,1.464
12.8630,0.0106,0.0427,0.000,33.893,1.445,1.465
12.8715,0.0084,0.0335,0.000,33.927,1.446,1.467
12.8830,0.0115,0.0470,0.000,33.974,1.446,1.469
12.8918,0.0088,0.0352,0.000,34.009,1.447,1.470
12.9046,0.0128,0.0527,0.000,34.062,1.447,1.473
12.9162,0.0116,0.0471,0.000,34.109,1.448,1.476
12.9283,0.0121,0.0492,0.000,34.158,1.448,1.479
12.9374,0.0091,0.0362,0.000,34.194,1.449,1.481
12.9495,0.0121,0.0494,0.000,34.243,1.449,1.484
12.9594,0.0098,0.0394,0.000,34.282,1.449,1.487
12.9721,0.0127,0.0520,0.000,34.334,1.450,1.491
12.9872,0.0151,0.0626,0.000,34.397,1.450,1.496
12.9956,0.0084,0.0329,0.000,34.430,1.450,1.498
13.0044,0.0088,0.0348,0.000,34.464,1.450,1.501
13.0127,0.0083,0.0328,0.000,34.497,1.450,1.504
13.0223,0.0096,0.0382,0.000,34.535,1.450,1.507
13.0292,0.0069,0.0272,0.000,34.562,1.450,1.509
13.0372,0.0080,0.0317,0.000,34.594,1.450,1.512
13.0465,0.0093,0.0374,0.000,34.631,1.450,1.516
13.0545,0.0080,0.0317,0.000,34.662,1.450,1.519
13.0643,0.0098,0.0395,0.000,34.702,1.450,1.522
13.0730,0.0087,0.0348,0.000,34.736,1.450,1.526
13.0834,0.0104,0.0420,0.000,34.778,1.450,1.530
13.0910,0.0076,0.0303,0.000,34.808,1.450,1.533
13.0977,0.0067,0.0265,0.000,34.835,1.450,1.536
13.1064,0.0087,0.0350,0.000,34.869,1.450,1.540
13.1151,0.0087,0.0350,0.000,34.904,1.450,1.543
13.1240,0.0088,0.0356,0.000,34.940,1.449,1.547
13.1313,0.0074,0.0294,0.000,34.969,1.449,1.550
13.1407,0.0094,0.0380,0.000,35.007,1.449,1.555
13.1475,0.0067,0.0268,0.000,35.033,1.449,1.558
13.1545,0.0071,0.0282,0.000,35.061,1.449,1.561
13.1641,0.0095,0.0387,0.000,35.100,1.448,1.566
13.1713,0.0072,0.0288,0.000,35.128,1.448,1.569
13.1808,0.0095,0.0387,0.000,35.167,1.448,1.574
13.1877,0.0069,0.0275,0.000,35.194,1.448,1.577
13.1948,0.0071,0.0284,0.000,35.222,1.447,1.580
13.2024,0.0076,0.0303,0.000,35.252,1.447,1.584
13.2111,0.0088,0.0355,0.000,35.287,1.447,1.588
13.2189,0.0078,0.0313,0.000,35.318,1.447,1.592
13.2278,0.0088,0.0356,0.000,35.354,1.447,1.597
13.2354,0.0076,0.0305,0.000,35.384,1.447,1.600
13.2447,0.0093,0.0377,0.000,35.421,1.447,1.605
13.2518,0.0072,0.0286,0.000,35.450,1.447,1.609
13.2617,0.0098,0.0401,0.000,35.490,1.447,1.614
13.2691,0.0074,0.0295,0.000,35.519,1.447,1.617
13.2761,0.0071,0.0281,0.000,35.547,1.447,1.621
13.2856,0.0095,0.0384,0.000,35.585,1.447,1.626
13.2952,0.0096,0.0386,0.000,35.623,1.447,1.631
13.3061,0.0109,0.0444,0.000,35.667,1.447,1.636
13.3163,0.0102,0.0412,0.000,35.708,1.447,1.641
13.3280,0.0117,0.0476,0.000,35.755,1.448,1.647
13.3373,0.0093,0.0375,0.000,35.793,1.448,1.652
13.3490,0.0116,0.0473,0.000,35.840,1.448,1.657
13.3576,0.0087,0.0345,0.000,35.874,1.448,1.661
13.3677,0.0100,0.0403,0.000,35.914,1.448,1.666
13.3759,0.0083,0.0327,0.000,35.946,1.448,1.670
13.3865,0.0106,0.0426,0.000,35.989,1.448,1.675
13.3964,0.0099,0.0398,0.000,36.028,1.448,1.679
13.4087,0.0123,0.0500,0.000,36.078,1.448,1.685
13.4177,0.0090,0.0358,0.000,36.113,1.448,1.689
13.4286,0.0109,0.0438,0.000,36.157,1.448,1.693
13.4374,0.0088,0.0347,0.000,36.191,1.448,1.697
13.4469,0.0095,0.0379,0.000,36.229,1.449,1.700
13.4550,0.0081,0.0321,0.000,36.261,1.449,1.704
13.4656,0.0106,0.0423,0.000,36.303,1.449,1.708
13.4751,0.0095,0.0379,0.000,36.341,1.449,1.711
13.4886,0.0135,0.0550,0.000,36.396,1.449,1.716
13.4988,0.0102,0.0406,0.000,36.436,1.450,1.719
13.5090,0.0101,0.0403,0.000,36.476,1.450,1.723
13.5191,0.0101,0.0402,0.000,36.516,1.450,1.726
13.5301,0.0110,0.0440,0.000,36.560,1.451,1.729
13.5387,0.0086,0.0338,0.000,36.594,1.451,1.731
13.5497,0.0110,0.0442,0.000,36.638,1.452,1.734
13.5594,0.0096,0.0382,0.000,36.676,1.452,1.736
13.5704,0.0110,0.0442,0.000,36.720,1.453,1.739
13.5794,0.0090,0.0357,0.000,36.756,1.453,1.741
13.5916,0.0122,0.0496,0.000,36.806,1.453,1.743
13.6041,0.0125,0.0507,0.000,36.856,1.454,1.746
13.6132,0.0091,0.0360,0.000,36.892,1.454,1.747
13.6260,0.0128,0.0520,0.000,36.944,1.454,1.749
13.6342,0.0082,0.0321,0.000,36.976,1.454,1.750
13.6455,0.0114,0.0457,0.000,37.022,1.454,1.751
13.6543,0.0088,0.0348,0.000,37.057,1.454,1.752
13.6650,0.0107,0.0428,0.000,37.099,1.454,1.753
13.6750,0.0100,0.0399,0.000,37.139,1.454,1.753
13.6887,0.0137,0.0561,0.000,37.195,1.453,1.754
13.6987,0.0100,0.0399,0.000,37.235,1.453,1.754
13.7079,0.0092,0.0364,0.000,37.272,1.453,1.754
13.7159,0.0080,0.0314,0.000,37.303,1.452,1.754
13.7245,0.0086,0.0339,0.000,37.337,1.452,1.754
13.7313,0.0068,0.0267,0.000,37.364,1.452,1.754
13.7409,0.0096,0.0386,0.000,37.402,1.452,1.753
13.7469,0.0059,0.0231,0.000,37.425,1.451,1.753
13.7541,0.0073,0.0287,0.000,37.454,1.451,1.752
13.7640,0.0099,0.0398,0.000,37.494,1.451,1.751
13.7712,0.0072,0.0286,0.000,37.522,1.451,1.750
13.7800,0.0087,0.0349,0.000,37.557,1.450,1.749
13.7874,0.0075,0.0296,0.000,37.587,1.450,1.748
13.7951,0.0077,0.0305,0.000,37.617,1.450,1.747
13.8029,0.0078,0.0311,0.000,37.648,1.450,1.745
13.8109,0.0080,0.0317,0.000,37.680,1.449,1.744
13.8180,0.0071,0.0282,0.000,37.708,1.449,1.742
13.8274,0.0094,0.0379,0.000,37.746,1.449,1.740
13.8360,0.0087,0.0347,0.000,37.781,1.449,1.737
13.8453,0.0092,0.0370,0.000,37.818,1.448,1.735
13.8537,0.0084,0.0337,0.000,37.851,1.448,1.732
13.8642,0.0105,0.0424,0.000,37.893,1.448,1.729
13.8725,0.0083,0.0331,0.000,37.926,1.448,1.726
13.8849,0.0124,0.0505,0.000,37.977,1.448,1.721
13.8940,0.0091,0.0362,0.000,38.013,1.448,1.718
13.9036,0.0096,0.0385,0.000,38.051,1.448,1.714
13.9128,0.0092,0.0366,0.000,38.087,1.448,1.710
13.9225,0.0097,0.0389,0.000,38.126,1.448,1.705
13.9300,0.0075,0.0295,0.000,38.155,1.448,1.702
13.9364,0.0064,0.0249,0.000,38.180,1.449,1.699
13.9460,0.0096,0.0382,0.000,38.218,1.449,1.694
13.9524,0.0064,0.0252,0.000,38.243,1.449,1.691
13.9620,0.0096,0.0385,0.000,38.281,1.450,1.686
13.9709,0.0088,0.0352,0.000,38.316,1.450,1.681
13.9783,0.0074,0.0292,0.000,38.345,1.451,1.677
13.9869,0.0086,0.0344,0.000,38.379,1.451,1.672
14.0018,0.0148,0.0616,0.000,38.440,1.452,1.662
14.0176,0.0159,0.0658,0.000,38.505,1.453,1.652
14.0390,0.0214,0.0899,0.000,38.588,1.455,1.619
14.0544,0.0155,0.0624,0.000,38.650,1.456,1.608
14.0675,0.0131,0.0522,0.000,38.701,1.456,1.599
14.0788,0.0112,0.0442,0.000,38.745,1.457,1.591
14.0909,0.0121,0.0480,0.000,38.792,1.457,1.582
14.0989,0.0080,0.0306,0.000,38.822,1.457,1.577
14.1095,0.0106,0.0419,0.000,38.863,1.458,1.569
14.1184,0.0089,0.0347,0.000,38.897,1.458,1.563
14.1289,0.0105,0.0415,0.000,38.938,1.458,1.555
14.1377,0.0088,0.0347,0.000,38.972,1.459,1.548
14.1489,0.0112,0.0446,0.000,39.016,1.459,1.540
14.1570,0.0080,0.0313,0.000,39.047,1.459,1.534
14.1680,0.0110,0.0441,0.000,39.090,1.459,1.525
14.1772,0.0092,0.0364,0.000,39.126,1.460,1.519
14.1884,0.0112,0.0450,0.000,39.170,1.460,1.510
14.1974,0.0090,0.0355,0.000,39.205,1.460,1.503
14.2099,0.0125,0.0509,0.000,39.255,1.461,1.494
14.2180,0.0081,0.0318,0.000,39.286,1.461,1.488
14.2289,0.0109,0.0439,0.000,39.329,1.461,1.479
14.2373,0.0084,0.0333,0.000,39.362,1.462,1.473
14.2481,0.0107,0.0433,0.000,39.404,1.462,1.465
14.2565,0.0085,0.0337,0.000,39.437,1.463,1.459
14.2674,0.0108,0.0439,0.000,39.480,1.463,1.451
14.2757,0.0084,0.0333,0.000,39.513,1.464,1.445
14.2856,0.0099,0.0398,0.000,39.552,1.464,1.438
14.2946,0.0090,0.0361,0.000,39.588,1.465,1.431
14.3057,0.0111,0.0451,0.000,39.632,1.465,1.423
14.3171,0.0113,0.0463,0.000,39.678,1.466,1.415
14.3323,0.0153,0.0640,0.000,39.741,1.466,1.404
14.3451,0.0128,0.0524,0.000,39.792,1.466,1.396
14.3544,0.0093,0.0373,0.000,39.829,1.466,1.390
14.3678,0.0134,0.0556,0.000,39.884,1.466,1.381
14.3789,0.0111,0.0450,0.000,39.929,1.466,1.373
14.4026,0.0237,0.1028,0.000,40.027,1.464,1.342
14.4242,0.0216,0.0918,0.000,40.117,1.461,1.329
14.4389,0.0146,0.0589,0.000,40.176,1.459,1.320
14.4527,0.0138,0.0557,0.000,40.231,1.458,1.312
14.4658,0.0130,0.0523,0.000,40.282,1.456,1.305
14.4745,0.0087,0.0340,0.000,40.316,1.454,1.301
14.4856,0.0111,0.0445,0.000,40.360,1.452,1.295
14.4957,0.0101,0.0403,0.000,40.400,1.450,1.290
14.5071,0.0115,0.0464,0.000,40.446,1.448,1.285
14.5154,0.0083,0.0330,0.000,40.479,1.446,1.281
14.5257,0.0103,0.0416,0.000,40.520,1.444,1.277
14.5350,0.0092,0.0374,0.000,40.557,1.442,1.273
14.5457,0.0108,0.0443,0.000,40.601,1.439,1.268
14.5542,0.0084,0.0341,0.000,40.635,1.437,1.264
14.5664,0.0123,0.0515,0.000,40.686,1.433,1.259
14.5762,0.0098,0.0404,0.000,40.726,1.430,1.256
14.5891,0.0129,0.0546,0.000,40.781,1.426,1.251
14.5984,0.0093,0.0384,0.000,40.819,1.423,1.247
14.6097,0.0113,0.0477,0.000,40.866,1.419,1.243
14.6197,0.0100,0.0415,0.000,40.907,1.416,1.239
14.6308,0.0111,0.0467,0.000,40.954,1.412,1.235
14.6459,0.0151,0.0650,0.000,41.018,1.407,1.229
14.6617,0.0158,0.0686,0.000,41.086,1.402,1.223
14.6762,0.0145,0.0623,0.000,41.148,1.398,1.217
14.6893,0.0131,0.0558,0.000,41.204,1.394,1.212
14.6987,0.0093,0.0388,0.000,41.242,1.391,1.208
14.7091,0.0105,0.0442,0.000,41.286,1.388,1.204
14.7178,0.0087,0.0363,0.000,41.322,1.386,1.201
14.7286,0.0108,0.0459,0.000,41.368,1.383,1.196
14.7375,0.0089,0.0375,0.000,41.405,1.381,1.193
14.7468,0.0093,0.0397,0.000,41.444,1.378,1.189
14.7550,0.0082,0.0347,0.000,41.479,1.376,1.186
14.7639,0.0089,0.0381,0.000,41.517,1.374,1.182
14.7719,0.0081,0.0345,0.000,41.551,1.372,1.178
14.7835,0.0116,0.0509,0.000,41.601,1.369,1.173
14.7918,0.0083,0.0356,0.000,41.637,1.367,1.169
14.8017,0.0099,0.0435,0.000,41.680,1.364,1.165
14.8096,0.0079,0.0340,0.000,41.714,1.362,1.161
14.8180,0.0084,0.0364,0.000,41.750,1.361,1.157
14.8312,0.0132,0.0595,0.000,41.809,1.358,1.151
14.8443,0.0130,0.0582,0.000,41.867,1.356,1.144
14.8521,0.0078,0.0335,0.000,41.900,1.354,1.141
14.8630,0.0109,0.0479,0.000,41.947,1.353,1.135
14.8712,0.0082,0.0355,0.000,41.983,1.352,1.131
14.8804,0.0092,0.0400,0.000,42.022,1.351,1.126
14.8876,0.0072,0.0310,0.000,42.053,1.350,1.123
14.8969,0.0093,0.0404,0.000,42.093,1.350,1.118
14.9072,0.0103,0.0454,0.000,42.138,1.349,1.112
14.9157,0.0085,0.0369,0.000,42.175,1.349,1.108
14.9273,0.0116,0.0513,0.000,42.226,1.349,1.101
14.9361,0.0088,0.0382,0.000,42.264,1.349,1.097
14.9463,0.0102,0.0447,0.000,42.308,1.349,1.091
14.9550,0.0086,0.0374,0.000,42.345,1.349,1.086
14.9634,0.0084,0.0365,0.000,42.381,1.350,1.081
14.9707,0.0073,0.0316,0.000,42.413,1.350,1.077
14.9779,0.0072,0.0311,0.000,42.444,1.350,1.073
14.9911,0.0132,0.0593,0.000,42.502,1.351,1.065
15.0004,0.0093,0.0405,0.000,42.542,1.352,1.059
15.0130,0.0126,0.0561,0.000,42.598,1.353,1.051
15.0280,0.0150,0.0682,0.000,42.665,1.354,1.042
15.0398,0.0118,0.0523,0.000,42.717,1.355,1.034
15.0523,0.0125,0.0555,0.000,42.772,1.356,1.026
15.0676,0.0153,0.0692,0.000,42.841,1.357,1.016
15.0786,0.0110,0.0483,0.000,42.888,1.359,1.009
15.0912,0.0126,0.0558,0.000,42.944,1.360,1.001
15.1048,0.0136,0.0603,0.000,43.003,1.361,0.992
15.1141,0.0093,0.0402,0.000,43.043,1.362,0.986
15.1240,0.0099,0.0428,0.000,43.085,1.364,0.980
15.1313,0.0073,0.0312,0.000,43.116,1.365,0.975
15.1412,0.0098,0.0427,0.000,43.158,1.366,0.969
15.1493,0.0082,0.0350,0.000,43.193,1.367,0.964
15.1576,0.0083,0.0357,0.000,43.228,1.368,0.959
15.1692,0.0116,0.0510,0.000,43.279,1.370,0.951
15.1773,0.0081,0.0347,0.000,43.313,1.372,0.946
15.1872,0.0099,0.0430,0.000,43.355,1.373,0.940
15.1967,0.0095,0.0410,0.000,43.396,1.375,0.934
15.2072,0.0105,0.0458,0.000,43.441,1.377,0.927
15.2150,0.0078,0.0335,0.000,43.474,1.378,0.922
15.2239,0.0089,0.0382,0.000,43.512,1.380,0.917
15.2337,0.0098,0.0425,0.000,43.554,1.382,0.911
15.2434,0.0097,0.0421,0.000,43.596,1.384,0.905
15.2530,0.0096,0.0413,0.000,43.636,1.386,0.899
15.2634,0.0103,0.0447,0.000,43.681,1.389,0.893
15.2718,0.0085,0.0361,0.000,43.716,1.390,0.888
15.2822,0.0104,0.0448,0.000,43.761,1.393,0.882
15.2906,0.0084,0.0355,0.000,43.796,1.394,0.877
15.2986,0.0080,0.0339,0.000,43.829,1.396,0.872
15.3075,0.0089,0.0381,0.000,43.867,1.398,0.867
15.3157,0.0082,0.0346,0.000,43.901,1.399,0.863
15.3244,0.0087,0.0369,0.000,43.938,1.401,0.858
15.3320,0.0076,0.0322,0.000,43.970,1.402,0.854
15.3421,0.0101,0.0434,0.000,44.013,1.404,0.848
15.3498,0.0077,0.0326,0.000,44.045,1.405,0.844
15.3569,0.0070,0.0294,0.000,44.074,1.406,0.840
15.3680,0.0111,0.0478,0.000,44.122,1.407,0.834
15.3754,0.0074,0.0309,0.000,44.152,1.408,0.830
15.3840,0.0087,0.0365,0.000,44.189,1.409,0.826
15.3928,0.0088,0.0369,0.000,44.225,1.411,0.821
15.4037,0.0109,0.0462,0.000,44.271,1.412,0.816
15.4108,0.0071,0.0292,0.000,44.300,1.413,0.812
15.4195,0.0087,0.0362,0.000,44.336,1.414,0.808
15.4318,0.0123,0.0525,0.000,44.388,1.415,0.802
15.4448,0.0130,0.0550,0.000,44.443,1.417,0.796
15.4548,0.0100,0.0413,0.000,44.484,1.418,0.791
15.4663,0.0115,0.0479,0.000,44.531,1.419,0.786
15.4759,0.0096,0.0392,0.000,44.570,1.420,0.782
15.4865,0.0106,0.0437,0.000,44.614,1.421,0.777
15.4956,0.0091,0.0370,0.000,44.651,1.423,0.773
15.5055,0.0098,0.0401,0.000,44.690,1.424,0.769
15.5147,0.0093,0.0375,0.000,44.728,1.425,0.766
15.5258,0.0111,0.0454,0.000,44.773,1.426,0.761
15.5343,0.0085,0.0342,0.000,44.807,1.427,0.758
15.5452,0.0109,0.0442,0.000,44.851,1.429,0.754
15.5538,0.0086,0.0342,0.000,44.885,1.430,0.751
15.5655,0.0117,0.0479,0.000,44.933,1.431,0.747
15.5751,0.0096,0.0383,0.000,44.971,1.432,0.743
15.5857,0.0106,0.0428,0.000,45.013,1.433,0.740
15.5942,0.0085,0.0337,0.000,45.047,1.434,0.737
15.6059,0.0117,0.0475,0.000,45.094,1.436,0.733
15.6145,0.0085,0.0336,0.000,45.128,1.436,0.731
15.6244,0.0099,0.0396,0.000,45.167,1.437,0.728
15.6334,0.0090,0.0357,0.000,45.203,1.438,0.725
15.6448,0.0114,0.0460,0.000,45.249,1.439,0.722
15.6547,0.0098,0.0389,0.000,45.288,1.440,0.720
15.6642,0.0096,0.0379,0.000,45.326,1.440,0.717
15.6725,0.0082,0.0323,0.000,45.358,1.441,0.715
15.6816,0.0091,0.0359,0.000,45.394,1.441,0.713
15.6893,0.0077,0.0301,0.000,45.424,1.442,0.712
15.6964,0.0071,0.0275,0.000,45.451,1.442,0.710
15.7060,0.0097,0.0384,0.000,45.490,1.443,0.708
15.7141,0.0081,0.0317,0.000,45.521,1.443,0.707
15.7236,0.0095,0.0376,0.000,45.559,1.443,0.705
15.7307,0.0071,0.0275,0.000,45.586,1.444,0.704
15.7387,0.0079,0.0310,0.000,45.617,1.444,0.703
15.7501,0.0115,0.0458,0.000,45.663,1.445,0.701
15.7585,0.0083,0.0324,0.000,45.695,1.445,0.700
15.7687,0.0103,0.0406,0.000,45.736,1.445,0.699
15.7768,0.0081,0.0316,0.000,45.768,1.446,0.698
15.7857,0.0089,0.0347,0.000,45.802,1.446,0.697
15.7927,0.0070,0.0270,0.000,45.829,1.446,0.697
15.8024,0.0097,0.0380,0.000,45.867,1.447,0.696
15.8100,0.0076,0.0296,0.000,45.897,1.447,0.695
15.8175,0.0075,0.0290,0.000,45.926,1.447,0.695
15.8273,0.0098,0.0389,0.000,45.965,1.447,0.695
15.8349,0.0076,0.0295,0.000,45.994,1.447,0.694
15.8435,0.0086,0.0335,0.000,46.028,1.448,0.694
15.8511,0.0076,0.0295,0.000,46.057,1.448,0.694
15.8579,0.0068,0.0263,0.000,46.084,1.448,0.694
15.8680,0.0101,0.0399,0.000,46.124,1.448,0.694
15.8767,0.0088,0.0344,0.000,46.158,1.448,0.695
15.8892,0.0125,0.0503,0.000,46.208,1.447,0.695
15.8975,0.0082,0.0320,0.000,46.240,1.447,0.695
15.9062,0.0087,0.0342,0.000,46.274,1.447,0.696
15.9141,0.0079,0.0306,0.000,46.305,1.447,0.696
15.9231,0.0091,0.0356,0.000,46.341,1.447,0.697
15.9303,0.0072,0.0279,0.000,46.369,1.447,0.698
15.9379,0.0076,0.0295,0.000,46.398,1.447,0.698
15.9480,0.0101,0.0399,0.000,46.438,1.446,0.699
15.9560,0.0080,0.0314,0.000,46.469,1.446,0.700
15.9662,0.0101,0.0401,0.000,46.509,1.446,0.702
15.9760,0.0099,0.0388,0.000,46.548,1.446,0.703
15.9891,0.0131,0.0525,0.000,46.600,1.445,0.705
15.9974,0.0083,0.0323,0.000,46.633,1.445,0.706
16.0089,0.0115,0.0457,0.000,46.678,1.445,0.708
16.0170,0.0081,0.0314,0.000,46.710,1.445,0.710
16.0265,0.0095,0.0372,0.000,46.747,1.445,0.712
16.0344,0.0079,0.0306,0.000,46.777,1.444,0.713
16.0431,0.0087,0.0338,0.000,46.811,1.444,0.715
16.0507,0.0076,0.0297,0.000,46.841,1.444,0.717
16.0578,0.0071,0.0276,0.000,46.868,1.444,0.719
16.0687,0.0109,0.0434,0.000,46.912,1.444,0.722
16.0765,0.0078,0.0303,0.000,46.942,1.444,0.724
16.0870,0.0105,0.0419,0.000,46.984,1.443,0.727
16.0945,0.0075,0.0292,0.000,47.013,1.443,0.729
16.1027,0.0082,0.0322,0.000,47.045,1.443,0.731
16.1103,0.0076,0.0298,0.000,47.075,1.443,0.734
16.1184,0.0081,0.0316,0.000,47.106,1.443,0.737
16.1303,0.0120,0.0482,0.000,47.154,1.442,0.741
16.1400,0.0096,0.0381,0.000,47.192,1.442,0.744
16.1495,0.0095,0.0375,0.000,47.229,1.442,0.748
16.1585,0.0090,0.0356,0.000,47.265,1.442,0.751
16.1697,0.0112,0.0448,0.000,47.309,1.441,0.756
16.1776,0.0079,0.0307,0.000,47.340,1.441,0.759
16.1870,0.0095,0.0374,0.000,47.377,1.441,0.763
16.1950,0.0080,0.0313,0.000,47.408,1.441,0.767
16.2038,0.0088,0.0346,0.000,47.443,1.441,0.771
16.2109,0.0071,0.0274,0.000,47.470,1.441,0.774
16.2184,0.0075,0.0295,0.000,47.499,1.441,0.777
16.2286,0.0102,0.0405,0.000,47.539,1.441,0.782
16.2365,0.0079,0.0309,0.000,47.570,1.441,0.786
16.2460,0.0095,0.0377,0.000,47.607,1.442,0.791
16.2531,0.0071,0.0278,0.000,47.635,1.442,0.795
16.2635,0.0105,0.0419,0.000,47.676,1.442,0.800
16.2718,0.0083,0.0326,0.000,47.709,1.443,0.805
16.2814,0.0096,0.0382,0.000,47.747,1.443,0.810
16.2887,0.0073,0.0285,0.000,47.775,1.443,0.814
16.2968,0.0082,0.0324,0.000,47.807,1.444,0.819
16.3070,0.0102,0.0409,0.000,47.847,1.444,0.824
16.3144,0.0074,0.0293,0.000,47.876,1.445,0.829
16.3228,0.0084,0.0334,0.000,47.909,1.445,0.834
16.3305,0.0077,0.0303,0.000,47.939,1.445,0.838
16.3375,0.0071,0.0279,0.000,47.967,1.446,0.843
16.3471,0.0095,0.0384,0.000,48.005,1.446,0.848
16.3552,0.0081,0.0323,0.000,48.037,1.446,0.854
16.3644,0.0092,0.0369,0.000,48.073,1.446,0.859
16.3730,0.0086,0.0345,0.000,48.107,1.447,0.865
16.3826,0.0095,0.0384,0.000,48.145,1.447,0.871
16.3900,0.0074,0.0293,0.000,48.174,1.447,0.876
16.3979,0.0079,0.0316,0.000,48.205,1.447,0.881
16.4077,0.0098,0.0396,0.000,48.244,1.448,0.888
16.4151,0.0073,0.0289,0.000,48.273,1.448,0.892
16.4254,0.0104,0.0419,0.000,48.314,1.448,0.899
16.4361,0.0106,0.0429,0.000,48.356,1.448,0.907
16.4478,0.0117,0.0477,0.000,48.403,1.448,0.915
16.4559,0.0080,0.0318,0.000,48.434,1.449,0.920
16.4644,0.0086,0.0339,0.000,48.468,1.449,0.926
16.4717,0.0073,0.0289,0.000,48.496,1.449,0.931
16.4828,0.0111,0.0450,0.000,48.541,1.449,0.939
16.4921,0.0093,0.0371,0.000,48.577,1.449,0.946
16.5027,0.0106,0.0426,0.000,48.619,1.450,0.954
16.5108,0.0081,0.0320,0.000,48.650,1.450,0.960
16.5174,0.0067,0.0262,0.000,48.676,1.450,0.964
16.5262,0.0088,0.0353,0.000,48.711,1.451,0.971
16.5345,0.0082,0.0328,0.000,48.743,1.451,0.977
16.5430,0.0085,0.0340,0.000,48.776,1.451,0.983
16.5500,0.0070,0.0278,0.000,48.804,1.451,0.989
16.5582,0.0082,0.0330,0.000,48.836,1.452,0.995
16.5672,0.0089,0.0360,0.000,48.871,1.452,1.002
16.5752,0.0080,0.0318,0.000,48.903,1.452,1.008
16.5844,0.0092,0.0372,0.000,48.939,1.452,1.015
16.5914,0.0070,0.0278,0.000,48.966,1.453,1.021
16.6012,0.0097,0.0393,0.000,49.005,1.453,1.028
16.6090,0.0078,0.0310,0.000,49.035,1.453,1.034
16.6168,0.0078,0.0312,0.000,49.066,1.453,1.041
16.6257,0.0089,0.0356,0.000,49.101,1.453,1.048
16.6333,0.0076,0.0302,0.000,49.130,1.454,1.054
16.6422,0.0089,0.0355,0.000,49.165,1.454,1.061
16.6497,0.0075,0.0299,0.000,49.194,1.454,1.067
16.6572,0.0075,0.0298,0.000,49.224,1.454,1.073
16.6669,0.0097,0.0393,0.000,49.262,1.454,1.081
16.6738,0.0069,0.0271,0.000,49.289,1.455,1.087
16.6831,0.0094,0.0378,0.000,49.326,1.455,1.094
16.6905,0.0074,0.0291,0.000,49.354,1.455,1.100
16.6980,0.0075,0.0296,0.000,49.383,1.455,1.106
16.7077,0.0098,0.0394,0.000,49.422,1.456,1.115
16.7155,0.0078,0.0309,0.000,49.452,1.456,1.121
16.7243,0.0088,0.0351,0.000,49.486,1.456,1.128
16.7335,0.0092,0.0369,0.000,49.522,1.457,1.136
16.7425,0.0090,0.0361,0.000,49.558,1.457,1.143
16.7496,0.0071,0.0279,0.000,49.585,1.457,1.149
16.7569,0.0073,0.0289,0.000,49.613,1.458,1.155
16.7668,0.0098,0.0397,0.000,49.652,1.458,1.163
16.7742,0.0074,0.0295,0.000,49.681,1.459,1.169
16.7837,0.0095,0.0383,0.000,49.718,1.459,1.177
16.7912,0.0075,0.0296,0.000,49.747,1.460,1.183
16.8008,0.0096,0.0386,0.000,49.785,1.460,1.191
16.8079,0.0071,0.0278,0.000,49.812,1.460,1.197
16.8152,0.0073,0.0288,0.000,49.840,1.460,1.203
16.8239,0.0087,0.0346,0.000,49.874,1.461,1.210
16.8319,0.0080,0.0316,0.000,49.905,1.461,1.216
16.8418,0.0099,0.0397,0.000,49.944,1.461,1.224
16.8506,0.0089,0.0352,0.000,49.978,1.461,1.231
16.8583,0.0077,0.0302,0.000,50.008,1.462,1.238
16.8682,0.0099,0.0393,0.000,50.046,1.462,1.245
16.8754,0.0072,0.0281,0.000,50.074,1.462,1.251
16.8840,0.0086,0.0340,0.000,50.107,1.462,1.258
16.8914,0.0074,0.0290,0.000,50.136,1.462,1.263
16.9016,0.0102,0.0407,0.000,50.176,1.463,1.271
16.9091,0.0075,0.0291,0.000,50.204,1.463,1.277
16.9155,0.0065,0.0250,0.000,50.229,1.463,1.282
16.9241,0.0085,0.0335,0.000,50.262,1.463,1.288
16.9331,0.0090,0.0356,0.000,50.297,1.463,1.295
16.9433,0.0102,0.0403,0.000,50.336,1.464,1.303
16.9521,0.0089,0.0348,0.000,50.370,1.464,1.309
16.9624,0.0103,0.0408,0.000,50.410,1.464,1.317
16.9704,0.0079,0.0307,0.000,50.441,1.464,1.323
16.9778,0.0075,0.0289,0.000,50.469,1.465,1.328
16.9880,0.0102,0.0403,0.000,50.509,1.465,1.335
16.9971,0.0091,0.0357,0.000,50.544,1.466,1.342
17.0097,0.0125,0.0500,0.000,50.593,1.466,1.351
17.0188,0.0092,0.0357,0.000,50.628,1.467,1.357
17.0292,0.0104,0.0409,0.000,50.668,1.467,1.364
17.0369,0.0077,0.0295,0.000,50.697,1.467,1.369
17.0466,0.0097,0.0380,0.000,50.735,1.468,1.376
17.0538,0.0072,0.0276,0.000,50.762,1.468,1.380
17.0621,0.0084,0.0325,0.000,50.794,1.468,1.386
17.0713,0.0092,0.0359,0.000,50.829,1.469,1.392
17.0811,0.0098,0.0383,0.000,50.867,1.469,1.398
17.0899,0.0088,0.0343,0.000,50.901,1.469,1.404
17.0989,0.0090,0.0348,0.000,50.935,1.469,1.410
17.1108,0.0119,0.0472,0.000,50.982,1.469,1.417
17.1208,0.0100,0.0388,0.000,51.020,1.469,1.423
17.1324,0.0116,0.0455,0.000,51.065,1.469,1.430
17.1460,0.0136,0.0537,0.000,51.118,1.469,1.439
17.1555,0.0095,0.0365,0.000,51.154,1.469,1.444
17.1694,0.0138,0.0544,0.000,51.208,1.469,1.452
17.1812,0.0119,0.0459,0.000,51.253,1.469,1.459
17.1930,0.0117,0.0454,0.000,51.298,1.469,1.465
17.2052,0.0122,0.0473,0.000,51.345,1.469,1.472
17.2136,0.0084,0.0316,0.000,51.377,1.468,1.476
17.2231,0.0095,0.0359,0.000,51.412,1.468,1.481
17.2316,0.0085,0.0321,0.000,51.444,1.468,1.485
17.2417,0.0101,0.0385,0.000,51.482,1.468,1.490
17.2498,0.0081,0.0307,0.000,51.513,1.468,1.494
17.2581,0.0083,0.0316,0.000,51.544,1.468,1.497
17.2673,0.0091,0.0349,0.000,51.579,1.468,1.501
17.2750,0.0077,0.0290,0.000,51.608,1.468,1.505
17.2837,0.0087,0.0332,0.000,51.641,1.468,1.508
17.2911,0.0074,0.0279,0.000,51.668,1.468,1.511
17.2980,0.0070,0.0263,0.000,51.695,1.468,1.514
17.3083,0.0103,0.0397,0.000,51.734,1.467,1.518
17.3156,0.0073,0.0276,0.000,51.761,1.467,1.521
17.3237,0.0081,0.0307,0.000,51.792,1.467,1.523
17.3317,0.0080,0.0306,0.000,51.823,1.467,1.526
17.3416,0.0099,0.0381,0.000,51.861,1.466,1.529
17.3490,0.0074,0.0280,0.000,51.888,1.466,1.531
17.3561,0.0071,0.0270,0.000,51.915,1.466,1.533
17.3645,0.0084,0.0322,0.000,51.947,1.466,1.536
17.3718,0.0073,0.0276,0.000,51.975,1.465,1.538
17.3814,0.0096,0.0371,0.000,52.012,1.465,1.540
17.3887,0.0073,0.0279,0.000,52.040,1.465,1.542
17.3958,0.0070,0.0267,0.000,52.067,1.465,1.543
17.4051,0.0093,0.0359,0.000,52.102,1.464,1.545
17.4131,0.0080,0.0307,0.000,52.133,1.464,1.546
17.4236,0.0105,0.0410,0.000,52.174,1.464,1.548
17.4324,0.0088,0.0339,0.000,52.208,1.464,1.549
17.4427,0.0102,0.0396,0.000,52.247,1.464,1.550
17.4503,0.0077,0.0293,0.000,52.277,1.464,1.551
17.4574,0.0071,0.0269,0.000,52.304,1.464,1.552
17.4671,0.0097,0.0375,0.000,52.341,1.464,1.553
17.4747,0.0076,0.0291,0.000,52.370,1.464,1.553
17.4837,0.0090,0.0348,0.000,52.405,1.464,1.553
17.4913,0.0077,0.0294,0.000,52.434,1.464,1.553
17.5009,0.0096,0.0373,0.000,52.472,1.464,1.553
17.5085,0.0076,0.0292,0.000,52.501,1.464,1.553
17.5157,0.0072,0.0275,0.000,52.528,1.464,1.553
17.5237,0.0080,0.0310,0.000,52.559,1.465,1.553
17.5315,0.0078,0.0302,0.000,52.590,1.465,1.552
17.5421,0.0106,0.0418,0.000,52.631,1.465,1.552
17.5501,0.0080,0.0309,0.000,52.662,1.465,1.551
17.5581,0.0080,0.0311,0.000,52.693,1.465,1.550
17.5683,0.0103,0.0406,0.000,52.734,1.465,1.549
17.5776,0.0093,0.0366,0.000,52.770,1.465,1.548
17.5888,0.0112,0.0447,0.000,52.815,1.465,1.546
17.5973,0.0084,0.0330,0.000,52.848,1.465,1.545
17.6079,0.0106,0.0423,0.000,52.890,1.465,1.543
17.6165,0.0086,0.0336,0.000,52.924,1.465,1.541
17.6263,0.0099,0.0392,0.000,52.963,1.464,1.539
17.6343,0.0080,0.0312,0.000,52.994,1.464,1.537
17.6438,0.0095,0.0376,0.000,53.032,1.464,1.535
17.6508,0.0070,0.0273,0.000,53.059,1.464,1.534
17.6575,0.0067,0.0263,0.000,53.085,1.464,1.532
17.6680,0.0104,0.0418,0.000,53.127,1.463,1.529
17.6769,0.0089,0.0355,0.000,53.162,1.463,1.527
17.6864,0.0095,0.0380,0.000,53.200,1.463,1.524
17.6944,0.0079,0.0313,0.000,53.231,1.462,1.521
17.7027,0.0083,0.0330,0.000,53.264,1.462,1.519
17.7107,0.0080,0.0314,0.000,53.295,1.462,1.516
17.7176,0.0069,0.0271,0.000,53.322,1.461,1.514
17.7267,0.0091,0.0365,0.000,53.359,1.461,1.511
17.7341,0.0074,0.0292,0.000,53.388,1.460,1.508
17.7433,0.0091,0.0366,0.000,53.424,1.460,1.505
17.7504,0.0071,0.0281,0.000,53.452,1.460,1.502
17.7568,0.0064,0.0251,0.000,53.477,1.459,1.500
17.7671,0.0103,0.0415,0.000,53.519,1.459,1.495
17.7748,0.0077,0.0307,0.000,53.549,1.458,1.492
17.7836,0.0088,0.0351,0.000,53.584,1.458,1.489
17.7917,0.0081,0.0325,0.000,53.616,1.457,1.485
17.8018,0.0101,0.0409,0.000,53.657,1.457,1.480
17.8094,0.0076,0.0302,0.000,53.687,1.456,1.477
17.8169,0.0075,0.0297,0.000,53.716,1.456,1.473
17.8258,0.0090,0.0361,0.000,53.752,1.455,1.469
17.8326,0.0068,0.0269,0.000,53.779,1.455,1.466
17.8420,0.0094,0.0380,0.000,53.817,1.454,1.461
17.8488,0.0068,0.0271,0.000,53.843,1.454,1.457
17.8554,0.0066,0.0263,0.000,53.869,1.453,1.454
17.8647,0.0092,0.0373,0.000,53.906,1.453,1.449
17.8720,0.0074,0.0295,0.000,53.936,1.452,1.445
17.8827,0.0107,0.0437,0.000,53.979,1.451,1.439
17.8908,0.0081,0.0325,0.000,54.011,1.451,1.434
17.8980,0.0071,0.0283,0.000,54.039,1.450,1.430
17.9077,0.0098,0.0398,0.000,54.078,1.450,1.424
17.9167,0.0089,0.0361,0.000,54.114,1.449,1.419
17.9272,0.0105,0.0427,0.000,54.156,1.449,1.412
17.9365,0.0094,0.0379,0.000,54.194,1.449,1.407
17.9465,0.0100,0.0405,0.000,54.234,1.448,1.400
17.9545,0.0080,0.0321,0.000,54.266,1.448,1.395
17.9629,0.0084,0.0335,0.000,54.299,1.448,1.390
17.9714,0.0085,0.0341,0.000,54.332,1.448,1.384
17.9809,0.0095,0.0385,0.000,54.370,1.448,1.378
17.9868,0.0058,0.0229,0.000,54.393,1.448,1.374
17.9946,0.0078,0.0313,0.000,54.424,1.448,1.369
18.0032,0.0086,0.0345,0.000,54.458,1.448,1.363
18.0098,0.0066,0.0262,0.000,54.484,1.448,1.359
18.0184,0.0086,0.0347,0.000,54.518,1.448,1.353
18.0285,0.0101,0.0408,0.000,54.558,1.448,1.346
18.0365,0.0080,0.0320,0.000,54.589,1.448,1.341
18.0477,0.0113,0.0460,0.000,54.635,1.448,1.333
18.0568,0.0091,0.0366,0.000,54.671,1.449,1.326
18.0666,0.0098,0.0395,0.000,54.710,1.449,1.319
18.0749,0.0083,0.0331,0.000,54.742,1.449,1.313
18.0833,0.0084,0.0335,0.000,54.775,1.449,1.308
18.0914,0.0082,0.0327,0.000,54.807,1.449,1.302
18.1008,0.0093,0.0377,0.000,54.845,1.449,1.295
18.1073,0.0065,0.0258,0.000,54.870,1.450,1.291
18.1149,0.0076,0.0302,0.000,54.900,1.450,1.285
18.1248,0.0099,0.0400,0.000,54.939,1.450,1.278
18.1321,0.0073,0.0289,0.000,54.968,1.450,1.273
18.1425,0.0104,0.0424,0.000,55.009,1.450,1.265
18.1511,0.0086,0.0344,0.000,55.043,1.450,1.259
18.1604,0.0093,0.0372,0.000,55.080,1.449,1.253
18.1708,0.0105,0.0422,0.000,55.121,1.449,1.245
18.1798,0.0089,0.0355,0.000,55.156,1.449,1.239
18.1899,0.0102,0.0408,0.000,55.197,1.449,1.232
18.1975,0.0076,0.0299,0.000,55.226,1.449,1.227
18.2077,0.0102,0.0410,0.000,55.266,1.449,1.220
18.2151,0.0073,0.0287,0.000,55.295,1.449,1.215
18.2242,0.0092,0.0366,0.000,55.331,1.449,1.209
18.2326,0.0083,0.0330,0.000,55.363,1.449,1.203
18.2425,0.0100,0.0399,0.000,55.403,1.449,1.197
18.2509,0.0084,0.0330,0.000,55.435,1.449,1.191
18.2583,0.0074,0.0291,0.000,55.464,1.449,1.186
18.2677,0.0094,0.0373,0.000,55.501,1.449,1.180
18.2755,0.0078,0.0308,0.000,55.531,1.449,1.175
18.2861,0.0106,0.0423,0.000,55.573,1.450,1.168
18.2936,0.0075,0.0295,0.000,55.602,1.450,1.164
18.3025,0.0089,0.0354,0.000,55.637,1.450,1.158
18.3105,0.0080,0.0313,0.000,55.668,1.450,1.153
18.3170,0.0066,0.0256,0.000,55.693,1.450,1.149
18.3272,0.0102,0.0409,0.000,55.734,1.450,1.143
18.3357,0.0084,0.0333,0.000,55.767,1.451,1.138
18.3436,0.0079,0.0311,0.000,55.797,1.451,1.133
18.3519,0.0083,0.0328,0.000,55.830,1.451,1.128
18.3628,0.0110,0.0442,0.000,55.874,1.451,1.122
18.3702,0.0074,0.0291,0.000,55.902,1.451,1.118
18.3767,0.0065,0.0253,0.000,55.927,1.451,1.114
18.3866,0.0099,0.0397,0.000,55.967,1.451,1.108
18.3953,0.0087,0.0344,0.000,56.001,1.451,1.104
18.4049,0.0097,0.0386,0.000,56.039,1.451,1.098
18.4139,0.0090,0.0357,0.000,56.074,1.451,1.094
18.4232,0.0093,0.0370,0.000,56.111,1.451,1.089
18.4307,0.0075,0.0296,0.000,56.140,1.450,1.085
18.4386,0.0079,0.0311,0.000,56.171,1.450,1.081
18.4473,0.0087,0.0346,0.000,56.205,1.450,1.076
18.4545,0.0071,0.0280,0.000,56.233,1.450,1.073
18.4646,0.0101,0.0404,0.000,56.273,1.450,1.068
18.4710,0.0065,0.0252,0.000,56.298,1.449,1.065
18.4778,0.0067,0.0263,0.000,56.324,1.449,1.061
18.4878,0.0101,0.0404,0.000,56.365,1.449,1.057
18.4954,0.0075,0.0296,0.000,56.394,1.449,1.053
18.5049,0.0095,0.0380,0.000,56.432,1.448,1.049
18.5126,0.0077,0.0301,0.000,56.462,1.448,1.045
18.5223,0.0097,0.0388,0.000,56.500,1.448,1.041
18.5300,0.0077,0.0302,0.000,56.530,1.447,1.038
18.5370,0.0070,0.0274,0.000,56.557,1.447,1.035
18.5450,0.0080,0.0316,0.000,56.589,1.447,1.032
18.5518,0.0068,0.0268,0.000,56.615,1.447,1.029
18.5622,0.0104,0.0417,0.000,56.657,1.447,1.025
18.5689,0.0068,0.0265,0.000,56.683,1.446,1.022
18.5758,0.0068,0.0268,0.000,56.710,1.446,1.020
18.5849,0.0091,0.0362,0.000,56.746,1.446,1.017
18.5925,0.0077,0.0303,0.000,56.776,1.446,1.014
18.6021,0.0096,0.0383,0.000,56.814,1.446,1.011
18.6096,0.0075,0.0294,0.000,56.844,1.446,1.008
18.6163,0.0068,0.0266,0.000,56.870,1.445,1.006
18.6250,0.0087,0.0346,0.000,56.905,1.445,1.003
18.6329,0.0079,0.0311,0.000,56.936,1.445,1.001
18.6427,0.0098,0.0396,0.000,56.975,1.445,0.998
18.6508,0.0081,0.0321,0.000,57.007,1.444,0.996
18.6581,0.0073,0.0287,0.000,57.036,1.444,0.994
18.6679,0.0098,0.0393,0.000,57.075,1.444,0.991
18.6760,0.0081,0.0320,0.000,57.107,1.443,0.989
18.6848,0.0089,0.0352,0.000,57.142,1.443,0.987
18.6922,0.0074,0.0290,0.000,57.171,1.443,0.985
18.7024,0.0102,0.0408,0.000,57.212,1.443,0.983
18.7094,0.0070,0.0276,0.000,57.239,1.442,0.981
18.7164,0.0070,0.0275,0.000,57.267,1.442,0.980
18.7249,0.0085,0.0339,0.000,57.301,1.442,0.978
18.7324,0.0075,0.0295,0.000,57.330,1.442,0.977
18.7410,0.0086,0.0341,0.000,57.364,1.442,0.976
18.7471,0.0061,0.0236,0.000,57.388,1.441,0.975
18.7550,0.0080,0.0315,0.000,57.419,1.441,0.974
18.7628,0.0078,0.0307,0.000,57.450,1.441,0.972
18.7706,0.0078,0.0306,0.000,57.481,1.441,0.971
18.7780,0.0074,0.0292,0.000,57.510,1.441,0.971
18.7935,0.0156,0.0646,0.000,57.574,1.441,0.969
18.8090,0.0154,0.0633,0.000,57.638,1.442,0.968
18.8289,0.0199,0.0829,0.000,57.720,1.442,0.966
18.8427,0.0139,0.0551,0.000,57.776,1.443,0.966
18.8555,0.0127,0.0501,0.000,57.826,1.443,0.965
18.8677,0.0123,0.0482,0.000,57.874,1.443,0.965
18.8774,0.0097,0.0374,0.000,57.911,1.444,0.965
18.8887,0.0113,0.0444,0.000,57.956,1.444,0.965
18.8985,0.0098,0.0381,0.000,57.994,1.444,0.965
18.9114,0.0129,0.0514,0.000,58.045,1.445,0.966
18.9243,0.0129,0.0514,0.000,58.097,1.445,0.966
18.9347,0.0104,0.0407,0.000,58.137,1.445,0.967
18.9463,0.0116,0.0461,0.000,58.183,1.445,0.967
18.9563,0.0100,0.0392,0.000,58.223,1.445,0.968
18.9682,0.0119,0.0474,0.000,58.270,1.445,0.969
18.9767,0.0085,0.0329,0.000,58.303,1.445,0.969
18.9886,0.0119,0.0474,0.000,58.350,1.445,0.970
18.9989,0.0103,0.0405,0.000,58.391,1.446,0.971
19.0116,0.0127,0.0510,0.000,58.442,1.446,0.973
19.0233,0.0117,0.0465,0.000,58.488,1.446,0.974
19.0327,0.0094,0.0367,0.000,58.525,1.446,0.975
19.0428,0.0101,0.0398,0.000,58.565,1.446,0.976
19.0518,0.0090,0.0352,0.000,58.600,1.446,0.977
19.0648,0.0130,0.0522,0.000,58.652,1.446,0.979
19.0732,0.0084,0.0328,0.000,58.685,1.446,0.980
19.0862,0.0130,0.0522,0.000,58.737,1.446,0.982
19.0971,0.0109,0.0433,0.000,58.780,1.446,0.984
19.1088,0.0116,0.0462,0.000,58.827,1.447,0.986
19.1173,0.0086,0.0333,0.000,58.860,1.447,0.987
19.1292,0.0119,0.0474,0.000,58.907,1.447,0.990
19.1370,0.0077,0.0300,0.000,58.937,1.447,0.991
19.1472,0.0103,0.0407,0.000,58.978,1.447,0.993
19.1556,0.0083,0.0326,0.000,59.010,1.447,0.994
19.1664,0.0108,0.0430,0.000,59.053,1.447,0.997
19.1750,0.0086,0.0339,0.000,59.087,1.447,0.998
19.1857,0.0107,0.0425,0.000,59.130,1.447,1.001
19.1954,0.0097,0.0381,0.000,59.168,1.447,1.003
19.2072,0.0118,0.0474,0.000,59.215,1.447,1.005
19.2188,0.0116,0.0463,0.000,59.261,1.447,1.008
19.2318,0.0130,0.0523,0.000,59.313,1.447,1.011
19.2457,0.0139,0.0560,0.000,59.369,1.447,1.014
19.2567,0.0109,0.0432,0.000,59.412,1.447,1.017
19.2706,0.0139,0.0560,0.000,59.468,1.447,1.021
19.2805,0.0099,0.0385,0.000,59.507,1.447,1.023
19.2930,0.0125,0.0497,0.000,59.556,1.447,1.027
19.3058,0.0128,0.0509,0.000,59.607,1.447,1.030
19.3151,0.0093,0.0360,0.000,59.643,1.447,1.033
19.3259,0.0108,0.0424,0.000,59.685,1.447,1.035
19.3339,0.0079,0.0305,0.000,59.716,1.447,1.038
19.3440,0.0101,0.0395,0.000,59.755,1.447,1.040
19.3521,0.0081,0.0314,0.000,59.786,1.447,1.043
19.3652,0.0131,0.0526,0.000,59.839,1.447,1.047
19.3736,0.0084,0.0326,0.000,59.871,1.448,1.049
19.3840,0.0104,0.0412,0.000,59.912,1.448,1.052
19.3916,0.0076,0.0296,0.000,59.942,1.448,1.054
19.4015,0.0099,0.0393,0.000,59.981,1.448,1.057
19.4099,0.0083,0.0327,0.000,60.014,1.448,1.060
19.4174,0.0075,0.0293,0.000,60.043,1.448,1.062
19.4277,0.0103,0.0411,0.000,60.084,1.448,1.065
19.4371,0.0094,0.0374,0.000,60.121,1.448,1.068
19.4468,0.0097,0.0388,0.000,60.160,1.448,1.071
19.4541,0.0073,0.0286,0.000,60.189,1.448,1.073
19.4646,0.0104,0.0418,0.000,60.230,1.448,1.076
19.4728,0.0082,0.0325,0.000,60.263,1.448,1.079
19.4833,0.0105,0.0420,0.000,60.305,1.448,1.082
19.4918,0.0085,0.0336,0.000,60.338,1.448,1.084
19.5009,0.0091,0.0362,0.000,60.374,1.448,1.087
19.5073,0.0064,0.0249,0.000,60.399,1.448,1.089
19.5153,0.0079,0.0312,0.000,60.430,1.448,1.092
19.5241,0.0088,0.0349,0.000,60.465,1.448,1.094
19.5310,0.0070,0.0273,0.000,60.492,1.448,1.096
19.5390,0.0079,0.0313,0.000,60.523,1.448,1.099
19.5479,0.0089,0.0353,0.000,60.558,1.448,1.102
19.5553,0.0074,0.0292,0.000,60.588,1.448,1.104
19.5648,0.0095,0.0378,0.000,60.625,1.448,1.107
19.5720,0.0072,0.0283,0.000,60.654,1.448,1.109
19.5821,0.0101,0.0405,0.000,60.694,1.449,1.112
19.5901,0.0080,0.0317,0.000,60.726,1.449,1.115
19.5976,0.0074,0.0292,0.000,60.755,1.449,1.117
19.6073,0.0098,0.0391,0.000,60.794,1.449,1.120
19.6151,0.0078,0.0306,0.000,60.824,1.450,1.123
19.6228,0.0077,0.0305,0.000,60.855,1.450,1.125
19.6297,0.0069,0.0269,0.000,60.881,1.450,1.127
19.6382,0.0085,0.0340,0.000,60.915,1.450,1.130
19.6469,0.0087,0.0347,0.000,60.950,1.451,1.133
19.6555,0.0086,0.0343,0.000,60.984,1.451,1.135
19.6660,0.0105,0.0425,0.000,61.026,1.451,1.139
19.6739,0.0079,0.0312,0.000,61.058,1.451,1.141
19.6837,0.0098,0.0392,0.000,61.097,1.451,1.145
19.6920,0.0083,0.0329,0.000,61.129,1.451,1.147
19.7018,0.0098,0.0394,0.000,61.169,1.451,1.151
19.7109,0.0091,0.0361,0.000,61.205,1.452,1.154
19.7190,0.0081,0.0318,0.000,61.236,1.452,1.156
19.7280,0.0090,0.0360,0.000,61.272,1.452,1.159
19.7364,0.0084,0.0334,0.000,61.305,1.452,1.162
19.7474,0.0110,0.0445,0.000,61.350,1.452,1.166
19.7550,0.0076,0.0298,0.000,61.380,1.452,1.168
19.7637,0.0087,0.0347,0.000,61.414,1.452,1.171
19.7717,0.0080,0.0316,0.000,61.446,1.452,1.174
19.7815,0.0098,0.0391,0.000,61.485,1.452,1.177
19.7896,0.0082,0.0322,0.000,61.517,1.453,1.180
19.7970,0.0074,0.0290,0.000,61.546,1.453,1.182
19.8064,0.0094,0.0378,0.000,61.583,1.453,1.186
19.8144,0.0080,0.0315,0.000,61.615,1.453,1.188
19.8238,0.0094,0.0378,0.000,61.652,1.454,1.191
19.8317,0.0078,0.0309,0.000,61.683,1.454,1.194
19.8427,0.0111,0.0449,0.000,61.728,1.454,1.198
19.8516,0.0088,0.0352,0.000,61.763,1.454,1.200
19.8616,0.0101,0.0405,0.000,61.803,1.455,1.204
19.8695,0.0078,0.0310,0.000,61.834,1.455,1.206
19.8776,0.0081,0.0323,0.000,61.866,1.455,1.209
19.8880,0.0104,0.0418,0.000,61.908,1.455,1.212
19.8960,0.0079,0.0314,0.000,61.939,1.455,1.215
19.9059,0.0099,0.0397,0.000,61.979,1.456,1.218
19.9135,0.0076,0.0301,0.000,62.009,1.456,1.220
19.9229,0.0093,0.0372,0.000,62.046,1.456,1.223
19.9306,0.0078,0.0305,0.000,62.076,1.456,1.225
19.9385,0.0078,0.0308,0.000,62.107,1.456,1.228
19.9488,0.0104,0.0416,0.000,62.149,1.456,1.231
19.9585,0.0096,0.0383,0.000,62.187,1.456,1.233
19.9679,0.0094,0.0372,0.000,62.224,1.456,1.236
19.9757,0.0078,0.0306,0.000,62.254,1.457,1.238
19.9849,0.0092,0.0365,0.000,62.291,1.457,1.241
19.9929,0.0080,0.0314,0.000,62.322,1.457,1.243
20.0028,0.0100,0.0397,0.000,62.362,1.457,1.246
20.0121,0.0093,0.0370,0.000,62.399,1.457,1.249
20.0221,0.0099,0.0396,0.000,62.438,1.458,1.252
20.0302,0.0082,0.0320,0.000,62.470,1.458,1.254
20.0385,0.0083,0.0326,0.000,62.503,1.458,1.256
20.0490,0.0105,0.0418,0.000,62.544,1.459,1.259
20.0561,0.0071,0.0278,0.000,62.572,1.459,1.261
20.0656,0.0095,0.0376,0.000,62.610,1.459,1.263
20.0746,0.0090,0.0357,0.000,62.645,1.460,1.266
20.0843,0.0097,0.0383,0.000,62.683,1.460,1.268
20.0928,0.0085,0.0336,0.000,62.717,1.460,1.270
20.1028,0.0099,0.0395,0.000,62.756,1.461,1.273
20.1106,0.0078,0.0306,0.000,62.787,1.461,1.275
20.1347,0.0241,0.1040,0.000,62.891,1.462,1.281
20.1554,0.0207,0.0855,0.000,62.976,1.462,1.286
20.1696,0.0142,0.0557,0.000,63.032,1.463,1.289
20.1783,0.0087,0.0327,0.000,63.064,1.463,1.291
20.2026,0.0243,0.1017,0.000,63.166,1.463,1.297
20.2230,0.0204,0.0823,0.000,63.248,1.463,1.301
20.2349,0.0119,0.0452,0.000,63.293,1.463,1.304
20.2455,0.0106,0.0402,0.000,63.333,1.463,1.306
20.2537,0.0082,0.0306,0.000,63.364,1.463,1.308
20.2639,0.0102,0.0389,0.000,63.403,1.463,1.310
20.2715,0.0077,0.0290,0.000,63.432,1.464,1.311
20.2824,0.0109,0.0422,0.000,63.474,1.464,1.313
20.2907,0.0083,0.0319,0.000,63.506,1.464,1.315
20.2976,0.0069,0.0262,0.000,63.532,1.464,1.316
20.3078,0.0102,0.0401,0.000,63.572,1.464,1.318
20.3173,0.0095,0.0371,0.000,63.609,1.464,1.319
20.3268,0.0095,0.0371,0.000,63.646,1.464,1.321
20.3346,0.0078,0.0302,0.000,63.676,1.465,1.322
20.3439,0.0093,0.0367,0.000,63.713,1.465,1.324
20.3516,0.0077,0.0301,0.000,63.743,1.465,1.325
20.3607,0.0091,0.0359,0.000,63.779,1.465,1.326
20.3682,0.0075,0.0292,0.000,63.808,1.465,1.327
20.3755,0.0073,0.0286,0.000,63.837,1.465,1.328
20.3844,0.0089,0.0350,0.000,63.872,1.465,1.329
20.3921,0.0077,0.0301,0.000,63.902,1.465,1.330
20.4013,0.0092,0.0366,0.000,63.938,1.465,1.331
20.4086,0.0073,0.0288,0.000,63.967,1.465,1.332
20.4172,0.0086,0.0339,0.000,64.001,1.465,1.333
20.4276,0.0104,0.0416,0.000,64.043,1.465,1.334
20.4359,0.0084,0.0331,0.000,64.076,1.465,1.335
20.4454,0.0094,0.0374,0.000,64.113,1.465,1.335
20.4539,0.0086,0.0337,0.000,64.147,1.465,1.336
20.4630,0.0091,0.0360,0.000,64.183,1.465,1.337
20.4712,0.0082,0.0320,0.000,64.215,1.465,1.337
20.4780,0.0069,0.0267,0.000,64.241,1.465,1.338
20.4886,0.0105,0.0421,0.000,64.283,1.465,1.338
20.4974,0.0088,0.0347,0.000,64.318,1.465,1.338
20.5067,0.0093,0.0367,0.000,64.355,1.465,1.339
20.5144,0.0077,0.0301,0.000,64.385,1.465,1.339
20.5237,0.0093,0.0370,0.000,64.422,1.465,1.339
20.5309,0.0072,0.0279,0.000,64.450,1.465,1.339
20.5380,0.0072,0.0280,0.000,64.478,1.465,1.339
20.5479,0.0099,0.0394,0.000,64.517,1.465,1.339
20.5556,0.0077,0.0302,0.000,64.547,1.465,1.339
20.5652,0.0096,0.0381,0.000,64.586,1.466,1.339
20.5741,0.0088,0.0347,0.000,64.620,1.466,1.339
20.5841,0.0101,0.0400,0.000,64.660,1.466,1.339
20.5915,0.0074,0.0289,0.000,64.689,1.466,1.338
20.6019,0.0104,0.0414,0.000,64.731,1.466,1.338
20.6091,0.0072,0.0282,0.000,64.759,1.466,1.338
20.6162,0.0070,0.0274,0.000,64.786,1.466,1.337
20.6254,0.0092,0.0365,0.000,64.823,1.467,1.337
20.6329,0.0075,0.0293,0.000,64.852,1.467,1.336
20.6420,0.0092,0.0364,0.000,64.888,1.467,1.336
20.6507,0.0086,0.0342,0.000,64.923,1.466,1.335
20.6572,0.0065,0.0254,0.000,64.948,1.466,1.334
20.6663,0.0092,0.0365,0.000,64.984,1.466,1.334
20.6739,0.0075,0.0297,0.000,65.014,1.466,1.333
20.6830,0.0091,0.0363,0.000,65.050,1.466,1.332
20.6904,0.0074,0.0289,0.000,65.079,1.466,1.331
20.6983,0.0080,0.0314,0.000,65.111,1.466,1.330
20.7074,0.0090,0.0360,0.000,65.147,1.465,1.329
20.7147,0.0073,0.0288,0.000,65.175,1.465,1.329
20.7257,0.0110,0.0442,0.000,65.220,1.465,1.327
20.7330,0.0073,0.0285,0.000,65.248,1.465,1.326
20.7419,0.0089,0.0353,0.000,65.283,1.465,1.325
20.7502,0.0082,0.0324,0.000,65.316,1.464,1.324
20.7789,0.0287,0.1260,0.000,65.442,1.463,1.319
20.7956,0.0167,0.0661,0.000,65.508,1.463,1.316
20.8073,0.0118,0.0452,0.000,65.553,1.462,1.315
20.8150,0.0076,0.0286,0.000,65.581,1.462,1.313
20.8232,0.0082,0.0310,0.000,65.612,1.462,1.312
20.8310,0.0078,0.0294,0.000,65.642,1.462,1.311
20.8385,0.0075,0.0285,0.000,65.670,1.461,1.309
20.8469,0.0084,0.0323,0.000,65.703,1.461,1.308
20.8548,0.0079,0.0301,0.000,65.733,1.461,1.306
20.8625,0.0077,0.0298,0.000,65.762,1.461,1.305
20.8698,0.0073,0.0281,0.000,65.790,1.461,1.304
20.8777,0.0078,0.0304,0.000,65.821,1.460,1.302
20.8863,0.0087,0.0340,0.000,65.855,1.460,1.300
20.8936,0.0072,0.0280,0.000,65.883,1.460,1.299
20.9037,0.0102,0.0404,0.000,65.923,1.460,1.297
20.9110,0.0072,0.0280,0.000,65.951,1.459,1.295
20.9197,0.0088,0.0344,0.000,65.985,1.459,1.293
20.9293,0.0096,0.0380,0.000,66.023,1.458,1.291
20.9371,0.0078,0.0304,0.000,66.054,1.458,1.289
20.9472,0.0100,0.0399,0.000,66.093,1.458,1.287
20.9557,0.0085,0.0335,0.000,66.127,1.457,1.285
20.9644,0.0087,0.0342,0.000,66.161,1.457,1.283
20.9723,0.0079,0.0308,0.000,66.192,1.457,1.281
20.9829,0.0107,0.0425,0.000,66.234,1.456,1.278
20.9900,0.0070,0.0274,0.000,66.262,1.456,1.277
20.9964,0.0064,0.0249,0.000,66.286,1.456,1.275
21.0068,0.0104,0.0417,0.000,66.328,1.455,1.272
21.0143,0.0075,0.0292,0.000,66.357,1.455,1.271
21.0232,0.0089,0.0351,0.000,66.392,1.455,1.268
21.0316,0.0084,0.0331,0.000,66.425,1.454,1.266
21.0409,0.0093,0.0368,0.000,66.462,1.454,1.264
21.0481,0.0072,0.0280,0.000,66.490,1.454,1.262
21.0570,0.0089,0.0354,0.000,66.525,1.454,1.259
21.0661,0.0090,0.0357,0.000,66.561,1.454,1.257
21.0731,0.0070,0.0271,0.000,66.588,1.454,1.255
21.0835,0.0105,0.0417,0.000,66.629,1.454,1.253
21.0907,0.0072,0.0281,0.000,66.657,1.454,1.251
21.0974,0.0066,0.0258,0.000,66.683,1.454,1.249
21.1082,0.0108,0.0434,0.000,66.726,1.453,1.246
21.1153,0.0071,0.0274,0.000,66.754,1.453,1.244
21.1233,0.0080,0.0315,0.000,66.785,1.453,1.242
21.1315,0.0082,0.0321,0.000,66.817,1.453,1.240
21.1413,0.0098,0.0392,0.000,66.856,1.453,1.237
21.1497,0.0084,0.0331,0.000,66.889,1.453,1.235
21.1593,0.0096,0.0380,0.000,66.927,1.453,1.232
21.1703,0.0110,0.0441,0.000,66.971,1.453,1.230
21.1785,0.0082,0.0323,0.000,67.004,1.453,1.227
21.1887,0.0102,0.0404,0.000,67.044,1.453,1.225
21.1960,0.0073,0.0284,0.000,67.072,1.453,1.223
21.2042,0.0083,0.0324,0.000,67.105,1.452,1.221
21.2125,0.0082,0.0323,0.000,67.137,1.452,1.219
21.2218,0.0093,0.0368,0.000,67.174,1.452,1.217
21.2300,0.0083,0.0325,0.000,67.206,1.452,1.215
21.2386,0.0086,0.0338,0.000,67.240,1.452,1.212
21.2487,0.0100,0.0399,0.000,67.280,1.451,1.210
21.2563,0.0076,0.0297,0.000,67.309,1.451,1.208
21.2657,0.0094,0.0373,0.000,67.347,1.451,1.206
21.2714,0.0057,0.0220,0.000,67.369,1.451,1.205
21.2816,0.0102,0.0407,0.000,67.409,1.451,1.203
21.2904,0.0089,0.0349,0.000,67.444,1.451,1.201
21.2983,0.0079,0.0308,0.000,67.475,1.450,1.199
21.3099,0.0116,0.0467,0.000,67.522,1.450,1.197
21.3220,0.0121,0.0485,0.000,67.570,1.450,1.194
21.3344,0.0125,0.0500,0.000,67.620,1.450,1.192
21.3464,0.0120,0.0477,0.000,67.668,1.450,1.189
21.3582,0.0118,0.0470,0.000,67.714,1.450,1.187
21.3711,0.0129,0.0515,0.000,67.766,1.451,1.185
21.3807,0.0096,0.0373,0.000,67.803,1.451,1.183
21.3956,0.0149,0.0602,0.000,67.863,1.451,1.180
21.4075,0.0119,0.0468,0.000,67.910,1.451,1.179
21.4181,0.0106,0.0414,0.000,67.952,1.451,1.177
21.4291,0.0110,0.0432,0.000,67.995,1.451,1.175
21.4376,0.0085,0.0330,0.000,68.028,1.451,1.174
21.4466,0.0090,0.0350,0.000,68.063,1.451,1.173
21.4543,0.0077,0.0299,0.000,68.093,1.451,1.172
21.4633,0.0090,0.0353,0.000,68.128,1.451,1.170
21.4708,0.0075,0.0290,0.000,68.157,1.451,1.170
21.4780,0.0072,0.0280,0.000,68.185,1.451,1.169
21.4883,0.0103,0.0409,0.000,68.226,1.450,1.167
21.4965,0.0082,0.0321,0.000,68.258,1.450,1.166
21.5065,0.0099,0.0395,0.000,68.297,1.450,1.165
21.5146,0.0081,0.0319,0.000,68.329,1.450,1.164
21.5253,0.0107,0.0426,0.000,68.372,1.450,1.163
21.5329,0.0077,0.0298,0.000,68.402,1.449,1.162
21.5425,0.0095,0.0377,0.000,68.439,1.449,1.161
21.5494,0.0069,0.0269,0.000,68.466,1.449,1.161
21.5572,0.0078,0.0307,0.000,68.497,1.449,1.160
21.5665,0.0093,0.0367,0.000,68.534,1.449,1.159
21.5738,0.0073,0.0285,0.000,68.562,1.448,1.159
21.5825,0.0087,0.0343,0.000,68.596,1.448,1.158
21.5899,0.0074,0.0292,0.000,68.626,1.448,1.157
21.5963,0.0064,0.0249,0.000,68.650,1.448,1.157
21.6058,0.0095,0.0378,0.000,68.688,1.448,1.156
21.6124,0.0066,0.0256,0.000,68.714,1.448,1.156
21.6220,0.0097,0.0386,0.000,68.752,1.447,1.155
21.6297,0.0076,0.0301,0.000,68.783,1.447,1.155
21.6364,0.0068,0.0265,0.000,68.809,1.447,1.154
21.6451,0.0086,0.0343,0.000,68.843,1.447,1.154
21.6530,0.0079,0.0313,0.000,68.875,1.447,1.154
21.6632,0.0102,0.0410,0.000,68.916,1.447,1.153
21.6702,0.0070,0.0273,0.000,68.943,1.447,1.153
21.6775,0.0073,0.0285,0.000,68.971,1.447,1.153
21.6868,0.0093,0.0373,0.000,69.009,1.447,1.153
21.6937,0.0069,0.0270,0.000,69.036,1.447,1.153
21.7018,0.0081,0.0323,0.000,69.068,1.447,1.153
21.7087,0.0069,0.0270,0.000,69.095,1.447,1.153
21.7152,0.0066,0.0258,0.000,69.121,1.446,1.152
21.7251,0.0099,0.0397,0.000,69.161,1.446,1.153
21.7324,0.0073,0.0287,0.000,69.189,1.446,1.153
21.7417,0.0093,0.0373,0.000,69.227,1.446,1.153
21.7488,0.0071,0.0280,0.000,69.255,1.446,1.153
21.7559,0.0071,0.0279,0.000,69.283,1.446,1.153
21.7652,0.0093,0.0371,0.000,69.320,1.445,1.153
21.7743,0.0091,0.0363,0.000,69.356,1.445,1.154
21.7834,0.0091,0.0361,0.000,69.392,1.445,1.154
21.7917,0.0083,0.0328,0.000,69.425,1.445,1.155
21.8015,0.0098,0.0393,0.000,69.464,1.445,1.155
21.8093,0.0078,0.0309,0.000,69.495,1.445,1.156
21.8162,0.0069,0.0271,0.000,69.522,1.444,1.156
21.8265,0.0103,0.0414,0.000,69.563,1.444,1.157
21.8338,0.0073,0.0287,0.000,69.592,1.444,1.158
21.8426,0.0088,0.0348,0.000,69.627,1.444,1.158
21.8509,0.0083,0.0329,0.000,69.660,1.444,1.159
21.8576,0.0067,0.0262,0.000,69.686,1.444,1.160
21.8676,0.0101,0.0405,0.000,69.727,1.444,1.161
21.8753,0.0076,0.0300,0.000,69.757,1.444,1.162
21.8845,0.0092,0.0368,0.000,69.793,1.444,1.163
21.8923,0.0077,0.0305,0.000,69.824,1.445,1.164
21.9018,0.0096,0.0382,0.000,69.862,1.445,1.165
21.9091,0.0073,0.0286,0.000,69.891,1.445,1.166
21.9155,0.0064,0.0250,0.000,69.916,1.445,1.167
21.9239,0.0084,0.0332,0.000,69.949,1.445,1.168
21.9320,0.0081,0.0322,0.000,69.981,1.445,1.169
21.9411,0.0092,0.0365,0.000,70.017,1.445,1.170
21.9484,0.0072,0.0285,0.000,70.046,1.446,1.171
21.9561,0.0077,0.0303,0.000,70.076,1.446,1.172
21.9658,0.0097,0.0389,0.000,70.115,1.446,1.174
21.9738,0.0080,0.0315,0.000,70.146,1.446,1.175
21.9842,0.0105,0.0421,0.000,70.189,1.446,1.177
21.9924,0.0082,0.0323,0.000,70.221,1.446,1.178
22.0024,0.0100,0.0401,0.000,70.261,1.446,1.180
22.0106,0.0082,0.0325,0.000,70.293,1.446,1.181
22.0183,0.0077,0.0302,0.000,70.323,1.446,1.183
22.0276,0.0093,0.0372,0.000,70.361,1.446,1.184
22.0350,0.0074,0.0293,0.000,70.390,1.446,1.186
22.0436,0.0086,0.0339,0.000,70.424,1.446,1.187
22.0511,0.0075,0.0296,0.000,70.453,1.446,1.189
22.0580,0.0069,0.0269,0.000,70.480,1.446,1.190
22.0666,0.0087,0.0345,0.000,70.514,1.446,1.192
22.0743,0.0076,0.0302,0.000,70.545,1.446,1.193
22.0826,0.0083,0.0329,0.000,70.577,1.446,1.195
22.0902,0.0077,0.0302,0.000,70.608,1.446,1.196
22.0983,0.0081,0.0320,0.000,70.640,1.446,1.198
22.1081,0.0097,0.0390,0.000,70.679,1.446,1.200
22.1165,0.0085,0.0337,0.000,70.712,1.446,1.202
22.1267,0.0102,0.0409,0.000,70.753,1.446,1.204
22.1346,0.0079,0.0312,0.000,70.784,1.446,1.205
22.1439,0.0092,0.0368,0.000,70.821,1.446,1.207
22.1512,0.0074,0.0291,0.000,70.850,1.446,1.209
22.1605,0.0092,0.0367,0.000,70.887,1.446,1.211
22.1670,0.0066,0.0257,0.000,70.912,1.446,1.212
22.1754,0.0084,0.0334,0.000,70.946,1.447,1.214
22.1847,0.0093,0.0371,0.000,70.983,1.447,1.216
22.1924,0.0076,0.0301,0.000,71.013,1.447,1.218
22.2039,0.0116,0.0469,0.000,71.060,1.447,1.221
22.2117,0.0078,0.0306,0.000,71.090,1.447,1.223
22.2221,0.0104,0.0419,0.000,71.132,1.447,1.225
22.2318,0.0097,0.0388,0.000,71.171,1.448,1.227
22.2415,0.0097,0.0387,0.000,71.209,1.448,1.230
22.2489,0.0075,0.0294,0.000,71.239,1.448,1.232
22.2569,0.0080,0.0317,0.000,71.270,1.448,1.233
22.2681,0.0111,0.0451,0.000,71.315,1.448,1.236
22.2755,0.0074,0.0290,0.000,71.344,1.448,1.238
22.2847,0.0092,0.0366,0.000,71.381,1.448,1.241
22.2925,0.0078,0.0308,0.000,71.412,1.448,1.243
22.3016,0.0091,0.0361,0.000,71.448,1.448,1.245
22.3093,0.0077,0.0304,0.000,71.478,1.448,1.247
22.3161,0.0069,0.0269,0.000,71.505,1.448,1.249
22.3253,0.0092,0.0366,0.000,71.541,1.448,1.251
22.3351,0.0097,0.0389,0.000,71.580,1.448,1.254
22.3443,0.0092,0.0367,0.000,71.616,1.448,1.256
22.3518,0.0075,0.0295,0.000,71.646,1.448,1.258
22.3613,0.0095,0.0379,0.000,71.684,1.448,1.261
22.3693,0.0079,0.0313,0.000,71.715,1.448,1.263
22.3760,0.0068,0.0264,0.000,71.741,1.448,1.265
22.3850,0.0090,0.0355,0.000,71.777,1.448,1.267
22.3922,0.0072,0.0285,0.000,71.805,1.448,1.269
22.4019,0.0097,0.0387,0.000,71.844,1.448,1.272
22.4098,0.0079,0.0313,0.000,71.875,1.448,1.274
22.4174,0.0076,0.0300,0.000,71.905,1.448,1.276
22.4274,0.0099,0.0398,0.000,71.945,1.449,1.279
22.4352,0.0079,0.0312,0.000,71.976,1.449,1.281
22.4434,0.0082,0.0325,0.000,72.008,1.449,1.284
22.4507,0.0073,0.0286,0.000,72.037,1.449,1.286
22.4583,0.0076,0.0301,0.000,72.067,1.449,1.288
22.4681,0.0098,0.0395,0.000,72.106,1.449,1.290
22.4758,0.0076,0.0302,0.000,72.136,1.449,1.292
22.4844,0.0086,0.0344,0.000,72.170,1.449,1.295
22.4924,0.0080,0.0318,0.000,72.202,1.449,1.297
22.5021,0.0097,0.0389,0.000,72.241,1.449,1.300
22.5103,0.0082,0.0326,0.000,72.274,1.449,1.302
22.5171,0.0068,0.0267,0.000,72.300,1.449,1.304
22.5265,0.0094,0.0379,0.000,72.338,1.449,1.306
22.5355,0.0090,0.0361,0.000,72.374,1.449,1.309
22.5448,0.0093,0.0370,0.000,72.411,1.449,1.311
22.5525,0.0077,0.0304,0.000,72.441,1.449,1.313
22.5624,0.0100,0.0401,0.000,72.481,1.449,1.316
22.5703,0.0079,0.0312,0.000,72.512,1.449,1.318
22.5774,0.0071,0.0278,0.000,72.540,1.449,1.319
22.5871,0.0097,0.0389,0.000,72.579,1.449,1.322
22.5944,0.0073,0.0289,0.000,72.608,1.449,1.324
22.6044,0.0100,0.0402,0.000,72.648,1.450,1.326
22.6123,0.0079,0.0315,0.000,72.679,1.450,1.328
22.6218,0.0095,0.0382,0.000,72.718,1.450,1.331
22.6294,0.0076,0.0299,0.000,72.747,1.450,1.332
22.6377,0.0083,0.0332,0.000,72.781,1.450,1.334
22.6478,0.0101,0.0409,0.000,72.821,1.451,1.337
22.6557,0.0079,0.0313,0.000,72.853,1.451,1.339
22.6673,0.0116,0.0473,0.000,72.900,1.451,1.342
22.6763,0.0090,0.0361,0.000,72.936,1.451,1.344
22.6859,0.0096,0.0384,0.000,72.974,1.452,1.346
22.6944,0.0085,0.0336,0.000,73.008,1.452,1.348
22.7045,0.0102,0.0410,0.000,73.049,1.452,1.351
22.7122,0.0076,0.0302,0.000,73.079,1.452,1.353
22.7227,0.0105,0.0425,0.000,73.121,1.452,1.355
22.7295,0.0068,0.0268,0.000,73.148,1.452,1.357
22.7365,0.0070,0.0275,0.000,73.175,1.453,1.359
22.7479,0.0115,0.0467,0.000,73.222,1.453,1.362
22.7553,0.0074,0.0292,0.000,73.251,1.453,1.363
22.7638,0.0085,0.0338,0.000,73.285,1.453,1.365
22.7731,0.0093,0.0372,0.000,73.322,1.453,1.368
22.7824,0.0093,0.0375,0.000,73.359,1.453,1.370
22.7899,0.0075,0.0297,0.000,73.389,1.453,1.372
22.7976,0.0077,0.0307,0.000,73.420,1.453,1.373
22.8082,0.0105,0.0428,0.000,73.462,1.453,1.376
22.8155,0.0074,0.0291,0.000,73.492,1.453,1.377
22.8244,0.0089,0.0357,0.000,73.527,1.453,1.379
22.8321,0.0077,0.0304,0.000,73.558,1.453,1.381
22.8421,0.0100,0.0406,0.000,73.598,1.454,1.383
22.8497,0.0076,0.0303,0.000,73.628,1.454,1.385
22.8567,0.0070,0.0276,0.000,73.656,1.454,1.386
22.8669,0.0102,0.0416,0.000,73.698,1.454,1.388
22.8745,0.0075,0.0301,0.000,73.728,1.454,1.390
22.8835,0.0090,0.0364,0.000,73.764,1.455,1.392
22.8910,0.0075,0.0297,0.000,73.794,1.455,1.393
22.8985,0.0075,0.0298,0.000,73.823,1.455,1.394
22.9072,0.0088,0.0353,0.000,73.859,1.455,1.396
22.9148,0.0076,0.0304,0.000,73.889,1.455,1.397
22.9241,0.0093,0.0375,0.000,73.927,1.455,1.399
22.9316,0.0075,0.0301,0.000,73.957,1.455,1.400
22.9409,0.0093,0.0378,0.000,73.994,1.456,1.401
22.9486,0.0077,0.0306,0.000,74.025,1.456,1.402
22.9563,0.0077,0.0308,0.000,74.056,1.456,1.403
22.9668,0.0105,0.0428,0.000,74.099,1.456,1.405
22.9755,0.0086,0.0348,0.000,74.133,1.456,1.406
22.9834,0.0079,0.0318,0.000,74.165,1.456,1.407
22.9912,0.0078,0.0310,0.000,74.196,1.456,1.408
22.9992,0.0081,0.0323,0.000,74.228,1.456,1.409
23.0095,0.0103,0.0418,0.000,74.270,1.456,1.410
23.0179,0.0084,0.0335,0.000,74.304,1.456,1.410
23.0274,0.0096,0.0386,0.000,74.342,1.457,1.411
23.0350,0.0076,0.0302,0.000,74.372,1.457,1.412
23.0434,0.0084,0.0335,0.000,74.406,1.457,1.412
23.0508,0.0074,11.1588,89.531,68.614,4.100,-7.752
23.0579,0.0071,0.0283,0.000,68.642,4.100,-7.752
23.0678,0.0099,0.0400,0.000,68.682,4.100,-7.751
23.0761,0.0084,0.0336,0.000,68.716,4.100,-7.751
23.0846,0.0085,0.0342,0.000,68.750,4.100,-7.750
23.0924,0.0077,0.0310,0.000,68.781,4.100,-7.750
23.1028,0.0104,0.0421,0.000,68.823,4.100,-7.749
23.1109,0.0081,0.0326,0.000,68.856,4.100,-7.749
23.1181,0.0072,0.0288,0.000,68.885,4.100,-7.748
23.1270,0.0089,0.0358,0.000,68.920,4.100,-7.748
23.1348,0.0079,0.0316,0.000,68.952,4.100,-7.747
23.1444,0.0096,0.0388,0.000,68.991,4.100,-7.747
23.1521,0.0076,0.0307,0.000,69.021,4.100,-7.746
23.1612,0.0092,0.0370,0.000,69.058,4.100,-7.746
23.1683,0.0071,0.0286,0.000,69.087,4.100,-7.745
23.1760,0.0077,0.0310,0.000,69.118,4.100,-7.745
23.1847,0.0086,0.0348,0.000,69.153,4.100,-7.744
23.1929,0.0082,0.0333,0.000,69.186,4.100,-7.744
23.2045,0.0115,0.0471,0.000,69.233,4.100,-7.743
23.2120,0.0075,0.0302,0.000,69.263,4.100,-7.743
23.2217,0.0097,0.0395,0.000,69.303,4.100,-7.742
23.2301,0.0084,0.0340,0.000,69.337,4.100,-7.742
23.2378,0.0076,0.0307,0.000,69.368,4.100,-7.741
23.2487,0.0109,0.0444,0.000,69.412,4.100,-7.741
23.2581,0.0095,0.0384,0.000,69.450,4.100,-7.740
23.2693,0.0112,0.0455,0.000,69.496,4.100,-7.740
23.2782,0.0089,0.0359,0.000,69.532,4.100,-7.739
23.2896,0.0114,0.0463,0.000,69.578,4.100,-7.739
23.2967,0.0072,0.0289,0.000,69.607,4.100,-7.739
23.3064,0.0096,0.0391,0.000,69.646,4.100,-7.738
23.3150,0.0086,0.0347,0.000,69.681,4.100,-7.738
23.3243,0.0093,0.0379,0.000,69.719,4.100,-7.737
23.3326,0.0082,0.0332,0.000,69.752,4.100,-7.737
23.3420,0.0094,0.0382,0.000,69.790,4.100,-7.737
23.3499,0.0079,0.0320,0.000,69.822,4.100,-7.736
23.3563,0.0064,0.0257,0.000,69.848,4.100,-7.736
23.3659,0.0096,0.0389,0.000,69.887,4.100,-7.736
23.3731,0.0072,0.0291,0.000,69.916,4.100,-7.735
23.3833,0.0101,0.0413,0.000,69.957,4.100,-7.735
23.3912,0.0079,0.0319,0.000,69.989,4.100,-7.735
23.4004,0.0093,0.0376,0.000,70.026,4.100,-7.734
23.4090,0.0086,0.0348,0.000,70.061,4.100,-7.734
23.4216,0.0125,0.0515,0.000,70.113,4.100,-7.734
23.4353,0.0138,0.0567,0.000,70.169,4.100,-7.733
23.4478,0.0124,0.0509,0.000,70.220,4.100,-7.733
23.4600,0.0122,0.0500,0.000,70.270,4.100,-7.732
23.4712,0.0112,0.0458,0.000,70.316,4.100,-7.732
23.4845,0.0133,0.0544,0.000,70.370,4.100,-7.731
23.4938,0.0094,0.0379,0.000,70.408,4.100,-7.731
23.5064,0.0125,0.0512,0.000,70.460,4.100,-7.730
23.5169,0.0105,0.0428,0.000,70.502,4.100,-7.730
23.5263,0.0095,0.0383,0.000,70.541,4.100,-7.730
23.5334,0.0070,0.0281,0.000,70.569,4.100,-7.729
23.5417,0.0084,0.0338,0.000,70.603,4.100,-7.729
23.5515,0.0097,0.0395,0.000,70.642,4.100,-7.728
23.5614,0.0099,0.0402,0.000,70.682,4.100,-7.728
23.5686,0.0072,0.0292,0.000,70.711,4.100,-7.728
23.5758,0.0072,0.0290,0.000,70.741,4.100,-7.727
23.5923,0.0165,0.0685,0.000,70.809,4.100,-7.726
23.6089,0.0166,0.0691,0.000,70.878,4.100,-7.726
23.6317,0.0228,0.0962,0.000,70.974,4.100,-7.725
23.6487,0.0171,0.0703,0.000,71.045,4.100,-7.724
23.6585,0.0098,0.0393,0.000,71.084,4.100,-7.724
23.6697,0.0112,0.0452,0.000,71.129,4.100,-7.723
23.6793,0.0096,0.0383,0.000,71.167,4.100,-7.723
23.6901,0.0108,0.0434,0.000,71.211,4.100,-7.723
23.6991,0.0090,0.0362,0.000,71.247,4.100,-7.722
23.7099,0.0108,0.0434,0.000,71.290,4.100,-7.722
23.7178,0.0079,0.0316,0.000,71.322,4.100,-7.722
23.7293,0.0114,0.0462,0.000,71.368,4.100,-7.721
23.7370,0.0077,0.0307,0.000,71.399,4.100,-7.721
23.7472,0.0102,0.0413,0.000,71.440,4.100,-7.721
23.7561,0.0089,0.0357,0.000,71.476,4.100,-7.720
23.7661,0.0100,0.0404,0.000,71.516,4.100,-7.720
23.7741,0.0080,0.0319,0.000,71.548,4.100,-7.720
23.7856,0.0115,0.0464,0.000,71.595,4.100,-7.719
23.7941,0.0085,0.0341,0.000,71.629,4.100,-7.719
23.8057,0.0116,0.0469,0.000,71.676,4.100,-7.719
23.8148,0.0091,0.0363,0.000,71.712,4.100,-7.719
23.8256,0.0108,0.0437,0.000,71.756,4.100,-7.718
23.8340,0.0084,0.0334,0.000,71.789,4.100,-7.718
23.8446,0.0106,0.0427,0.000,71.832,4.100,-7.718
23.8526,0.0080,0.0321,0.000,71.864,4.100,-7.718
23.8624,0.0098,0.0393,0.000,71.903,4.100,-7.717
23.8712,0.0088,0.0353,0.000,71.938,4.100,-7.717
23.8817,0.0105,0.0425,0.000,71.981,4.100,-7.717
23.8896,0.0079,0.0314,0.000,72.012,4.100,-7.717
23.8973,0.0078,0.0311,0.000,72.043,4.100,-7.716
23.9092,0.0119,0.0484,0.000,72.092,4.100,-7.716
23.9179,0.0086,0.0347,0.000,72.127,4.100,-7.716
23.9306,0.0127,0.0519,0.000,72.178,4.100,-7.716
23.9392,0.0086,0.0343,0.000,72.213,4.100,-7.715
23.9499,0.0107,0.0434,0.000,72.256,4.100,-7.715
23.9586,0.0087,0.0349,0.000,72.291,4.100,-7.715
23.9693,0.0107,0.0432,0.000,72.334,4.100,-7.715
23.9776,0.0083,0.0333,0.000,72.367,4.100,-7.715
23.9879,0.0103,0.0413,0.000,72.409,4.100,-7.714
23.9968,0.0089,0.0356,0.000,72.444,4.100,-7.714
24.0088,0.0120,0.0487,0.000,72.493,4.100,-7.714
24.0193,0.0105,0.0424,0.000,72.535,4.100,-7.714
24.0311,0.0118,0.0476,0.000,72.583,4.100,-7.714
24.0398,0.0086,0.0345,0.000,72.618,4.100,-7.713
24.0515,0.0117,0.0472,0.000,72.665,4.100,-7.713
24.0627,0.0112,0.0452,0.000,72.710,4.100,-7.713
24.0702,0.0075,0.0299,0.000,72.740,4.100,-7.713
24.0784,0.0082,0.0326,0.000,72.772,4.100,-7.713
24.0886,0.0102,0.0409,0.000,72.813,4.100,-7.713
24.0968,0.0082,0.0327,0.000,72.846,4.100,-7.712
24.1083,0.0115,0.0462,0.000,72.892,4.100,-7.712
24.1159,0.0077,0.0304,0.000,72.923,4.100,-7.712
24.1263,0.0103,0.0416,0.000,72.964,4.100,-7.712
24.1348,0.0086,0.0342,0.000,72.999,4.100,-7.712
24.1442,0.0094,0.0377,0.000,73.036,4.100,-7.712
24.1523,0.0081,0.0323,0.000,73.069,4.100,-7.712
24.1647,0.0124,0.0501,0.000,73.119,4.100,-7.712
24.1734,0.0087,0.0349,0.000,73.153,4.100,-7.712
24.1842,0.0108,0.0433,0.000,73.197,4.100,-7.712
24.1933,0.0091,0.0364,0.000,73.233,4.100,-7.712
24.2043,0.0109,0.0440,0.000,73.277,4.100,-7.712
24.2119,0.0076,0.0303,0.000,73.308,4.100,-7.712
24.2229,0.0110,0.0440,0.000,73.352,4.100,-7.712
24.2308,0.0079,0.0312,0.000,73.383,4.100,-7.712
24.2376,0.0068,0.0269,0.000,73.410,4.100,-7.712
24.2481,0.0106,0.0423,0.000,73.452,4.100,-7.712
24.2564,0.0082,0.0327,0.000,73.485,4.100,-7.712
24.2660,0.0097,0.0386,0.000,73.523,4.100,-7.712
24.2740,0.0080,0.0316,0.000,73.555,4.100,-7.712
24.2860,0.0120,0.0483,0.000,73.603,4.100,-7.712
24.2955,0.0095,0.0378,0.000,73.641,4.100,-7.712
24.3076,0.0121,0.0485,0.000,73.690,4.100,-7.712
24.3182,0.0106,0.0425,0.000,73.732,4.100,-7.712
24.3307,0.0124,0.0499,0.000,73.782,4.100,-7.712
24.3416,0.0109,0.0435,0.000,73.826,4.100,-7.712
24.3523,0.0108,0.0429,0.000,73.868,4.100,-7.712
24.3631,0.0107,0.0428,0.000,73.911,4.100,-7.712
24.3719,0.0088,0.0351,0.000,73.946,4.100,-7.712
24.3911,0.0192,0.0789,0.000,74.025,4.100,-7.713
24.4080,0.0169,0.0686,0.000,74.094,4.100,-7.713
24.4234,0.0153,0.0619,0.000,74.156,4.100,-7.713
24.4374,0.0140,0.0562,0.000,74.212,4.100,-7.713
24.4484,0.0110,0.0436,0.000,74.256,4.100,-7.713
24.4573,0.0089,0.0350,0.000,74.291,4.100,-7.713
24.4675,0.0102,0.0404,0.000,74.331,4.100,-7.713
24.4759,0.0084,0.0330,0.000,74.364,4.100,-7.713
24.4859,0.0099,0.0393,0.000,74.403,4.100,-7.713
24.4931,0.0072,0.0283,0.000,74.432,4.100,-7.713
24.5025,0.0094,0.0373,0.000,74.469,4.100,-7.714
24.5113,0.0088,0.0348,0.000,74.504,4.100,-7.714
24.5206,0.0093,0.0367,0.000,74.540,4.100,-7.714
24.5270,0.0064,0.0249,0.000,74.565,4.100,-7.714
24.5352,0.0082,0.0323,0.000,74.598,4.100,-7.714
24.5450,0.0099,0.0391,0.000,74.637,4.100,-7.714
24.5521,0.0071,0.0279,0.000,74.665,4.100,-7.714
24.5622,0.0100,0.0398,0.000,74.704,4.100,-7.714
24.5697,0.0075,0.0296,0.000,74.734,4.100,-7.714
24.5776,0.0079,0.0311,0.000,74.765,4.100,-7.714
24.5904,0.0128,0.0515,0.000,74.817,4.100,-7.714
24.5985,0.0081,0.0320,0.000,74.849,4.100,-7.714
24.6095,0.0110,0.0437,0.000,74.892,4.100,-7.714
24.6183,0.0088,0.0349,0.000,74.927,4.100,-7.714
24.6286,0.0103,0.0409,0.000,74.968,4.100,-7.715
24.6408,0.0122,0.0489,0.000,75.017,4.100,-7.715
24.6545,0.0137,0.0553,0.000,75.072,4.100,-7.715
24.6684,0.0139,0.0558,0.000,75.128,4.100,-7.715
24.6793,0.0110,0.0437,0.000,75.172,4.100,-7.715
24.6915,0.0122,0.0487,0.000,75.221,4.100,-7.715
24.7023,0.0108,0.0432,0.000,75.264,4.100,-7.715
24.7131,0.0107,0.0428,0.000,75.307,4.100,-7.715
24.7238,0.0107,0.0426,0.000,75.349,4.100,-7.715
24.7315,0.0078,0.0306,0.000,75.380,4.100,-7.715
24.7409,0.0094,0.0373,0.000,75.417,4.100,-7.715
24.7488,0.0079,0.0310,0.000,75.448,4.100,-7.715
24.7577,0.0089,0.0354,0.000,75.484,4.100,-7.715
24.7673,0.0096,0.0383,0.000,75.522,4.100,-7.715
24.7755,0.0082,0.0324,0.000,75.554,4.100,-7.715
24.7861,0.0106,0.0422,0.000,75.596,4.100,-7.715
24.7936,0.0075,0.0296,0.000,75.626,4.100,-7.715
24.8044,0.0108,0.0430,0.000,75.669,4.100,-7.715
24.8118,0.0075,0.0294,0.000,75.698,4.100,-7.715
24.8215,0.0096,0.0384,0.000,75.737,4.100,-7.716
24.8296,0.0082,0.0323,0.000,75.769,4.100,-7.716
24.8379,0.0083,0.0330,0.000,75.802,4.100,-7.716
24.8486,0.0107,0.0427,0.000,75.845,4.100,-7.716
24.8581,0.0095,0.0377,0.000,75.882,4.100,-7.716
24.8682,0.0101,0.0403,0.000,75.923,4.100,-7.716
24.8767,0.0086,0.0341,0.000,75.957,4.100,-7.716
24.8902,0.0135,0.0546,0.000,76.011,4.100,-7.716
24.8981,0.0079,0.0311,0.000,76.042,4.100,-7.716
24.9077,0.0096,0.0383,0.000,76.081,4.100,-7.716
24.9162,0.0086,0.0341,0.000,76.115,4.100,-7.716
24.9261,0.0099,0.0396,0.000,76.154,4.100,-7.716
24.9335,0.0073,0.0291,0.000,76.183,4.100,-7.716
24.9432,0.0098,0.0390,0.000,76.222,4.100,-7.716
24.9512,0.0080,0.0318,0.000,76.254,4.100,-7.716
24.9617,0.0104,0.0419,0.000,76.296,4.100,-7.716
24.9705,0.0088,0.0353,0.000,76.332,4.100,-7.717
24.9780,0.0075,0.0298,0.000,76.361,4.100,-7.717
24.9884,0.0104,0.0420,0.000,76.403,4.100,-7.717
24.9972,0.0088,0.0350,0.000,76.438,4.100,-7.717
25.0078,0.0106,0.0425,0.000,76.481,4.100,-7.717
25.0167,0.0089,0.0356,0.000,76.516,4.100,-7.717
25.0270,0.0104,0.0417,0.000,76.558,4.100,-7.717
25.0351,0.0080,0.0320,0.000,76.590,4.100,-7.717
25.0446,0.0095,0.0381,0.000,76.628,4.100,-7.717
25.0541,0.0096,0.0383,0.000,76.666,4.100,-7.717
25.0638,0.0097,0.0388,0.000,76.705,4.100,-7.717
25.0709,0.0071,0.0283,0.000,76.734,4.100,-7.717
25.0784,0.0075,0.0299,0.000,76.763,4.100,-7.717
25.0892,0.0108,0.0436,0.000,76.807,4.100,-7.718
25.0972,0.0080,0.0318,0.000,76.839,4.100,-7.718
25.1081,0.0109,0.0439,0.000,76.883,4.100,-7.718
25.1168,0.0087,0.0347,0.000,76.917,4.100,-7.718
25.1270,0.0102,0.0410,0.000,76.958,4.100,-7.718
25.1366,0.0096,0.0385,0.000,76.997,4.100,-7.718
25.1468,0.0103,0.0415,0.000,77.038,4.100,-7.718
25.1548,0.0080,0.0318,0.000,77.070,4.100,-7.718
25.1634,0.0086,0.0344,0.000,77.105,4.100,-7.718
25.1709,0.0075,0.0300,0.000,77.135,4.100,-7.718
25.1784,0.0074,0.0297,0.000,77.164,4.100,-7.718
25.1891,0.0107,0.0434,0.000,77.208,4.100,-7.718
25.1974,0.0083,0.0331,0.000,77.241,4.100,-7.718
25.2083,0.0109,0.0443,0.000,77.285,4.100,-7.718
25.2169,0.0086,0.0343,0.000,77.319,4.100,-7.718
25.2265,0.0097,0.0389,0.000,77.358,4.100,-7.718
25.2343,0.0078,0.0311,0.000,77.389,4.100,-7.718
25.2438,0.0095,0.0383,0.000,77.428,4.100,-7.719
25.2527,0.0089,0.0357,0.000,77.463,4.100,-7.719
25.2644,0.0116,0.0471,0.000,77.510,4.100,-7.719
25.2729,0.0085,0.0342,0.000,77.545,4.100,-7.719
25.2828,0.0099,0.0398,0.000,77.584,4.100,-7.719
25.2907,0.0079,0.0317,0.000,77.616,4.100,-7.719
25.2982,0.0075,0.0299,0.000,77.646,4.100,-7.719
25.3082,0.0100,0.0402,0.000,77.686,4.100,-7.719
25.3161,0.0078,0.0313,0.000,77.717,4.100,-7.719
25.3263,0.0103,0.0413,0.000,77.759,4.100,-7.719
25.3539,0.0276,0.1173,0.000,77.876,4.100,-7.720
25.3745,0.0206,0.0849,0.000,77.961,4.100,-7.720
25.3876,0.0131,0.0525,0.000,78.013,4.100,-7.720
25.3957,0.0081,0.0316,0.000,78.045,4.100,-7.720
25.4047,0.0090,0.0355,0.000,78.081,4.100,-7.720
25.4140,0.0093,0.0366,0.000,78.117,4.100,-7.720
25.4272,0.0132,0.0530,0.000,78.170,4.100,-7.720
25.4367,0.0096,0.0379,0.000,78.208,4.100,-7.720
25.4482,0.0114,0.0456,0.000,78.254,4.100,-7.721
25.4571,0.0089,0.0354,0.000,78.289,4.100,-7.721
25.4677,0.0106,0.0424,0.000,78.332,4.100,-7.721
25.4787,0.0110,0.0438,0.000,78.375,4.100,-7.721
25.4895,0.0108,0.0430,0.000,78.418,4.100,-7.721
25.4976,0.0082,0.0323,0.000,78.451,4.100,-7.721
25.5095,0.0119,0.0478,0.000,78.498,4.100,-7.721
25.5178,0.0083,0.0327,0.000,78.531,4.100,-7.721
25.5294,0.0116,0.0465,0.000,78.578,4.100,-7.722
25.5452,0.0159,0.0644,0.000,78.642,4.100,-7.722
25.5581,0.0129,0.0517,0.000,78.694,4.100,-7.722
25.5710,0.0129,0.0517,0.000,78.745,4.100,-7.722
25.5829,0.0119,0.0478,0.000,78.793,4.100,-7.722
25.6178,0.0349,0.1498,0.000,78.943,4.100,-7.722
25.6455,0.0277,0.1148,0.000,79.058,4.100,-7.722
25.6632,0.0177,0.0706,0.000,79.128,4.100,-7.722
25.6799,0.0167,0.0663,0.000,79.195,4.100,-7.722
25.6994,0.0195,0.0782,0.000,79.273,4.100,-7.723
25.7157,0.0163,0.0645,0.000,79.337,4.100,-7.723
25.7274,0.0117,0.0457,0.000,79.383,4.100,-7.723
25.7366,0.0093,0.0359,0.000,79.419,4.100,-7.723
25.7471,0.0105,0.0410,0.000,79.460,4.100,-7.723
25.7550,0.0079,0.0306,0.000,79.490,4.100,-7.723
25.7650,0.0100,0.0391,0.000,79.530,4.100,-7.724
25.7733,0.0083,0.0323,0.000,79.562,4.100,-7.724
25.7852,0.0119,0.0470,0.000,79.609,4.100,-7.724
25.7925,0.0074,0.0286,0.000,79.638,4.100,-7.724
25.8029,0.0104,0.0409,0.000,79.679,4.100,-7.725
25.8100,0.0071,0.0278,0.000,79.706,4.100,-7.725
25.8171,0.0071,0.0278,0.000,79.734,4.100,-7.725
25.8278,0.0107,0.0425,0.000,79.777,4.100,-7.725
25.8368,0.0090,0.0354,0.000,79.812,4.100,-7.725
25.8469,0.0101,0.0402,0.000,79.852,4.100,-7.726
25.8544,0.0076,0.0298,0.000,79.882,4.100,-7.726
25.8634,0.0090,0.0355,0.000,79.918,4.100,-7.726
25.8718,0.0084,0.0332,0.000,79.951,4.100,-7.726
25.8837,0.0119,0.0479,0.000,79.999,4.100,-7.727
25.8933,0.0096,0.0382,0.000,80.037,4.100,-7.727
25.9053,0.0120,0.0483,0.000,80.085,4.100,-7.727
25.9142,0.0089,0.0353,0.000,80.120,4.100,-7.728
25.9244,0.0102,0.0407,0.000,80.161,4.100,-7.728
25.9321,0.0078,0.0307,0.000,80.192,4.100,-7.728
25.9420,0.0098,0.0392,0.000,80.231,4.100,-7.728
25.9490,0.0070,0.0278,0.000,80.259,4.100,-7.729
25.9562,0.0072,0.0285,0.000,80.287,4.100,-7.729
25.9662,0.0100,0.0399,0.000,80.327,4.100,-7.729
25.9735,0.0073,0.0289,0.000,80.356,4.100,-7.729
25.9832,0.0097,0.0387,0.000,80.395,4.100,-7.729
25.9915,0.0083,0.0331,0.000,80.428,4.100,-7.729
26.0026,0.0111,0.0446,0.000,80.472,4.100,-7.730
26.0101,0.0075,0.0299,0.000,80.502,4.100,-7.730
26.0188,0.0086,0.0345,0.000,80.537,4.100,-7.730
26.0294,0.0106,0.0427,0.000,80.579,4.100,-7.730
26.0372,0.0078,0.0311,0.000,80.611,4.100,-7.730
26.0476,0.0104,0.0419,0.000,80.652,4.100,-7.731
26.0562,0.0086,0.0341,0.000,80.686,4.100,-7.731
26.0655,0.0093,0.0372,0.000,80.724,4.100,-7.731
26.0743,0.0089,0.0353,0.000,80.759,4.100,-7.731
26.0850,0.0107,0.0430,0.000,80.802,4.100,-7.731
26.0928,0.0078,0.0310,0.000,80.833,4.100,-7.731
26.1032,0.0104,0.0417,0.000,80.875,4.100,-7.732
26.1108,0.0076,0.0300,0.000,80.905,4.100,-7.732
26.1183,0.0076,0.0300,0.000,80.935,4.100,-7.732
26.1292,0.0109,0.0440,0.000,80.979,4.100,-7.732
26.1369,0.0077,0.0305,0.000,81.009,4.100,-7.732
26.1469,0.0100,0.0401,0.000,81.049,4.100,-7.732
26.1554,0.0085,0.0339,0.000,81.083,4.100,-7.732
26.1646,0.0091,0.0365,0.000,81.120,4.100,-7.732
26.1722,0.0076,0.0302,0.000,81.150,4.100,-7.732
26.1825,0.0104,0.0416,0.000,81.191,4.100,-7.733
26.1916,0.0091,0.0362,0.000,81.228,4.100,-7.733
26.2018,0.0102,0.0411,0.000,81.269,4.100,-7.733
26.2108,0.0090,0.0357,0.000,81.304,4.100,-7.733
26.2181,0.0073,0.0290,0.000,81.333,4.100,-7.733
26.2282,0.0101,0.0406,0.000,81.374,4.100,-7.733
26.2367,0.0085,0.0338,0.000,81.408,4.100,-7.733
26.2471,0.0104,0.0418,0.000,81.450,4.100,-7.733
26.2552,0.0081,0.0322,0.000,81.482,4.100,-7.733
26.2652,0.0100,0.0401,0.000,81.522,4.100,-7.733
26.2732,0.0080,0.0317,0.000,81.554,4.100,-7.733
26.2830,0.0098,0.0393,0.000,81.593,4.100,-7.733
26.2919,0.0088,0.0351,0.000,81.628,4.100,-7.733
26.3019,0.0100,0.0401,0.000,81.668,4.100,-7.733
26.3095,0.0076,0.0300,0.000,81.698,4.100,-7.733
26.3177,0.0082,0.0327,0.000,81.731,4.100,-7.733
26.3284,0.0106,0.0425,0.000,81.773,4.100,-7.733
26.3359,0.0075,0.0297,0.000,81.803,4.100,-7.733
26.3463,0.0104,0.0416,0.000,81.845,4.100,-7.733
26.3548,0.0085,0.0337,0.000,81.878,4.100,-7.733
26.3633,0.0085,0.0339,0.000,81.912,4.100,-7.734
26.3716,0.0083,0.0331,0.000,81.945,4.100,-7.734
26.3821,0.0104,0.0418,0.000,81.987,4.100,-7.733
26.3898,0.0077,0.0306,0.000,82.018,4.100,-7.733
26.3985,0.0087,0.0344,0.000,82.052,4.100,-7.733
26.4086,0.0101,0.0403,0.000,82.092,4.100,-7.733
26.4172,0.0086,0.0338,0.000,82.126,4.100,-7.733
26.4304,0.0132,0.0527,0.000,82.179,4.100,-7.733
26.4387,0.0083,0.0324,0.000,82.211,4.100,-7.733
26.4488,0.0101,0.0395,0.000,82.251,4.100,-7.732
26.4577,0.0089,0.0345,0.000,82.285,4.100,-7.732
26.4675,0.0098,0.0382,0.000,82.323,4.100,-7.732
26.4750,0.0075,0.0286,0.000,82.352,4.100,-7.732
26.4842,0.0092,0.0355,0.000,82.388,4.100,-7.731
26.4910,0.0068,0.0260,0.000,82.414,4.100,-7.731
26.4983,0.0072,0.0275,0.000,82.441,4.100,-7.731
26.5088,0.0105,0.0402,0.000,82.481,4.100,-7.731
26.5161,0.0073,0.0273,0.000,82.508,4.100,-7.731
26.5241,0.0081,0.0303,0.000,82.539,4.100,-7.731
26.5318,0.0077,0.0288,0.000,82.568,4.100,-7.731
26.5414,0.0096,0.0360,0.000,82.604,4.100,-7.731
26.5484,0.0070,0.0261,0.000,82.630,4.100,-7.731
26.5562,0.0078,0.0288,0.000,82.658,4.100,-7.731
26.5675,0.0113,0.0424,0.000,82.701,4.100,-7.731
26.5757,0.0082,0.0301,0.000,82.731,4.100,-7.731
26.5854,0.0098,0.0360,0.000,82.767,4.100,-7.731
26.5931,0.0077,0.0281,0.000,82.795,4.100,-7.731
26.6023,0.0092,0.0338,0.000,82.829,4.100,-7.731
26.6105,0.0081,0.0296,0.000,82.858,4.100,-7.731
26.6174,0.0070,0.0300,0.000,82.884,4.100,-7.715
26.6353,0.0178,13.3145,159.106,84.343,1.380,5.237
26.6468,0.0115,0.8657,4.710,85.206,1.453,5.259
26.6557,0.0089,0.3907,2.757,85.593,1.505,5.269
26.6643,0.0086,0.3529,1.964,85.942,1.552,5.278
26.6726,0.0082,0.3168,1.330,86.256,1.595,5.286
26.6813,0.0087,0.3149,0.898,86.568,1.637,5.294
26.6883,0.0070,0.2377,0.437,86.804,1.669,5.300
26.6955,0.0072,0.2306,0.206,87.032,1.700,5.306
26.7053,0.0098,0.2969,0.168,87.326,1.740,5.314
26.7128,0.0074,0.2097,0.274,87.534,1.768,5.320
26.7219,0.0091,0.2425,0.542,87.774,1.801,5.326
26.7290,0.0071,0.1776,0.517,87.950,1.825,5.330
26.7354,0.0064,0.1520,0.529,88.100,1.846,5.334
26.7444,0.0091,0.2038,0.865,88.302,1.874,5.340
26.7514,0.0070,0.1482,0.708,88.449,1.894,5.344
26.7614,0.0099,0.1973,1.083,88.644,1.921,5.349
26.7694,0.0081,0.1506,0.904,88.793,1.942,5.353
26.7760,0.0065,0.1155,0.738,88.908,1.958,5.356
26.7852,0.0092,0.1542,1.068,89.060,1.979,5.361
26.7938,0.0086,0.1348,0.991,89.194,1.998,5.364
26.8039,0.0101,0.0000,0.000,89.194,1.998,5.364
26.8103,0.0064,0.0000,0.000,89.194,1.998,5.364
26.8169,0.0066,0.0000,0.000,89.194,1.998,5.364
26.8224,0.0055,0.0000,0.000,89.194,1.998,5.364
26.8288,0.0064,0.0000,0.000,89.194,1.998,5.364
26.8357,0.0069,0.0000,0.000,89.194,1.998,5.364
26.8422,0.0064,0.0000,0.000,89.194,1.998,5.364
26.8475,0.0054,0.0000,0.000,89.194,1.998,5.364
26.8537,0.0061,0.0000,0.000,89.194,1.998,5.364
26.8590,0.0053,0.0000,0.000,89.194,1.998,5.364
26.8650,0.0060,0.0000,0.000,89.194,1.998,5.364
26.8716,0.0067,0.1018,0.731,89.294,2.013,5.368
26.8783,0.0067,0.0969,0.727,89.390,2.027,5.371
26.8854,0.0072,0.0995,0.779,89.489,2.041,5.374
26.8942,0.0088,0.1157,0.951,89.603,2.058,5.378
26.9024,0.0082,0.1008,0.860,89.703,2.073,5.381
26.9110,0.0085,0.0995,0.878,89.801,2.087,5.384
26.9189,0.0079,0.0872,0.792,89.887,2.100,5.387
26.9269,0.0080,0.0836,0.780,89.970,2.112,5.390
26.9360,0.0090,0.0889,0.850,90.058,2.125,5.394
26.9433,0.0074,0.0685,0.664,90.125,2.135,5.396
26.9522,0.0089,0.0782,0.775,90.203,2.147,5.399
26.9586,0.0064,0.0536,0.537,90.256,2.155,5.401
26.9662,0.0076,0.0607,0.615,90.316,2.164,5.403
26.9744,0.0082,0.0622,0.639,90.377,2.173,5.406
26.9824,0.0081,0.0583,0.603,90.435,2.181,5.408
26.9919,0.0095,0.0653,0.682,90.499,2.190,5.411
26.9984,0.0065,0.0424,0.441,90.541,2.197,5.413
27.0057,0.0073,0.0457,0.476,90.587,2.203,5.415
27.0152,0.0094,0.0564,0.591,90.642,2.211,5.418
27.0224,0.0073,0.0414,0.433,90.683,2.217,5.420
27.0318,0.0093,0.0509,0.531,90.734,2.223,5.423
27.0399,0.0081,0.0419,0.433,90.775,2.229,5.425
27.0471,0.0072,0.0360,0.371,90.811,2.233,5.427
27.0560,0.0089,0.0427,0.437,90.853,2.239,5.429
27.0648,0.0088,0.0401,0.405,90.893,2.244,5.432
27.0744,0.0096,0.0421,0.422,90.935,2.248,5.434
27.0815,0.0070,0.0294,0.291,90.964,2.252,5.436
27.0883,0.0068,0.0275,0.268,90.991,2.255,5.438
27.0967,0.0084,0.0329,0.317,91.024,2.258,5.440
27.1035,0.0068,0.0255,0.241,91.049,2.261,5.442
27.1127,0.0092,0.0334,0.314,91.082,2.264,5.444
27.1205,0.0078,0.0270,0.250,91.109,2.267,5.446
27.1274,0.0069,0.0230,0.209,91.132,2.269,5.448
27.1377,0.0104,0.0337,0.301,91.165,2.272,5.450
27.1446,0.0068,0.0213,0.186,91.186,2.274,5.452
27.1538,0.0092,0.0278,0.237,91.214,2.277,5.454
27.1619,0.0081,0.0235,0.198,91.237,2.279,5.455
27.1684,0.0065,0.0183,0.000,91.255,2.281,5.457
27.1770,0.0086,0.0234,0.186,91.279,2.283,5.459
27.1841,0.0072,0.0189,0.000,91.297,2.284,5.460
27.1926,0.0085,0.0217,0.163,91.319,2.286,5.462
27.2004,0.0078,0.0194,0.000,91.338,2.287,5.463
27.2081,0.0077,0.0185,0.000,91.357,2.289,5.465
27.2172,0.0091,0.0212,0.000,91.378,2.291,5.466
27.2238,0.0066,0.0148,0.000,91.392,2.292,5.468
27.2336,0.0098,0.0216,0.000,91.414,2.294,5.469
27.2412,0.0077,0.0163,0.000,91.430,2.295,5.471
27.2480,0.0068,0.0140,0.000,91.444,2.296,5.472
27.2577,0.0097,0.0196,0.000,91.464,2.298,5.473
27.2651,0.0074,0.0143,0.000,91.478,2.299,5.474
27.2740,0.0089,0.0169,0.000,91.495,2.300,5.476
27.2824,0.0084,0.0156,0.000,91.510,2.301,5.477
27.2918,0.0094,0.0169,0.000,91.527,2.303,5.478
27.2984,0.0066,0.0114,0.000,91.538,2.304,5.479
27.3060,0.0076,0.0129,0.000,91.551,2.305,5.480
27.3139,0.0080,0.0132,0.000,91.564,2.306,5.481
27.3205,0.0066,0.0107,0.000,91.575,2.307,5.482
27.3287,0.0081,0.0129,0.000,91.588,2.308,5.483
27.3383,0.0096,0.0149,0.000,91.603,2.309,5.484
27.3450,0.0067,0.0101,0.000,91.613,2.310,5.484
27.3542,0.0092,0.0136,0.000,91.626,2.311,5.485
27.3610,0.0068,0.0098,0.000,91.636,2.312,5.486
27.3671,0.0061,0.0087,0.000,91.644,2.313,5.486
27.3767,0.0095,0.0133,0.000,91.658,2.314,5.487
27.3838,0.0071,0.0096,0.000,91.667,2.315,5.488
27.3930,0.0093,0.0123,0.000,91.679,2.316,5.489
27.4013,0.0083,0.0107,0.000,91.690,2.317,5.489
27.4090,0.0077,0.0097,0.000,91.700,2.318,5.490
27.4190,0.0099,0.0124,0.000,91.712,2.319,5.491
27.4286,0.0097,0.0117,0.000,91.724,2.321,5.491
27.4378,0.0091,0.0108,0.000,91.734,2.322,5.492
27.4457,0.0080,0.0092,0.000,91.744,2.323,5.492
27.4546,0.0089,0.0101,0.000,91.754,2.324,5.493
27.4621,0.0075,0.0082,0.000,91.762,2.325,5.493
27.4684,0.0063,0.0069,0.000,91.769,2.325,5.493
27.4784,0.0100,0.0108,0.000,91.779,2.327,5.494
27.4854,0.0070,0.0072,0.000,91.786,2.327,5.494
27.4929,0.0075,0.0077,0.000,91.794,2.328,5.494
27.5006,0.0077,0.0078,0.000,91.802,2.329,5.495
27.5074,0.0068,0.0067,0.000,91.808,2.330,5.495
27.5176,0.0102,0.0100,0.000,91.818,2.331,5.495
27.5251,0.0076,0.0072,0.000,91.826,2.332,5.495
27.5338,0.0087,0.0081,0.000,91.834,2.333,5.495
27.5416,0.0077,0.0071,0.000,91.841,2.334,5.496
27.5492,0.0076,0.0068,0.000,91.847,2.334,5.496
27.5591,0.0100,0.0088,0.000,91.856,2.335,5.496
27.5659,0.0068,0.0059,0.000,91.862,2.336,5.496
27.5749,0.0089,0.0076,0.000,91.870,2.337,5.496
27.5822,0.0073,0.0061,0.000,91.876,2.337,5.496
27.5888,0.0066,0.0054,0.000,91.881,2.338,5.496
27.5981,0.0094,0.0076,0.000,91.889,2.339,5.496
27.6053,0.0071,0.0056,0.000,91.894,2.339,5.495
27.6133,0.0080,0.0062,0.000,91.900,2.340,5.495
27.6214,0.0081,0.0062,0.000,91.907,2.340,5.495
27.6283,0.0070,0.0052,0.000,91.912,2.341,5.495
27.6378,0.0094,0.0070,0.000,91.919,2.342,5.495
27.6458,0.0080,0.0057,0.000,91.924,2.342,5.495
27.6543,0.0085,0.0060,0.000,91.930,2.343,5.495
27.6612,0.0069,0.0047,0.000,91.935,2.343,5.494
27.6687,0.0076,0.0051,0.000,91.940,2.343,5.494
27.6783,0.0096,0.0064,0.000,91.946,2.344,5.494
27.6868,0.0084,0.0054,0.000,91.952,2.344,5.494
27.6956,0.0088,0.0056,0.000,91.957,2.345,5.494
27.7038,0.0082,0.0051,0.000,91.962,2.345,5.493
27.7160,0.0122,0.0073,0.000,91.970,2.346,5.493
27.7265,0.0104,0.0061,0.000,91.976,2.346,5.493
27.7372,0.0107,0.0060,0.000,91.982,2.347,5.492
27.7474,0.0102,0.0056,0.000,91.987,2.347,5.492
27.7612,0.0138,0.0073,0.000,91.995,2.348,5.492
27.7708,0.0096,0.0049,0.000,91.999,2.348,5.491
27.7821,0.0113,0.0055,0.000,92.005,2.349,5.491
27.7923,0.0102,0.0048,0.000,92.010,2.349,5.491
27.8022,0.0099,0.0045,0.000,92.014,2.349,5.490
27.8109,0.0086,0.0038,0.000,92.018,2.350,5.490
27.8213,0.0105,0.0044,0.000,92.022,2.350,5.490
27.8282,0.0069,0.0028,0.000,92.025,2.350,5.490
27.8372,0.0090,0.0036,0.000,92.029,2.351,5.489
27.8445,0.0073,0.0028,0.000,92.031,2.351,5.489
27.8549,0.0104,0.0039,0.000,92.035,2.351,5.489
27.8620,0.0071,0.0025,0.000,92.038,2.351,5.489
27.8696,0.0076,0.0026,0.000,92.040,2.351,5.488
27.8782,0.0086,0.0029,0.000,92.043,2.352,5.488
27.8881,0.0099,0.0032,0.000,92.046,2.352,5.488
27.8984,0.0103,0.0032,0.000,92.050,2.352,5.488
27.9058,0.0074,0.0022,0.000,92.052,2.352,5.487
27.9141,0.0083,0.0024,0.000,92.054,2.352,5.487
27.9224,0.0083,0.0022,0.000,92.056,2.353,5.487
27.9327,0.0103,0.0027,0.000,92.059,2.353,5.487
27.9391,0.0065,0.0016,0.000,92.061,2.353,5.487
27.9462,0.0070,0.0017,0.000,92.062,2.353,5.486
27.9552,0.0090,0.0021,0.000,92.064,2.353,5.486
27.9626,0.0074,0.0016,0.000,92.066,2.353,5.486
27.9721,0.0095,0.0019,0.000,92.068,2.354,5.486
27.9786,0.0065,0.0013,0.000,92.069,2.354,5.486
27.9857,0.0071,0.0013,0.000,92.070,2.354,5.485
27.9960,0.0103,0.0018,0.000,92.072,2.354,5.485
28.0034,0.0074,0.0012,0.000,92.073,2.354,5.485
28.0122,0.0088,0.0014,0.000,92.075,2.354,5.485
28.0195,0.0072,0.0010,0.000,92.076,2.355,5.485
28.0268,0.0074,0.0010,0.000,92.077,2.355,5.484
28.0348,0.0080,0.0010,0.000,92.078,2.355,5.484
28.0423,0.0075,0.0009,0.000,92.078,2.355,5.484
28.0487,0.0064,0.0007,0.000,92.079,2.355,5.484
28.0581,0.0094,0.0010,0.000,92.080,2.355,5.484
28.0653,0.0071,0.0007,0.000,92.081,2.356,5.483
28.0730,0.0078,0.0007,0.000,92.081,2.356,5.483
28.0800,0.0070,0.0005,0.000,92.082,2.356,5.483
28.0872,0.0072,0.0005,0.000,92.082,2.356,5.483
28.0954,0.0081,0.0005,0.000,92.083,2.356,5.483
28.1027,0.0073,0.0004,0.000,92.083,2.357,5.483
28.1117,0.0091,0.0005,0.000,92.083,2.357,5.482
28.1182,0.0064,0.0003,0.000,92.083,2.357,5.482
28.1251,0.0069,0.0003,0.000,92.084,2.357,5.482
28.1348,0.0097,0.0004,0.000,92.084,2.357,5.482
28.1414,0.0066,0.0002,0.000,92.084,2.358,5.482
28.1482,0.0068,0.0002,0.000,92.084,2.358,5.482
28.1574,0.0092,0.0003,0.000,92.084,2.358,5.481
28.1648,0.0074,0.0003,0.000,92.084,2.358,5.481
28.1727,0.0079,0.0003,0.000,92.083,2.359,5.481
28.1807,0.0080,0.0004,0.000,92.083,2.359,5.481
28.1872,0.0065,0.0003,0.000,92.083,2.359,5.481
28.1958,0.0086,0.0005,0.000,92.083,2.359,5.481
28.2029,0.0070,0.0004,0.000,92.082,2.359,5.481
28.2115,0.0086,0.0006,0.000,92.082,2.360,5.481
28.2176,0.0061,0.0004,0.000,92.081,2.360,5.481
28.2264,0.0088,0.0007,0.000,92.081,2.360,5.481
28.2353,0.0089,0.0007,0.000,92.080,2.360,5.480
28.2429,0.0076,0.0007,0.000,92.079,2.361,5.480
28.2524,0.0095,0.0009,0.000,92.079,2.361,5.480
28.2604,0.0080,0.0008,0.000,92.078,2.361,5.480
28.2669,0.0065,0.0007,0.000,92.077,2.361,5.480
28.2757,0.0088,0.0010,0.000,92.076,2.362,5.480
28.2828,0.0071,0.0008,0.000,92.075,2.362,5.480
28.2922,0.0094,0.0012,0.000,92.074,2.362,5.480
28.2992,0.0070,0.0009,0.000,92.073,2.362,5.480
28.3058,0.0066,0.0009,0.000,92.072,2.363,5.480
28.3135,0.0077,0.0010,0.000,92.071,2.363,5.480
28.3215,0.0080,0.0011,0.000,92.070,2.363,5.480
28.3283,0.0068,0.0010,0.000,92.069,2.363,5.480
28.3375,0.0092,0.0014,0.000,92.068,2.363,5.481
28.3455,0.0081,0.0013,0.000,92.067,2.364,5.481
28.3541,0.0086,0.0014,0.000,92.065,2.364,5.481
28.3620,0.0079,0.0013,0.000,92.064,2.364,5.481
28.3701,0.0081,0.0014,0.000,92.063,2.364,5.481
28.3789,0.0088,0.0015,0.000,92.061,2.364,5.481
28.3859,0.0070,0.0012,0.000,92.060,2.365,5.481
28.3952,0.0092,0.0017,0.000,92.058,2.365,5.481
28.4019,0.0068,0.0012,0.000,92.057,2.365,5.481
28.4089,0.0069,0.0013,0.000,92.056,2.365,5.481
28.4187,0.0098,0.0019,0.000,92.054,2.365,5.482
28.4268,0.0080,0.0016,0.000,92.052,2.365,5.482
28.4362,0.0094,0.0019,0.000,92.050,2.366,5.482
28.4443,0.0082,0.0017,0.000,92.049,2.366,5.482
28.4547,0.0104,0.0022,0.000,92.047,2.366,5.482
28.4621,0.0074,0.0016,0.000,92.045,2.366,5.482
28.4695,0.0074,0.0016,0.000,92.043,2.366,5.482
28.4789,0.0094,0.0021,0.000,92.041,2.367,5.483
28.4858,0.0069,0.0015,0.000,92.040,2.367,5.483
28.4944,0.0086,0.0020,0.000,92.038,2.367,5.483
28.5013,0.0069,0.0016,0.000,92.036,2.367,5.483
28.5071,0.0057,0.0013,0.000,92.035,2.367,5.483
28.5154,0.0083,0.0020,0.000,92.033,2.367,5.483
28.5222,0.0068,0.0016,0.000,92.031,2.367,5.483
28.5285,0.0063,0.0016,0.000,92.030,2.368,5.484
28.5375,0.0090,0.0023,0.000,92.027,2.368,5.484
28.5440,0.0065,0.0016,0.000,92.026,2.368,5.484
28.5520,0.0079,0.0020,0.000,92.024,2.368,5.484
28.5589,0.0069,0.0018,0.000,92.022,2.368,5.484
28.5666,0.0077,0.0020,0.000,92.020,2.368,5.484
28.5754,0.0089,0.0024,0.000,92.018,2.368,5.485
28.5826,0.0072,0.0019,0.000,92.016,2.369,5.485
28.5910,0.0083,0.0023,0.000,92.013,2.369,5.485
28.5975,0.0065,0.0018,0.000,92.012,2.369,5.485
28.6059,0.0084,0.0023,0.000,92.009,2.369,5.486
28.6146,0.0087,0.0024,0.000,92.007,2.369,5.486
28.6213,0.0067,0.0019,0.000,92.005,2.369,5.486
28.6284,0.0071,0.0020,0.000,92.003,2.370,5.486
28.6381,0.0097,0.0027,0.000,92.001,2.370,5.487
28.6448,0.0067,0.0019,0.000,91.999,2.370,5.487
28.6549,0.0101,0.0029,0.000,91.996,2.370,5.487
28.6624,0.0075,0.0021,0.000,91.994,2.370,5.487
28.6728,0.0104,0.0029,0.000,91.991,2.371,5.488
28.6824,0.0096,0.0027,0.000,91.988,2.371,5.488
28.6911,0.0087,0.0024,0.000,91.986,2.371,5.489
28.6981,0.0069,0.0019,0.000,91.984,2.371,5.489
28.7057,0.0077,0.0021,0.000,91.982,2.371,5.489
28.7140,0.0083,0.0023,0.000,91.980,2.372,5.490
28.7277,0.0137,0.0038,0.000,91.976,2.372,5.490
28.7436,0.0159,0.0043,0.000,91.972,2.372,5.491
28.7647,0.0212,0.0057,0.000,91.966,2.373,5.492
28.7774,0.0127,0.0033,0.000,91.963,2.373,5.493
28.7866,0.0092,0.0023,0.000,91.961,2.373,5.493
28.7958,0.0092,0.0023,0.000,91.958,2.373,5.494
28.8032,0.0075,0.0018,0.000,91.957,2.373,5.494
28.8138,0.0106,0.0026,0.000,91.954,2.373,5.495
28.8215,0.0077,0.0018,0.000,91.952,2.373,5.495
28.8283,0.0067,0.0016,0.000,91.951,2.373,5.496
28.8393,0.0110,0.0026,0.000,91.948,2.373,5.496
28.8470,0.0078,0.0018,0.000,91.947,2.373,5.497
28.8572,0.0101,0.0023,0.000,91.944,2.373,5.497
28.8658,0.0087,0.0019,0.000,91.943,2.373,5.497
28.8759,0.0100,0.0022,0.000,91.940,2.373,5.498
28.8830,0.0071,0.0015,0.000,91.939,2.373,5.498
28.8936,0.0106,0.0023,0.000,91.937,2.373,5.499
28.9018,0.0082,0.0017,0.000,91.935,2.373,5.499
28.9087,0.0070,0.0014,0.000,91.934,2.373,5.500
28.9193,0.0106,0.0022,0.000,91.932,2.373,5.500
28.9277,0.0084,0.0017,0.000,91.930,2.373,5.501
28.9382,0.0106,0.0021,0.000,91.928,2.373,5.501
28.9465,0.0083,0.0016,0.000,91.926,2.373,5.501
28.9559,0.0094,0.0018,0.000,91.925,2.373,5.502
28.9643,0.0084,0.0016,0.000,91.923,2.373,5.502
28.9760,0.0117,0.0022,0.000,91.921,2.373,5.503
28.9837,0.0077,0.0014,0.000,91.920,2.373,5.503
28.9939,0.0102,0.0018,0.000,91.918,2.373,5.503
29.0019,0.0080,0.0014,0.000,91.916,2.373,5.504
29.0091,0.0072,0.0012,0.000,91.915,2.373,5.504
29.0195,0.0104,0.0018,0.000,91.914,2.373,5.504
29.0280,0.0085,0.0014,0.000,91.912,2.373,5.505
29.0380,0.0100,0.0016,0.000,91.911,2.373,5.505
29.0457,0.0077,0.0012,0.000,91.909,2.373,5.505
29.0573,0.0116,0.0019,0.000,91.908,2.373,5.506
29.0658,0.0085,0.0013,0.000,91.906,2.372,5.506
29.0764,0.0106,0.0016,0.000,91.905,2.372,5.506
29.0852,0.0087,0.0013,0.000,91.903,2.372,5.507
29.0950,0.0099,0.0014,0.000,91.902,2.372,5.507
29.1025,0.0075,0.0011,0.000,91.901,2.372,5.507
29.1128,0.0102,0.0014,0.000,91.900,2.372,5.507
29.1199,0.0072,0.0010,0.000,91.899,2.372,5.507
29.1325,0.0125,127.7620,60.610,-13.805,2.200,77.270
29.1487,0.0162,0.0000,0.000,-13.805,2.200,77.270
29.1598,0.0110,0.0000,0.000,-13.805,2.200,77.270
29.1673,0.0076,0.0000,0.000,-13.805,2.200,77.270
29.1793,0.0120,0.0000,0.000,-13.805,2.200,77.270
29.1873,0.0080,0.0000,0.000,-13.805,2.200,77.270
29.1981,0.0108,0.0000,0.000,-13.805,2.200,77.270
29.2077,0.0096,0.0000,0.000,-13.805,2.200,77.270
29.2176,0.0099,0.0000,0.000,-13.805,2.200,77.270
29.2253,0.0077,0.0000,0.000,-13.805,2.200,77.270
29.2363,0.0110,0.0000,0.000,-13.805,2.200,77.270
29.2442,0.0078,0.0000,0.000,-13.805,2.200,77.270
29.2541,0.0100,0.0000,0.000,-13.805,2.200,77.270
29.2625,0.0083,0.0000,0.000,-13.805,2.200,77.270
29.2724,0.0100,0.0000,0.000,-13.805,2.200,77.270
29.2802,0.0077,0.0000,0.000,-13.805,2.200,77.270
29.2877,0.0075,0.0000,0.000,-13.805,2.200,77.270
29.2971,0.0095,0.0000,0.000,-13.805,2.200,77.270
29.3041,0.0069,0.0000,0.000,-13.805,2.200,77.270
29.3147,0.0107,0.0000,0.000,-13.805,2.200,77.270
29.3228,0.0081,0.0000,0.000,-13.805,2.200,77.270
29.3328,0.0100,0.0000,0.000,-13.805,2.200,77.270
29.3414,0.0086,0.0000,0.000,-13.805,2.200,77.270
29.3492,0.0079,0.0000,0.000,-13.805,2.200,77.270
29.3589,0.0097,0.0000,0.000,-13.805,2.200,77.270
29.3670,0.0080,0.0000,0.000,-13.805,2.200,77.270
29.3760,0.0090,0.0000,0.000,-13.805,2.200,77.270
29.3836,0.0076,0.0000,0.000,-13.805,2.200,77.270
29.3946,0.0110,0.0000,0.000,-13.805,2.200,77.270
29.4025,0.0079,0.0000,0.000,-13.805,2.200,77.270
29.4129,0.0104,0.0000,0.000,-13.805,2.200,77.270
29.4212,0.0083,0.0000,0.000,-13.805,2.200,77.270
29.4279,0.0067,0.0000,0.000,-13.805,2.200,77.270
29.4343,0.0064,0.0000,0.000,-13.805,2.200,77.270
29.4414,0.0070,0.0000,0.000,-13.805,2.200,77.270
29.4481,0.0067,0.0000,0.000,-13.805,2.200,77.270
29.4547,0.0066,0.0000,0.000,-13.805,2.200,77.270
29.4624,0.0077,0.0000,0.000,-13.805,2.200,77.270
29.4690,0.0067,0.0000,0.000,-13.805,2.200,77.270
29.4749,0.0059,0.0000,0.000,-13.805,2.200,77.270
29.4818,0.0069,0.0000,0.000,-13.805,2.200,77.270
29.4875,0.0057,0.0000,0.000,-13.805,2.200,77.270
29.4939,0.0064,0.0000,0.000,-13.805,2.200,77.270
29.5030,0.0091,0.0000,0.000,-13.805,2.200,77.270
29.5126,0.0096,0.0000,0.000,-13.805,2.200,77.270
29.5202,0.0076,0.0000,0.000,-13.805,2.200,77.270
29.5297,0.0095,0.0000,0.000,-13.805,2.200,77.270
29.5371,0.0075,0.0000,0.000,-13.805,2.200,77.270
29.5466,0.0095,0.0000,0.000,-13.805,2.200,77.270
29.5542,0.0076,0.0000,0.000,-13.805,2.200,77.270
29.5612,0.0070,0.0000,0.000,-13.805,2.200,77.270
29.5695,0.0083,0.0000,0.000,-13.805,2.200,77.270
29.5775,0.0080,0.0000,0.000,-13.805,2.200,77.270
29.5865,0.0090,0.0000,0.000,-13.805,2.200,77.270
29.5933,0.0068,0.0000,0.000,-13.805,2.200,77.270
29.6015,0.0082,0.0000,0.000,-13.805,2.200,77.270
29.6103,0.0088,0.0000,0.000,-13.805,2.200,77.270
29.6173,0.0070,0.0000,0.000,-13.805,2.200,77.270
29.6269,0.0095,0.0000,0.000,-13.805,2.200,77.270
29.6335,0.0066,0.0000,0.000,-13.805,2.200,77.270
29.6410,0.0075,0.0000,0.000,-13.805,2.200,77.270
29.6517,0.0107,0.0000,0.000,-13.805,2.200,77.270
29.6591,0.0074,0.0000,0.000,-13.805,2.200,77.270
29.6680,0.0089,0.0000,0.000,-13.805,2.200,77.270
29.6771,0.0091,0.0000,0.000,-13.805,2.200,77.270
29.6880,0.0109,0.0000,0.000,-13.805,2.200,77.270
29.6954,0.0073,0.0000,0.000,-13.805,2.200,77.270
29.7034,0.0080,0.0000,0.000,-13.805,2.200,77.270
29.7131,0.0097,0.0000,0.000,-13.805,2.200,77.270
29.7209,0.0078,0.0000,0.000,-13.805,2.200,77.270
29.7306,0.0096,0.0000,0.000,-13.805,2.200,77.270
29.7380,0.0075,0.0000,0.000,-13.805,2.200,77.270
29.7474,0.0094,0.0000,0.000,-13.805,2.200,77.270
29.7560,0.0086,0.0000,0.000,-13.805,2.200,77.270
29.7630,0.0071,0.0000,0.000,-13.805,2.200,77.270
29.7727,0.0096,0.0000,0.000,-13.805,2.200,77.270
29.7817,0.0090,0.0000,0.000,-13.805,2.200,77.270
29.7925,0.0108,0.0000,0.000,-13.805,2.200,77.270
29.8026,0.0101,0.0000,0.000,-13.805,2.200,77.270
29.8138,0.0112,0.0000,0.000,-13.805,2.200,77.270
29.8240,0.0101,0.0000,0.000,-13.805,2.200,77.270
29.8352,0.0113,0.0000,0.000,-13.805,2.200,77.270
29.8454,0.0102,0.0000,0.000,-13.805,2.200,77.270
29.8578,0.0124,0.0000,0.000,-13.805,2.200,77.270
29.8686,0.0108,0.0000,0.000,-13.805,2.200,77.270
29.8781,0.0095,0.0000,0.000,-13.805,2.200,77.270
29.8882,0.0101,0.0000,0.000,-13.805,2.200,77.270
29.8972,0.0090,0.0000,0.000,-13.805,2.200,77.270
29.9086,0.0114,0.0000,0.000,-13.805,2.200,77.270
29.9170,0.0084,0.0000,0.000,-13.805,2.200,77.270
29.9285,0.0116,0.0000,0.000,-13.805,2.200,77.270
29.9367,0.0082,0.0000,0.000,-13.805,2.200,77.270
29.9433,0.0066,0.0000,0.000,-13.805,2.200,77.270
29.9530,0.0096,0.0000,0.000,-13.805,2.200,77.270
29.9618,0.0088,0.0000,0.000,-13.805,2.200,77.270
29.9712,0.0094,0.0000,0.000,-13.805,2.200,77.270
29.9787,0.0075,0.0000,0.000,-13.805,2.200,77.270
29.9894,0.0107,0.0000,0.000,-13.805,2.200,77.270
29.9969,0.0075,0.0000,0.000,-13.805,2.200,77.270
30.0069,0.0100,0.0000,0.000,-13.805,2.200,77.270
30.0155,0.0087,0.0000,0.000,-13.805,2.200,77.270
30.0238,0.0082,0.0000,0.000,-13.805,2.200,77.270
30.0354,0.0116,0.0000,0.000,-13.805,2.200,77.270
30.0438,0.0085,0.0000,0.000,-13.805,2.200,77.270
30.0533,0.0095,0.0000,0.000,-13.805,2.200,77.270
30.0610,0.0076,0.0000,0.000,-13.805,2.200,77.270
30.0702,0.0093,0.0000,0.000,-13.805,2.200,77.270
30.0780,0.0078,0.0000,0.000,-13.805,2.200,77.270
30.0880,0.0099,0.0000,0.000,-13.805,2.200,77.270
30.0968,0.0088,0.0000,0.000,-13.805,2.200,77.270
30.1035,0.0067,0.0000,0.000,-13.805,2.200,77.270
30.1128,0.0094,0.0000,0.000,-13.805,2.200,77.270
30.1209,0.0081,0.0000,0.000,-13.805,2.200,77.270
30.1303,0.0093,0.0000,0.000,-13.805,2.200,77.270
30.1375,0.0073,0.0000,0.000,-13.805,2.200,77.270
30.1483,0.0107,0.0000,0.000,-13.805,2.200,77.270
30.1558,0.0075,0.0000,0.000,-13.805,2.200,77.270
30.1631,0.0073,0.0000,0.000,-13.805,2.200,77.270
30.1732,0.0101,0.0000,0.000,-13.805,2.200,77.270
30.1810,0.0078,0.0000,0.000,-13.805,2.200,77.270
30.1906,0.0095,0.0000,0.000,-13.805,2.200,77.270
30.1995,0.0090,0.0000,0.000,-13.805,2.200,77.270
30.2096,0.0101,0.0000,0.000,-13.805,2.200,77.270
30.2168,0.0072,0.0000,0.000,-13.805,2.200,77.270
30.2254,0.0086,0.0000,0.000,-13.805,2.200,77.270
30.2352,0.0098,0.0000,0.000,-13.805,2.200,77.270
30.2423,0.0071,0.0000,0.000,-13.805,2.200,77.270
30.2524,0.0101,0.0000,0.000,-13.805,2.200,77.270
30.2598,0.0074,0.0000,0.000,-13.805,2.200,77.270
30.2689,0.0091,0.0000,0.000,-13.805,2.200,77.270
30.2780,0.0091,0.0000,0.000,-13.805,2.200,77.270
30.2877,0.0097,0.0000,0.000,-13.805,2.200,77.270
30.2954,0.0078,0.0000,0.000,-13.805,2.200,77.270
30.3041,0.0086,0.0000,0.000,-13.805,2.200,77.270
30.3135,0.0094,0.0000,0.000,-13.805,2.200,77.270
30.3216,0.0081,0.0000,0.000,-13.805,2.200,77.270
30.3321,0.0105,0.0000,0.000,-13.805,2.200,77.270
30.3407,0.0086,0.0000,0.000,-13.805,2.200,77.270
30.3505,0.0098,0.0000,0.000,-13.805,2.200,77.270
30.3601,0.0096,0.0000,0.000,-13.805,2.200,77.270
30.3699,0.0099,0.0000,0.000,-13.805,2.200,77.270
30.3774,0.0074,0.0000,0.000,-13.805,2.200,77.270
30.3878,0.0104,0.0000,0.000,-13.805,2.200,77.270
30.3964,0.0086,0.0000,0.000,-13.805,2.200,77.270
30.4039,0.0075,0.0000,0.000,-13.805,2.200,77.270
30.4153,0.0114,0.0000,0.000,-13.805,2.200,77.270
30.4237,0.0085,0.0000,0.000,-13.805,2.200,77.270
30.4334,0.0097,0.0000,0.000,-13.805,2.200,77.270
30.4434,0.0100,0.0000,0.000,-13.805,2.200,77.270
30.4532,0.0098,0.0000,0.000,-13.805,2.200,77.270
30.4614,0.0081,0.0000,0.000,-13.805,2.200,77.270
30.4714,0.0100,0.0000,0.000,-13.805,2.200,77.270
30.4789,0.0075,0.0000,0.000,-13.805,2.200,77.270
30.4893,0.0104,0.0000,0.000,-13.805,2.200,77.270
30.4990,0.0097,0.0000,0.000,-13.805,2.200,77.270
30.5103,0.0114,0.0000,0.000,-13.805,2.200,77.270
30.5200,0.0097,0.0000,0.000,-13.805,2.200,77.270
30.5325,0.0125,0.0000,0.000,-13.805,2.200,77.270
30.5432,0.0108,0.0000,0.000,-13.805,2.200,77.270
30.5548,0.0115,0.0000,0.000,-13.805,2.200,77.270
30.5649,0.0101,0.0000,0.000,-13.805,2.200,77.270
30.5766,0.0117,0.0000,0.000,-13.805,2.200,77.270
30.5863,0.0096,0.0000,0.000,-13.805,2.200,77.270
30.5975,0.0112,0.0000,0.000,-13.805,2.200,77.270
30.6097,0.0122,0.0000,0.000,-13.805,2.200,77.270
30.6190,0.0092,0.0000,0.000,-13.805,2.200,77.270
30.6318,0.0128,0.0000,0.000,-13.805,2.200,77.270
30.6424,0.0107,0.0000,0.000,-13.805,2.200,77.270
30.6548,0.0123,0.0000,0.000,-13.805,2.200,77.270
30.6655,0.0107,0.0000,0.000,-13.805,2.200,77.270
30.6767,0.0113,0.0000,0.000,-13.805,2.200,77.270
30.6860,0.0093,0.0000,0.000,-13.805,2.200,77.270
30.6972,0.0112,0.0000,0.000,-13.805,2.200,77.270
30.7075,0.0103,0.0000,0.000,-13.805,2.200,77.270
30.7151,0.0076,0.0000,0.000,-13.805,2.200,77.270
30.7232,0.0082,0.0000,0.000,-13.805,2.200,77.270
30.7327,0.0095,0.0000,0.000,-13.805,2.200,77.270
30.7411,0.0084,0.0000,0.000,-13.805,2.200,77.270
30.7527,0.0116,0.0000,0.000,-13.805,2.200,77.270
30.7613,0.0086,0.0000,0.000,-13.805,2.200,77.270
30.7702,0.0089,0.0000,0.000,-13.805,2.200,77.270
30.7792,0.0090,0.0000,0.000,-13.805,2.200,77.270
30.7883,0.0091,0.0000,0.000,-13.805,2.200,77.270
30.7954,0.0070,0.0000,0.000,-13.805,2.200,77.270
30.8030,0.0076,0.0000,0.000,-13.805,2.200,77.270
30.8131,0.0101,0.0000,0.000,-13.805,2.200,77.270
30.8205,0.0074,0.0000,0.000,-13.805,2.200,77.270
30.8301,0.0096,0.0000,0.000,-13.805,2.200,77.270
30.8376,0.0075,0.0000,0.000,-13.805,2.200,77.270
30.8470,0.0094,0.0000,0.000,-13.805,2.200,77.270
30.8546,0.0076,0.0000,0.000,-13.805,2.200,77.270
30.8616,0.0070,0.0000,0.000,-13.805,2.200,77.270
30.8693,0.0077,0.0000,0.000,-13.805,2.200,77.270
30.8782,0.0089,0.0000,0.000,-13.805,2.200,77.270
30.8869,0.0087,0.0000,0.000,-13.805,2.200,77.270
30.8933,0.0065,0.0000,0.000,-13.805,2.200,77.270
30.9013,0.0080,0.0000,0.000,-13.805,2.200,77.270
30.9101,0.0087,0.0000,0.000,-13.805,2.200,77.270
30.9177,0.0076,0.0000,0.000,-13.805,2.200,77.270
30.9275,0.0098,0.0000,0.000,-13.805,2.200,77.270
30.9348,0.0073,0.0000,0.000,-13.805,2.200,77.270
30.9414,0.0066,0.0000,0.000,-13.805,2.200,77.270
30.9516,0.0103,0.0000,0.000,-13.805,2.200,77.270
30.9588,0.0072,0.0000,0.000,-13.805,2.200,77.270
30.9677,0.0089,0.0000,0.000,-13.805,2.200,77.270
30.9753,0.0076,0.0000,0.000,-13.805,2.200,77.270
30.9818,0.0065,0.0000,0.000,-13.805,2.200,77.270
30.9900,0.0083,0.0000,0.000,-13.805,2.200,77.270
30.9983,0.0082,0.0000,0.000,-13.805,2.200,77.270
31.0069,0.0086,0.0000,0.000,-13.805,2.200,77.270
31.0139,0.0070,0.0000,0.000,-13.805,2.200,77.270
31.0220,0.0081,0.0000,0.000,-13.805,2.200,77.270
31.0318,0.0099,0.0000,0.000,-13.805,2.200,77.270
31.0386,0.0068,0.0000,0.000,-13.805,2.200,77.270
31.0491,0.0105,0.0000,0.000,-13.805,2.200,77.270
31.0563,0.0072,0.0000,0.000,-13.805,2.200,77.270
31.0628,0.0065,0.0000,0.000,-13.805,2.200,77.270
31.0722,0.0093,0.0000,0.000,-13.805,2.200,77.270
31.0801,0.0079,0.0000,0.000,-13.805,2.200,77.270
31.0887,0.0086,0.0000,0.000,-13.805,2.200,77.270
31.0967,0.0079,0.0000,0.000,-13.805,2.200,77.270
31.1036,0.0070,0.0000,0.000,-13.805,2.200,77.270
31.1137,0.0100,0.0000,0.000,-13.805,2.200,77.270
31.1234,0.0097,0.0000,0.000,-13.805,2.200,77.270
31.1325,0.0091,0.0000,0.000,-13.805,2.200,77.270
31.1397,0.0073,0.0000,0.000,-13.805,2.200,77.270
31.1495,0.0098,0.0000,0.000,-13.805,2.200,77.270
31.1564,0.0069,0.0000,0.000,-13.805,2.200,77.270
31.1630,0.0066,0.0000,0.000,-13.805,2.200,77.270
31.1724,0.0094,0.0000,0.000,-13.805,2.200,77.270
31.1795,0.0071,0.0000,0.000,-13.805,2.200,77.270
31.1881,0.0086,0.0000,0.000,-13.805,2.200,77.270
31.1961,0.0080,0.0000,0.000,-13.805,2.200,77.270
31.2024,0.0064,0.0000,0.000,-13.805,2.200,77.270
31.2118,0.0093,0.0000,0.000,-13.805,2.200,77.270
31.2201,0.0084,0.0000,0.000,-13.805,2.200,77.270
31.2292,0.0091,0.0000,0.000,-13.805,2.200,77.270
31.2371,0.0079,0.0000,0.000,-13.805,2.200,77.270
31.2476,0.0106,0.0000,0.000,-13.805,2.200,77.270
31.2558,0.0082,0.0000,0.000,-13.805,2.200,77.270
31.2625,0.0067,0.0000,0.000,-13.805,2.200,77.270
31.2719,0.0095,0.0000,0.000,-13.805,2.200,77.270
31.2793,0.0073,0.0000,0.000,-13.805,2.200,77.270
31.2881,0.0089,0.0000,0.000,-13.805,2.200,77.270
31.2993,0.0112,0.0000,0.000,-13.805,2.200,77.270
31.3240,0.0247,0.0000,0.000,-13.805,2.200,77.270
31.3358,0.0118,0.0000,0.000,-13.805,2.200,77.270
31.3444,0.0086,0.0000,0.000,-13.805,2.200,77.270
31.3533,0.0089,0.0000,0.000,-13.805,2.200,77.270
31.3617,0.0084,0.0000,0.000,-13.805,2.200,77.270
31.3727,0.0111,0.0000,0.000,-13.805,2.200,77.270
31.3806,0.0079,0.0000,0.000,-13.805,2.200,77.270
31.3884,0.0078,0.0000,0.000,-13.805,2.200,77.270
31.3964,0.0080,0.0000,0.000,-13.805,2.200,77.270
31.4034,0.0071,0.0000,0.000,-13.805,2.200,77.270
31.4129,0.0095,0.0000,0.000,-13.805,2.200,77.270
31.4214,0.0085,0.0000,0.000,-13.805,2.200,77.270
31.4296,0.0083,0.0000,0.000,-13.805,2.200,77.270
31.4372,0.0076,0.0000,0.000,-13.805,2.200,77.270
31.4472,0.0099,0.0000,0.000,-13.805,2.200,77.270
31.4546,0.0075,0.0000,0.000,-13.805,2.200,77.270
31.4610,0.0064,0.0000,0.000,-13.805,2.200,77.270
31.4712,0.0102,0.0000,0.000,-13.805,2.200,77.270
31.4784,0.0072,0.0000,0.000,-13.805,2.200,77.270
31.4877,0.0093,0.0000,0.000,-13.805,2.200,77.270
31.4964,0.0088,0.0000,0.000,-13.805,2.200,77.270
31.5029,0.0064,0.0000,0.000,-13.805,2.200,77.270
31.5123,0.0095,0.0000,0.000,-13.805,2.200,77.270
31.5215,0.0092,0.0000,0.000,-13.805,2.200,77.270
31.5314,0.0100,0.0000,0.000,-13.805,2.200,77.270
31.5389,0.0075,0.0000,0.000,-13.805,2.200,77.270
31.5501,0.0112,0.0000,0.000,-13.805,2.200,77.270
31.5601,0.0100,0.0000,0.000,-13.805,2.200,77.270
31.5733,0.0132,0.0000,0.000,-13.805,2.200,77.270
31.5843,0.0110,0.0000,0.000,-13.805,2.200,77.270
31.5952,0.0109,0.0000,0.000,-13.805,2.200,77.270
31.6042,0.0090,0.0000,0.000,-13.805,2.200,77.270
31.6166,0.0124,0.0000,0.000,-13.805,2.200,77.270
31.6247,0.0081,0.0000,0.000,-13.805,2.200,77.270
31.6336,0.0089,0.0000,0.000,-13.805,2.200,77.270
31.6430,0.0094,0.0000,0.000,-13.805,2.200,77.270
31.6533,0.0103,0.0000,0.000,-13.805,2.200,77.270
31.6620,0.0088,0.0000,0.000,-13.805,2.200,77.270
31.6739,0.0119,0.0000,0.000,-13.805,2.200,77.270
31.6814,0.0075,0.0000,0.000,-13.805,2.200,77.270
31.6911,0.0097,0.0000,0.000,-13.805,2.200,77.270
31.6993,0.0082,0.0000,0.000,-13.805,2.200,77.270
31.7102,0.0110,0.0000,0.000,-13.805,2.200,77.270
31.7180,0.0077,0.0000,0.000,-13.805,2.200,77.270
31.7297,0.0118,0.0000,0.000,-13.805,2.200,77.270
31.7380,0.0083,0.0000,0.000,-13.805,2.200,77.270
31.7478,0.0098,0.0000,0.000,-13.805,2.200,77.270
31.7576,0.0099,0.0000,0.000,-13.805,2.200,77.270
31.7674,0.0097,0.0000,0.000,-13.805,2.200,77.270
31.7753,0.0079,0.0000,0.000,-13.805,2.200,77.270
31.7850,0.0097,0.0000,0.000,-13.805,2.200,77.270
31.7956,0.0106,0.0000,0.000,-13.805,2.200,77.270
31.8036,0.0080,0.0000,0.000,-13.805,2.200,77.270
31.8143,0.0107,0.0000,0.000,-13.805,2.200,77.270
31.8223,0.0080,0.0000,0.000,-13.805,2.200,77.270
31.8336,0.0113,0.0000,0.000,-13.805,2.200,77.270
31.8437,0.0101,0.0000,0.000,-13.805,2.200,77.270
31.8533,0.0097,0.0000,0.000,-13.805,2.200,77.270
31.8606,0.0073,0.0000,0.000,-13.805,2.200,77.270
31.8696,0.0090,0.0000,0.000,-13.805,2.200,77.270
31.8769,0.0074,0.0000,0.000,-13.805,2.200,77.270
31.8857,0.0088,0.0000,0.000,-13.805,2.200,77.270
31.8925,0.0068,0.0000,0.000,-13.805,2.200,77.270
31.9000,0.0074,0.0000,0.000,-13.805,2.200,77.270
31.9092,0.0092,0.0000,0.000,-13.805,2.200,77.270
31.9174,0.0082,0.0000,0.000,-13.805,2.200,77.270
31.9279,0.0105,0.0000,0.000,-13.805,2.200,77.270
31.9366,0.0087,0.0000,0.000,-13.805,2.200,77.270
31.9478,0.0112,0.0000,0.000,-13.805,2.200,77.270
31.9598,0.0120,0.0000,0.000,-13.805,2.200,77.270
31.9709,0.0111,0.0000,0.000,-13.805,2.200,77.270
31.9817,0.0108,0.0000,0.000,-13.805,2.200,77.270
31.9927,0.0110,0.0000,0.000,-13.805,2.200,77.270
32.0020,0.0093,0.0000,0.000,-13.805,2.200,77.270
32.0143,0.0123,0.0000,0.000,-13.805,2.200,77.270
32.0234,0.0091,0.0000,0.000,-13.805,2.200,77.270
32.0298,0.0064,0.0000,0.000,-13.805,2.200,77.270
32.0368,0.0069,0.0000,0.000,-13.805,2.200,77.270
32.0428,0.0060,0.0000,0.000,-13.805,2.200,77.270
32.0491,0.0063,0.0000,0.000,-13.805,2.200,77.270
32.0563,0.0072,0.0000,0.000,-13.805,2.200,77.270
32.0627,0.0065,0.0000,0.000,-13.805,2.200,77.270
32.0686,0.0059,0.0000,0.000,-13.805,2.200,77.270
32.0748,0.0062,0.0000,0.000,-13.805,2.200,77.270
32.0810,0.0061,0.0000,0.000,-13.805,2.200,77.270
32.0872,0.0063,0.0000,0.000,-13.805,2.200,77.270
32.0941,0.0069,0.0000,0.000,-13.805,2.200,77.270
32.1027,0.0086,0.0000,0.000,-13.805,2.200,77.270
32.1118,0.0090,0.0000,0.000,-13.805,2.200,77.270
32.1215,0.0098,0.0000,0.000,-13.805,2.200,77.270
32.1297,0.0082,0.0000,0.000,-13.805,2.200,77.270
32.1364,0.0067,0.0000,0.000,-13.805,2.200,77.270
32.1460,0.0096,0.0000,0.000,-13.805,2.200,77.270
32.1537,0.0076,0.0000,0.000,-13.805,2.200,77.270
32.1627,0.0090,0.0000,0.000,-13.805,2.200,77.270
32.1707,0.0080,0.0000,0.000,-13.805,2.200,77.270
32.1804,0.0097,0.0000,0.000,-13.805,2.200,77.270
32.1886,0.0082,0.0000,0.000,-13.805,2.200,77.270
32.1973,0.0087,0.0000,0.000,-13.805,2.200,77.270
32.2064,0.0091,0.0000,0.000,-13.805,2.200,77.270
32.2134,0.0070,0.0000,0.000,-13.805,2.200,77.270
32.2231,0.0097,0.0000,0.000,-13.805,2.200,77.270
32.2310,0.0079,0.0000,0.000,-13.805,2.200,77.270
32.2397,0.0087,0.0000,0.000,-13.805,2.200,77.270
32.2473,0.0076,0.0000,0.000,-13.805,2.200,77.270
32.2546,0.0073,0.0000,0.000,-13.805,2.200,77.270
32.2631,0.0085,0.0000,0.000,-13.805,2.200,77.270
32.2718,0.0087,0.0000,0.000,-13.805,2.200,77.270
32.2807,0.0090,0.0000,0.000,-13.805,2.200,77.270
32.2880,0.0073,0.0000,0.000,-13.805,2.200,77.270
32.2951,0.0071,0.0000,0.000,-13.805,2.200,77.270
32.3046,0.0095,0.0000,0.000,-13.805,2.200,77.270
32.3110,0.0065,0.0000,0.000,-13.805,2.200,77.270
32.3213,0.0103,0.0000,0.000,-13.805,2.200,77.270
32.3286,0.0073,0.0000,0.000,-13.805,2.200,77.270
32.3349,0.0063,0.0000,0.000,-13.805,2.200,77.270
32.3448,0.0099,0.0000,0.000,-13.805,2.200,77.270
32.3511,0.0064,0.0000,0.000,-13.805,2.200,77.270
32.3596,0.0085,0.0000,0.000,-13.805,2.200,77.270
32.3668,0.0072,0.0000,0.000,-13.805,2.200,77.270
32.3737,0.0069,0.0000,0.000,-13.805,2.200,77.270
32.3824,0.0087,0.0000,0.000,-13.805,2.200,77.270
32.3900,0.0076,0.0000,0.000,-13.805,2.200,77.270
32.3992,0.0092,0.0000,0.000,-13.805,2.200,77.270
32.4067,0.0075,0.0000,0.000,-13.805,2.200,77.270
32.4152,0.0085,0.0000,0.000,-13.805,2.200,77.270
32.4249,0.0097,0.0000,0.000,-13.805,2.200,77.270
32.4324,0.0076,0.0000,0.000,-13.805,2.200,77.270
32.4431,0.0106,0.0000,0.000,-13.805,2.200,77.270
32.4504,0.0073,0.0000,0.000,-13.805,2.200,77.270
32.4594,0.0090,0.0000,0.000,-13.805,2.200,77.270
32.4673,0.0079,0.0000,0.000,-13.805,2.200,77.270
32.4748,0.0075,0.0000,0.000,-13.805,2.200,77.270
32.4837,0.0090,0.0000,0.000,-13.805,2.200,77.270
32.4913,0.0075,0.0000,0.000,-13.805,2.200,77.270
32.5005,0.0093,0.0000,0.000,-13.805,2.200,77.270
32.5084,0.0078,0.0000,0.000,-13.805,2.200,77.270
32.5157,0.0073,0.0000,0.000,-13.805,2.200,77.270
32.5241,0.0084,0.0000,0.000,-13.805,2.200,77.270
32.5309,0.0069,0.0000,0.000,-13.805,2.200,77.270
32.5409,0.0100,0.0000,0.000,-13.805,2.200,77.270
32.5480,0.0071,0.0000,0.000,-13.805,2.200,77.270
32.5546,0.0066,0.0000,0.000,-13.805,2.200,77.270
32.5652,0.0106,0.0000,0.000,-13.805,2.200,77.270
32.5745,0.0093,0.0000,0.000,-13.805,2.200,77.270
32.5842,0.0098,0.0000,0.000,-13.805,2.200,77.270
32.5923,0.0081,0.0000,0.000,-13.805,2.200,77.270
32.6022,0.0099,0.0000,0.000,-13.805,2.200,77.270
32.6110,0.0088,0.0000,0.000,-13.805,2.200,77.270
32.6219,0.0109,0.0000,0.000,-13.805,2.200,77.270
32.6296,0.0077,0.0000,0.000,-13.805,2.200,77.270
32.6372,0.0076,0.0000,0.000,-13.805,2.200,77.270
32.6493,0.0121,0.0000,0.000,-13.805,2.200,77.270
32.6580,0.0087,0.0000,0.000,-13.805,2.200,77.270
32.6670,0.0090,0.0000,0.000,-13.805,2.200,77.270
32.6763,0.0093,0.0000,0.000,-13.805,2.200,77.270
32.6862,0.0098,0.0000,0.000,-13.805,2.200,77.270
32.6935,0.0074,0.0000,0.000,-13.805,2.200,77.270
32.7028,0.0093,0.0000,0.000,-13.805,2.200,77.270
32.7098,0.0069,0.0000,0.000,-13.805,2.200,77.270
32.7172,0.0075,0.0000,0.000,-13.805,2.200,77.270
32.7276,0.0104,0.0000,0.000,-13.805,2.200,77.270
32.7350,0.0074,0.0000,0.000,-13.805,2.200,77.270
32.7435,0.0085,0.0000,0.000,-13.805,2.200,77.270
32.7507,0.0072,0.0000,0.000,-13.805,2.200,77.270
32.7591,0.0084,0.0000,0.000,-13.805,2.200,77.270
32.7653,0.0062,0.0000,0.000,-13.805,2.200,77.270
32.7729,0.0075,0.0000,0.000,-13.805,2.200,77.270
32.7830,0.0101,0.0000,0.000,-13.805,2.200,77.270
32.7910,0.0079,0.0000,0.000,-13.805,2.200,77.270
32.8023,0.0114,0.0000,0.000,-13.805,2.200,77.270
32.8113,0.0089,0.0000,0.000,-13.805,2.200,77.270
32.8213,0.0101,0.0000,0.000,-13.805,2.200,77.270
32.8307,0.0094,0.0000,0.000,-13.805,2.200,77.270
32.8404,0.0098,0.0000,0.000,-13.805,2.200,77.270
32.8536,0.0131,130.0170,161.849,84.563,4.100,-7.728
32.8699,0.0164,0.0063,0.000,84.556,4.100,-7.727
32.8822,0.0123,0.0070,0.000,84.550,4.100,-7.726
32.8908,0.0086,0.0058,0.000,84.544,4.100,-7.724
32.9018,0.0110,0.0090,0.000,84.535,4.100,-7.723
32.9096,0.0078,0.0070,0.000,84.528,4.100,-7.722
32.9175,0.0079,0.0084,0.000,84.520,4.100,-7.723
32.9286,0.0111,0.0136,0.000,84.506,4.100,-7.723
32.9366,0.0081,0.0104,0.000,84.496,4.100,-7.723
32.9460,0.0093,0.0129,0.000,84.483,4.100,-7.724
32.9547,0.0087,0.0126,0.000,84.470,4.100,-7.724
32.9636,0.0088,0.0134,0.000,84.457,4.100,-7.725
32.9709,0.0074,0.0115,0.000,84.445,4.100,-7.725
32.9807,0.0098,0.0161,0.000,84.429,4.100,-7.725
32.9883,0.0076,0.0127,0.000,84.417,4.100,-7.725
32.9948,0.0065,0.0112,0.000,84.405,4.100,-7.726
33.0049,0.0101,0.0180,0.000,84.387,4.100,-7.726
33.0132,0.0083,0.0152,0.000,84.372,4.100,-7.726
33.0224,0.0091,0.0171,0.000,84.355,4.100,-7.726
33.0304,0.0080,0.0153,0.000,84.340,4.100,-7.726
33.0400,0.0096,0.0189,0.000,84.321,4.100,-7.727
33.0479,0.0079,0.0156,0.000,84.305,4.100,-7.727
33.0561,0.0082,0.0165,0.000,84.289,4.100,-7.725
33.0655,0.0094,0.0194,0.000,84.269,4.100,-7.724
33.0729,0.0074,0.0153,0.000,84.254,4.100,-7.723
33.0819,0.0090,0.0189,0.000,84.235,4.100,-7.721
33.0906,0.0088,0.0187,0.000,84.217,4.100,-7.720
33.0998,0.0092,0.0199,0.000,84.197,4.100,-7.719
33.1078,0.0079,0.0172,0.000,84.180,4.100,-7.718
33.1144,0.0066,0.0143,0.000,84.165,4.100,-7.717
33.1245,0.0101,0.0225,0.000,84.143,4.100,-7.716
33.1326,0.0081,0.0179,0.000,84.125,4.100,-7.715
33.1420,0.0094,0.0212,0.000,84.104,4.100,-7.715
33.1495,0.0075,0.0169,0.000,84.087,4.100,-7.714
33.1580,0.0084,0.0191,0.000,84.068,4.100,-7.713
33.1671,0.0091,0.0209,0.000,84.047,4.100,-7.712
33.1741,0.0070,0.0160,0.000,84.031,4.100,-7.712
33.1835,0.0094,0.0218,0.000,84.009,4.100,-7.711
33.1910,0.0075,0.0174,0.000,83.992,4.100,-7.711
33.2003,0.0093,0.0217,0.000,83.970,4.100,-7.710
33.2078,0.0075,0.0175,0.000,83.953,4.100,-7.710
33.2141,0.0062,0.0145,0.000,83.938,4.100,-7.710
33.2223,0.0082,0.0194,0.000,83.919,4.100,-7.709
33.2312,0.0089,0.0210,0.000,83.898,4.100,-7.709
33.2406,0.0094,0.0224,0.000,83.875,4.100,-7.708
33.2478,0.0072,0.0170,0.000,83.858,4.100,-7.708
33.2548,0.0070,0.0166,0.000,83.842,4.100,-7.708
33.2641,0.0093,0.0224,0.000,83.819,4.100,-7.707
33.2723,0.0082,0.0197,0.000,83.800,4.100,-7.707
33.2825,0.0101,0.0245,0.000,83.775,4.100,-7.707
33.2914,0.0090,0.0217,0.000,83.753,4.100,-7.706
33.3005,0.0091,0.0219,0.000,83.731,4.100,-7.706
33.3086,0.0081,0.0196,0.000,83.712,4.100,-7.706
33.3146,0.0060,0.0143,0.000,83.698,4.100,-7.706
33.3228,0.0082,0.0199,0.000,83.678,4.100,-7.706
33.3307,0.0078,0.0190,0.000,83.659,4.100,-7.705
33.3397,0.0091,0.0221,0.000,83.637,4.100,-7.705
33.3462,0.0065,0.0156,0.000,83.621,4.100,-7.705
33.3541,0.0079,0.0193,0.000,83.602,4.100,-7.705
33.3629,0.0087,0.0214,0.000,83.580,4.100,-7.705
33.3699,0.0070,0.0170,0.000,83.563,4.100,-7.705
33.3794,0.0095,0.0234,0.000,83.540,4.100,-7.705
33.3857,0.0063,0.0154,0.000,83.524,4.100,-7.705
33.3931,0.0073,0.0179,0.000,83.507,4.100,-7.704
33.4025,0.0094,0.0233,0.000,83.483,4.100,-7.704
33.4101,0.0076,0.0187,0.000,83.465,4.100,-7.704
33.4199,0.0098,0.0242,0.000,83.440,4.100,-7.704
33.4283,0.0084,0.0206,0.000,83.420,4.100,-7.704
33.4346,0.0063,0.0155,0.000,83.404,4.100,-7.704
33.4425,0.0079,0.0195,0.000,83.385,4.100,-7.704
33.4503,0.0078,0.0192,0.000,83.366,4.100,-7.704
33.4591,0.0088,0.0217,0.000,83.344,4.100,-7.704
33.4665,0.0074,0.0181,0.000,83.326,4.100,-7.704
33.4823,0.0158,0.0400,0.000,83.286,4.100,-7.704
33.4986,0.0163,0.0414,0.000,83.245,4.100,-7.704
33.5132,0.0146,0.0367,0.000,83.208,4.100,-7.704
33.5237,0.0105,0.0258,0.000,83.182,4.100,-7.704
33.5307,0.0070,0.0170,0.000,83.165,4.100,-7.704
33.5399,0.0093,0.0229,0.000,83.142,4.100,-7.704
33.5481,0.0082,0.0202,0.000,83.122,4.100,-7.704
33.5553,0.0071,0.0174,0.000,83.105,4.100,-7.704
33.5636,0.0084,0.0206,0.000,83.084,4.100,-7.703
33.5707,0.0071,0.0175,0.000,83.067,4.100,-7.703
33.5809,0.0102,0.0253,0.000,83.041,4.100,-7.703
33.5882,0.0072,0.0178,0.000,83.023,4.100,-7.703
33.5952,0.0070,0.0172,0.000,83.006,4.100,-7.703
33.6078,0.0126,0.0317,0.000,82.975,4.100,-7.703
33.6157,0.0079,0.0194,0.000,82.955,4.100,-7.703
33.6250,0.0094,0.0232,0.000,82.932,4.100,-7.703
33.6324,0.0074,0.0182,0.000,82.914,4.100,-7.703
33.6414,0.0089,0.0221,0.000,82.892,4.100,-7.703
33.6512,0.0099,0.0245,0.000,82.867,4.100,-7.703
33.6600,0.0088,0.0217,0.000,82.845,4.100,-7.703
33.6671,0.0071,0.0175,0.000,82.828,4.100,-7.703
33.6750,0.0080,0.0197,0.000,82.808,4.100,-7.703
33.6846,0.0095,0.0238,0.000,82.784,4.100,-7.703
33.6912,0.0066,0.0162,0.000,82.768,4.100,-7.703
33.7022,0.0110,0.0275,0.000,82.741,4.100,-7.703
33.7100,0.0079,0.0195,0.000,82.721,4.100,-7.703
33.7204,0.0104,0.0259,0.000,82.695,4.100,-7.703
33.7287,0.0083,0.0206,0.000,82.675,4.100,-7.703
33.7353,0.0066,0.0162,0.000,82.658,4.100,-7.703
33.7442,0.0090,0.0224,0.000,82.636,4.100,-7.703
33.7518,0.0075,0.0186,0.000,82.618,4.100,-7.703
33.7619,0.0102,0.0254,0.000,82.592,4.100,-7.703
33.7690,0.0070,0.0174,0.000,82.575,4.100,-7.703
33.7763,0.0073,0.0182,0.000,82.556,4.100,-7.703
33.7857,0.0094,0.0234,0.000,82.533,4.100,-7.703
33.7927,0.0071,0.0174,0.000,82.516,4.100,-7.702
33.8019,0.0092,0.0229,0.000,82.493,4.100,-7.702
33.8090,0.0071,0.0176,0.000,82.475,4.100,-7.702
33.8151,0.0061,0.0150,0.000,82.460,4.100,-7.702
33.8255,0.0104,0.0261,0.000,82.434,4.100,-7.703
33.8326,0.0071,0.0176,0.000,82.417,4.100,-7.703
33.8411,0.0085,0.0211,0.000,82.395,4.100,-7.703
33.8565,0.0154,0.0394,0.000,82.356,4.100,-7.703
33.8715,0.0150,0.0382,0.000,82.318,4.100,-7.703
33.8937,0.0222,0.0575,0.000,82.260,4.100,-7.703
33.9086,0.0149,0.0376,0.000,82.223,4.100,-7.703
33.9194,0.0107,0.0266,0.000,82.196,4.100,-7.703
33.9306,0.0112,0.0279,0.000,82.168,4.100,-7.703
33.9421,0.0115,0.0286,0.000,82.140,4.100,-7.703
33.9497,0.0076,0.0187,0.000,82.121,4.100,-7.703
33.9569,0.0072,0.0175,0.000,82.103,4.100,-7.703
33.9679,0.0110,0.0274,0.000,82.076,4.100,-7.703
33.9758,0.0080,0.0197,0.000,82.056,4.100,-7.703
33.9867,0.0109,0.0271,0.000,82.029,4.100,-7.703
33.9969,0.0102,0.0254,0.000,82.004,4.100,-7.703
34.0085,0.0115,0.0289,0.000,81.975,4.100,-7.703
34.0177,0.0092,0.0227,0.000,81.952,4.100,-7.703
34.0316,0.0140,0.0352,0.000,81.917,4.100,-7.703
34.0452,0.0136,0.0342,0.000,81.883,4.100,-7.703
34.0557,0.0105,0.0261,0.000,81.857,4.100,-7.703
34.0698,0.0141,0.0355,0.000,81.821,4.100,-7.703
34.0796,0.0098,0.0244,0.000,81.797,4.100,-7.703
34.0914,0.0118,0.0296,0.000,81.767,4.100,-7.703
34.1061,0.0147,0.0372,0.000,81.730,4.100,-7.703
34.1177,0.0115,0.0288,0.000,81.701,4.100,-7.705
34.1303,0.0127,0.0319,0.000,81.669,4.100,-7.707
34.1421,0.0118,0.0295,0.000,81.640,4.100,-7.709
34.1510,0.0089,0.0221,0.000,81.618,4.100,-7.710
34.1624,0.0114,0.0286,0.000,81.589,4.100,-7.711
34.1717,0.0093,0.0232,0.000,81.566,4.100,-7.712
34.1828,0.0111,0.0278,0.000,81.538,4.100,-7.713
34.1907,0.0079,0.0196,0.000,81.519,4.100,-7.714
34.2029,0.0121,0.0305,0.000,81.488,4.100,-7.715
34.2107,0.0078,0.0193,0.000,81.469,4.100,-7.716
34.2213,0.0106,0.0266,0.000,81.442,4.100,-7.717
34.2304,0.0091,0.0226,0.000,81.420,4.100,-7.717
34.2414,0.0111,0.0278,0.000,81.392,4.100,-7.718
34.2511,0.0096,0.0240,0.000,81.368,4.100,-7.719
34.2629,0.0118,0.0297,0.000,81.338,4.100,-7.719
34.2704,0.0075,0.0186,0.000,81.320,4.100,-7.720
34.2807,0.0103,0.0259,0.000,81.294,4.100,-7.720
34.2892,0.0085,0.0212,0.000,81.273,4.100,-7.721
34.2960,0.0067,0.0167,0.000,81.256,4.100,-7.721
34.3068,0.0108,0.0271,0.000,81.229,4.100,-7.721
34.3151,0.0083,0.0207,0.000,81.208,4.100,-7.722
34.3285,0.0133,0.0338,0.000,81.174,4.100,-7.722
34.3379,0.0095,0.0236,0.000,81.151,4.100,-7.722
34.3505,0.0126,0.0317,0.000,81.119,4.100,-7.723
34.3627,0.0122,0.0308,0.000,81.088,4.100,-7.723
34.3718,0.0090,0.0225,0.000,81.066,4.100,-7.723
34.3837,0.0120,0.0301,0.000,81.035,4.100,-7.724
34.3947,0.0110,0.0277,0.000,81.008,4.100,-7.724
34.4172,0.0224,0.0584,0.000,80.949,4.100,-7.724
34.4389,0.0218,0.0563,0.000,80.893,4.100,-7.725
34.4582,0.0193,0.0492,0.000,80.844,4.100,-7.725
34.4704,0.0122,0.0302,0.000,80.814,4.100,-7.725
34.4827,0.0123,0.0307,0.000,80.783,4.100,-7.725
34.4901,0.0074,0.0182,0.000,80.765,4.100,-7.725
34.5006,0.0105,0.0259,0.000,80.739,4.100,-7.725
34.5099,0.0093,0.0230,0.000,80.716,4.100,-7.725
34.5202,0.0103,0.0255,0.000,80.690,4.100,-7.726
34.5277,0.0075,0.0183,0.000,80.672,4.100,-7.726
34.5360,0.0083,0.0204,0.000,80.652,4.100,-7.726
34.5463,0.0104,0.0257,0.000,80.626,4.100,-7.726
34.5549,0.0086,0.0212,0.000,80.605,4.100,-7.726
34.5661,0.0112,0.0279,0.000,80.577,4.100,-7.726
34.5743,0.0082,0.0203,0.000,80.557,4.100,-7.726
34.5840,0.0097,0.0240,0.000,80.533,4.100,-7.726
34.5946,0.0107,0.0266,0.000,80.506,4.100,-7.726
34.6059,0.0112,0.0281,0.000,80.478,4.100,-7.726
34.6155,0.0096,0.0238,0.000,80.454,4.100,-7.726
34.6275,0.0120,0.0302,0.000,80.424,4.100,-7.726
34.6353,0.0078,0.0192,0.000,80.405,4.100,-7.726
34.6478,0.0126,0.0316,0.000,80.373,4.100,-7.726
34.6618,0.0140,0.0352,0.000,80.338,4.100,-7.726
34.6790,0.0172,0.0440,0.000,80.294,4.100,-7.726
34.6918,0.0128,0.0320,0.000,80.262,4.100,-7.726
34.7037,0.0119,0.0298,0.000,80.232,4.100,-7.726
34.7122,0.0085,0.0210,0.000,80.211,4.100,-7.726
34.7231,0.0109,0.0271,0.000,80.184,4.100,-7.726
34.7319,0.0088,0.0217,0.000,80.162,4.100,-7.727
34.7419,0.0100,0.0248,0.000,80.137,4.100,-7.727
34.7498,0.0079,0.0195,0.000,80.118,4.100,-7.727
34.7574,0.0076,0.0188,0.000,80.099,4.100,-7.727
34.7684,0.0110,0.0276,0.000,80.071,4.100,-7.727
34.7763,0.0079,0.0195,0.000,80.052,4.100,-7.727
34.7872,0.0109,0.0272,0.000,80.025,4.100,-7.727
34.7947,0.0076,0.0187,0.000,80.006,4.100,-7.727
34.8034,0.0087,0.0215,0.000,79.984,4.100,-7.727
34.8121,0.0087,0.0217,0.000,79.963,4.100,-7.727
34.8214,0.0092,0.0230,0.000,79.940,4.100,-7.727
34.8294,0.0080,0.0198,0.000,79.920,4.100,-7.727
34.8374,0.0080,0.0200,0.000,79.900,4.100,-7.727
34.8481,0.0107,0.0269,0.000,79.873,4.100,-7.727
34.8564,0.0083,0.0206,0.000,79.852,4.100,-7.727
34.8659,0.0096,0.0239,0.000,79.829,4.100,-7.727
34.8732,0.0073,0.0181,0.000,79.810,4.100,-7.727
34.8831,0.0098,0.0247,0.000,79.786,4.100,-7.727
34.8918,0.0088,0.0219,0.000,79.764,4.100,-7.727
34.9009,0.0091,0.0227,0.000,79.741,4.100,-7.727
34.9083,0.0074,0.0184,0.000,79.723,4.100,-7.727
34.9152,0.0069,0.0172,0.000,79.706,4.100,-7.727
34.9244,0.0092,0.0229,0.000,79.683,4.100,-7.727
34.9312,0.0068,0.0169,0.000,79.666,4.100,-7.727
34.9413,0.0101,0.0254,0.000,79.641,4.100,-7.727
34.9488,0.0075,0.0186,0.000,79.622,4.100,-7.727
34.9559,0.0071,0.0176,0.000,79.604,4.100,-7.727
34.9655,0.0096,0.0242,0.000,79.580,4.100,-7.727
34.9736,0.0081,0.0201,0.000,79.560,4.100,-7.727
34.9837,0.0101,0.0254,0.000,79.535,4.100,-7.727
34.9913,0.0076,0.0188,0.000,79.516,4.100,-7.727
35.0006,0.0093,0.0234,0.000,79.492,4.100,-7.727
35.0079,0.0072,0.0180,0.000,79.474,4.100,-7.727
35.0161,0.0083,0.0207,0.000,79.454,4.100,-7.728
35.0260,0.0098,0.0247,0.000,79.429,4.100,-7.728
35.0334,0.0075,0.0186,0.000,79.410,4.100,-7.728
35.0421,0.0087,0.0217,0.000,79.389,4.100,-7.728
35.0495,0.0074,0.0184,0.000,79.370,4.100,-7.729
35.0568,0.0074,0.0183,0.000,79.352,4.100,-7.729
35.0671,0.0102,0.0258,0.000,79.326,4.100,-7.729
35.0758,0.0087,0.0218,0.000,79.304,4.100,-7.729
35.0849,0.0091,0.0227,0.000,79.282,4.100,-7.729
35.0934,0.0085,0.0213,0.000,79.260,4.100,-7.730
35.1029,0.0095,0.0238,0.000,79.237,4.100,-7.730
35.1105,0.0076,0.0189,0.000,79.218,4.100,-7.730
35.1213,0.0108,0.0272,0.000,79.191,4.100,-7.730
35.1288,0.0075,0.0188,0.000,79.172,4.100,-7.730
35.1358,0.0069,0.0172,0.000,79.155,4.100,-7.730
35.1462,0.0104,0.0262,0.000,79.128,4.100,-7.730
35.1537,0.0075,0.0188,0.000,79.110,4.100,-7.731
35.1621,0.0084,0.0210,0.000,79.089,4.100,-7.731
35.1704,0.0083,0.0206,0.000,79.068,4.100,-7.731
35.1815,0.0112,0.0281,0.000,79.040,4.100,-7.731
35.1899,0.0084,0.0208,0.000,79.019,4.100,-7.731
35.1999,0.0100,0.0251,0.000,78.994,4.100,-7.731
35.2075,0.0076,0.0189,0.000,78.975,4.100,-7.731
35.2139,0.0064,0.0158,0.000,78.959,4.100,-7.731
35.2238,0.0099,0.0248,0.000,78.934,4.100,-7.731
35.2312,0.0074,0.0183,0.000,78.916,4.100,-7.731
35.2403,0.0091,0.0228,0.000,78.893,4.100,-7.731
35.2483,0.0080,0.0199,0.000,78.873,4.100,-7.731
35.2558,0.0075,0.0186,0.000,78.855,4.100,-7.731
35.2652,0.0094,0.0236,0.000,78.831,4.100,-7.731
35.2736,0.0084,0.0209,0.000,78.810,4.100,-7.731
35.2820,0.0083,0.0207,0.000,78.790,4.100,-7.731
35.2895,0.0076,0.0188,0.000,78.771,4.100,-7.731
35.2966,0.0070,0.0175,0.000,78.753,4.100,-7.731
35.3054,0.0088,0.0219,0.000,78.731,4.100,-7.731
35.3126,0.0073,0.0180,0.000,78.713,4.100,-7.731
35.3218,0.0092,0.0229,0.000,78.690,4.100,-7.731
35.3301,0.0084,0.0208,0.000,78.670,4.100,-7.731
35.3391,0.0090,0.0224,0.000,78.647,4.100,-7.731
35.3467,0.0076,0.0190,0.000,78.628,4.100,-7.731
35.3541,0.0074,0.0183,0.000,78.610,4.100,-7.731
35.3627,0.0086,0.0215,0.000,78.589,4.100,-7.731
35.3704,0.0077,0.0192,0.000,78.569,4.100,-7.731
35.3797,0.0093,0.0233,0.000,78.546,4.100,-7.731
35.3864,0.0067,0.0166,0.000,78.529,4.100,-7.731
35.3947,0.0083,0.0207,0.000,78.509,4.100,-7.731
35.4031,0.0083,0.0208,0.000,78.488,4.100,-7.731
35.4111,0.0081,0.0201,0.000,78.468,4.100,-7.731
35.4214,0.0103,0.0258,0.000,78.442,4.100,-7.731
35.4285,0.0071,0.0177,0.000,78.424,4.100,-7.731
35.4375,0.0090,0.0224,0.000,78.402,4.100,-7.731
35.4494,0.0119,0.0302,0.000,78.372,4.100,-7.731
35.4568,0.0073,0.0182,0.000,78.354,4.100,-7.731
35.4660,0.0092,0.0231,0.000,78.330,4.100,-7.731
35.4735,0.0075,0.0187,0.000,78.312,4.100,-7.731
35.4813,0.0078,0.0194,0.000,78.292,4.100,-7.731
35.4881,0.0067,0.0167,0.000,78.276,4.100,-7.731
35.4948,0.0068,0.0168,0.000,78.259,4.100,-7.731
35.5035,0.0087,0.0217,0.000,78.237,4.100,-7.731
35.5098,0.0062,0.0155,0.000,78.222,4.100,-7.731
35.5171,0.0074,0.0183,0.000,78.203,4.100,-7.731
35.5262,0.0091,0.0227,0.000,78.181,4.100,-7.731
35.5332,0.0070,0.0173,0.000,78.163,4.100,-7.731
35.5420,0.0088,0.0220,0.000,78.141,4.100,-7.731
35.5496,0.0077,0.0191,0.000,78.122,4.100,-7.731
35.5566,0.0069,0.0173,0.000,78.105,4.100,-7.731
35.5663,0.0097,0.0244,0.000,78.081,4.100,-7.731
35.5731,0.0068,0.0169,0.000,78.064,4.100,-7.731
35.5813,0.0083,0.0206,0.000,78.043,4.100,-7.731
35.5891,0.0078,0.0194,0.000,78.024,4.100,-7.731
35.5962,0.0070,0.0175,0.000,78.006,4.100,-7.731
35.6056,0.0094,0.0237,0.000,77.983,4.100,-7.731
35.6139,0.0083,0.0207,0.000,77.962,4.100,-7.731
35.6217,0.0078,0.0195,0.000,77.942,4.100,-7.731
35.6281,0.0064,0.0159,0.000,77.927,4.100,-7.731
35.6362,0.0081,0.0203,0.000,77.906,4.100,-7.731
35.6453,0.0091,0.0227,0.000,77.883,4.100,-7.731
35.6524,0.0071,0.0178,0.000,77.866,4.100,-7.731
35.6617,0.0093,0.0234,0.000,77.842,4.100,-7.731
35.6688,0.0071,0.0177,0.000,77.825,4.100,-7.731
35.6758,0.0070,0.0173,0.000,77.807,4.100,-7.731
35.6853,0.0095,0.0240,0.000,77.783,4.100,-7.731
35.6933,0.0080,0.0199,0.000,77.763,4.100,-7.731
35.7029,0.0096,0.0241,0.000,77.739,4.100,-7.731
35.7109,0.0079,0.0198,0.000,77.719,4.100,-7.731
35.7205,0.0097,0.0243,0.000,77.695,4.100,-7.731
35.7277,0.0072,0.0179,0.000,77.677,4.100,-7.731
35.7344,0.0067,0.0166,0.000,77.661,4.100,-7.731
35.7424,0.0079,0.0198,0.000,77.641,4.100,-7.731
35.7494,0.0071,0.0176,0.000,77.623,4.100,-7.731
35.7566,0.0072,0.0179,0.000,77.605,4.100,-7.731
35.7663,0.0097,0.0243,0.000,77.581,4.100,-7.731
35.7732,0.0069,0.0172,0.000,77.564,4.100,-7.731
35.7824,0.0092,0.0232,0.000,77.541,4.100,-7.731
35.7895,0.0071,0.0176,0.000,77.523,4.100,-7.731
35.7973,0.0077,0.0193,0.000,77.504,4.100,-7.731
35.8075,0.0102,0.0258,0.000,77.478,4.100,-7.731
35.8144,0.0069,0.0171,0.000,77.461,4.100,-7.731
35.8228,0.0084,0.0211,0.000,77.440,4.100,-7.731
35.8314,0.0086,0.0216,0.000,77.418,4.100,-7.731
35.8399,0.0085,0.0212,0.000,77.397,4.100,-7.731
35.8475,0.0077,0.0191,0.000,77.378,4.100,-7.730
35.8563,0.0088,0.0219,0.000,77.356,4.100,-7.730
35.8652,0.0089,0.0223,0.000,77.334,4.100,-7.730
35.8726,0.0074,0.0184,0.000,77.315,4.100,-7.730
35.8815,0.0089,0.0223,0.000,77.293,4.100,-7.729
35.8890,0.0075,0.0186,0.000,77.274,4.100,-7.729
35.8956,0.0067,0.0166,0.000,77.258,4.100,-7.729
35.9053,0.0097,0.0244,0.000,77.233,4.100,-7.729
35.9128,0.0075,0.0187,0.000,77.215,4.100,-7.729
35.9213,0.0084,0.0211,0.000,77.194,4.100,-7.728
35.9304,0.0092,0.0231,0.000,77.171,4.100,-7.728
35.9397,0.0092,0.0231,0.000,77.148,4.100,-7.728
35.9458,0.0061,0.0152,0.000,77.132,4.100,-7.728
35.9540,0.0082,0.0205,0.000,77.112,4.100,-7.728
35.9627,0.0087,0.0219,0.000,77.090,4.100,-7.728
35.9696,0.0068,0.0170,0.000,77.073,4.100,-7.728
35.9768,0.0072,0.0179,0.000,77.055,4.100,-7.728
35.9852,0.0084,0.0211,0.000,77.034,4.100,-7.728
35.9924,0.0072,0.0179,0.000,77.016,4.100,-7.728
36.0037,0.0113,0.0286,0.000,76.987,4.100,-7.728
36.0116,0.0080,0.0199,0.000,76.967,4.100,-7.728
36.0210,0.0094,0.0236,0.000,76.944,4.100,-7.728
36.0302,0.0092,0.0232,0.000,76.921,4.100,-7.728
36.0392,0.0089,0.0224,0.000,76.898,4.100,-7.728
36.0462,0.0070,0.0174,0.000,76.881,4.100,-7.728
36.0544,0.0082,0.0205,0.000,76.860,4.100,-7.728
36.0625,0.0081,0.0203,0.000,76.840,4.100,-7.728
36.0700,0.0075,0.0188,0.000,76.821,4.100,-7.728
36.0801,0.0101,0.0254,0.000,76.796,4.100,-7.728
36.0876,0.0075,0.0186,0.000,76.777,4.100,-7.728
36.0941,0.0065,0.0162,0.000,76.761,4.100,-7.728
36.1032,0.0091,0.0229,0.000,76.738,4.100,-7.727
36.1098,0.0066,0.0164,0.000,76.722,4.100,-7.727
36.1187,0.0089,0.0222,0.000,76.700,4.100,-7.727
36.1262,0.0075,0.0186,0.000,76.681,4.100,-7.727
36.1367,0.0106,0.0266,0.000,76.654,4.100,-7.727
36.1482,0.0115,0.0290,0.000,76.625,4.100,-7.727
36.1588,0.0105,0.0264,0.000,76.599,4.100,-7.727
36.1707,0.0119,0.0300,0.000,76.569,4.100,-7.727
36.1817,0.0111,0.0277,0.000,76.541,4.100,-7.727
36.1920,0.0103,0.0256,0.000,76.516,4.100,-7.727
36.2050,0.0130,0.0327,0.000,76.483,4.100,-7.727
36.2145,0.0094,0.0233,0.000,76.460,4.100,-7.727
36.2270,0.0126,0.0314,0.000,76.428,4.100,-7.727
36.2362,0.0092,0.0226,0.000,76.406,4.100,-7.727
36.2459,0.0097,0.0238,0.000,76.382,4.100,-7.727
36.2541,0.0082,0.0200,0.000,76.362,4.100,-7.726
36.2628,0.0087,0.0213,0.000,76.341,4.100,-7.726
36.2696,0.0068,0.0164,0.000,76.324,4.100,-7.726
36.2782,0.0086,0.0209,0.000,76.303,4.100,-7.726
36.2887,0.0106,0.0260,0.000,76.277,4.100,-7.726
36.2969,0.0081,0.0197,0.000,76.258,4.100,-7.726
36.3078,0.0110,0.0268,0.000,76.231,4.100,-7.726
36.3154,0.0076,0.0183,0.000,76.213,4.100,-7.726
36.3254,0.0100,0.0242,0.000,76.188,4.100,-7.726
36.3341,0.0087,0.0209,0.000,76.168,4.100,-7.726
36.3426,0.0085,0.0205,0.000,76.147,4.100,-7.726
36.3504,0.0078,0.0186,0.000,76.128,4.100,-7.726
36.3608,0.0104,0.0250,0.000,76.103,4.100,-7.726
36.3686,0.0078,0.0185,0.000,76.085,4.100,-7.726
36.3771,0.0085,0.0203,0.000,76.065,4.100,-7.726
36.3885,0.0114,0.0274,0.000,76.037,4.100,-7.726
36.3969,0.0083,0.0196,0.000,76.018,4.100,-7.726
36.4072,0.0104,0.0245,0.000,75.993,4.100,-7.726
36.4170,0.0097,0.0229,0.000,75.970,4.100,-7.726
36.4292,0.0122,0.0289,0.000,75.941,4.100,-7.726
36.4397,0.0105,0.0246,0.000,75.917,4.100,-7.726
36.4526,0.0129,0.0302,0.000,75.887,4.100,-7.726
36.4650,0.0124,0.0287,0.000,75.858,4.100,-7.727
36.4745,0.0095,0.0218,0.000,75.836,4.100,-7.727
36.4852,0.0107,0.0245,0.000,75.812,4.100,-7.727
36.4945,0.0093,0.0211,0.000,75.790,4.100,-7.727
36.5035,0.0090,0.0202,0.000,75.770,4.100,-7.727
36.5138,0.0103,0.0232,0.000,75.747,4.100,-7.727
36.5245,0.0108,0.0242,0.000,75.723,4.100,-7.728
36.5320,0.0075,0.0166,0.000,75.706,4.100,-7.728
36.5431,0.0111,0.0247,0.000,75.682,4.100,-7.728
36.5508,0.0076,0.0168,0.000,75.665,4.100,-7.728
36.5608,0.0100,0.0221,0.000,75.643,4.100,-7.729
36.5693,0.0085,0.0186,0.000,75.624,4.100,-7.729
36.5770,0.0077,0.0167,0.000,75.607,4.100,-7.729
36.5863,0.0093,0.0201,0.000,75.587,4.100,-7.729
36.5949,0.0086,0.0185,0.000,75.569,4.100,-7.730
36.6046,0.0097,0.0210,0.000,75.548,4.100,-7.730
36.6118,0.0072,0.0153,0.000,75.532,4.100,-7.730
36.6227,0.0109,0.0234,0.000,75.509,4.100,-7.731
36.6310,0.0083,0.0175,0.000,75.492,4.100,-7.731
36.6422,0.0112,0.0237,0.000,75.468,4.100,-7.731
36.6529,0.0107,0.0226,0.000,75.445,4.100,-7.732
36.6641,0.0112,0.0234,0.000,75.422,4.100,-7.732
36.6724,0.0083,0.0172,0.000,75.405,4.100,-7.732
36.6835,0.0111,0.0230,0.000,75.382,4.100,-7.732
36.6916,0.0081,0.0166,0.000,75.365,4.100,-7.733
36.7018,0.0102,0.0208,0.000,75.344,4.100,-7.733
36.7098,0.0080,0.0161,0.000,75.328,4.100,-7.733
36.7170,0.0072,0.0144,0.000,75.314,4.100,-7.733
36.7263,0.0093,0.0186,0.000,75.295,4.100,-7.733
36.7350,0.0087,0.0173,0.000,75.278,4.100,-7.733
36.7451,0.0101,0.0201,0.000,75.258,4.100,-7.733
36.7529,0.0078,0.0153,0.000,75.243,4.100,-7.733
36.7624,0.0094,0.0185,0.000,75.224,4.100,-7.733
36.7699,0.0075,0.0145,0.000,75.210,4.100,-7.733
36.7792,0.0093,0.0179,0.000,75.192,4.100,-7.733
36.7865,0.0073,0.0139,0.000,75.178,4.100,-7.732
36.7948,0.0084,0.0159,0.000,75.162,4.100,-7.732
36.8040,0.0092,0.0174,0.000,75.145,4.100,-7.732
36.8133,0.0093,0.0176,0.000,75.127,4.100,-7.731
36.8234,0.0101,0.0189,0.000,75.108,4.100,-7.731
36.8318,0.0084,0.0155,0.000,75.093,4.100,-7.731
36.8420,0.0102,0.0188,0.000,75.074,4.100,-7.730
36.8486,0.0066,0.0121,0.000,75.062,4.100,-7.729
36.8559,0.0073,0.0132,0.000,75.049,4.100,-7.728
36.8648,0.0089,0.0161,0.000,75.033,4.100,-7.726
36.8718,0.0070,0.0125,0.000,75.020,4.100,-7.725
36.8814,0.0096,0.0172,0.000,75.003,4.100,-7.723
36.8898,0.0084,0.0148,0.000,74.988,4.100,-7.722
36.8970,0.0072,0.0125,0.000,74.976,4.100,-7.721
36.9057,0.0087,0.0151,0.000,74.961,4.100,-7.720
36.9137,0.0081,0.0139,0.000,74.947,4.100,-7.719
36.9230,0.0093,0.0159,0.000,74.931,4.100,-7.718
36.9297,0.0067,0.0113,0.000,74.920,4.100,-7.717
36.9372,0.0075,0.0126,0.000,74.907,4.100,-7.716
36.9460,0.0087,0.0146,0.000,74.893,4.100,-7.715
36.9540,0.0081,0.0133,0.000,74.879,4.100,-7.714
36.9632,0.0092,0.0153,0.000,74.864,4.100,-7.713
36.9700,0.0068,0.0110,0.000,74.853,4.100,-7.712
36.9799,0.0099,0.0160,0.000,74.837,4.100,-7.711
36.9892,0.0093,0.0150,0.000,74.822,4.100,-7.711
36.9967,0.0075,0.0119,0.000,74.810,4.100,-7.710
37.0060,0.0093,0.0147,0.000,74.796,4.100,-7.709
37.0146,0.0086,0.0135,0.000,74.782,4.100,-7.709
37.0253,0.0107,0.0168,0.000,74.765,4.100,-7.708
37.0338,0.0085,0.0130,0.000,74.752,4.100,-7.707
37.0432,0.0093,0.0143,0.000,74.738,4.100,-7.707
37.0506,0.0075,0.0112,0.000,74.727,4.100,-7.706
37.0599,0.0092,0.0138,0.000,74.713,4.100,-7.706
37.0683,0.0084,0.0125,0.000,74.701,4.100,-7.705
37.0756,0.0072,0.0106,0.000,74.690,4.100,-7.705
37.0850,0.0094,0.0137,0.000,74.676,4.100,-7.705
37.0932,0.0083,0.0119,0.000,74.665,4.100,-7.704
37.1019,0.0087,0.0124,0.000,74.652,4.100,-7.704
37.1096,0.0077,0.0108,0.000,74.641,4.100,-7.704
37.1171,0.0075,0.0104,0.000,74.631,4.100,-7.704
37.1278,0.0107,0.0149,0.000,74.616,4.100,-7.704
37.1358,0.0080,0.0109,0.000,74.605,4.100,-7.703
37.1460,0.0102,0.0138,0.000,74.591,4.100,-7.703
37.1540,0.0080,0.0106,0.000,74.581,4.100,-7.703
37.1618,0.0078,0.0103,0.000,74.570,4.100,-7.703
37.1706,0.0088,0.0114,0.000,74.559,4.100,-7.703
37.1800,0.0093,0.0120,0.000,74.547,4.100,-7.703
37.1874,0.0075,0.0095,0.000,74.538,4.100,-7.703
37.1952,0.0077,0.0097,0.000,74.528,4.100,-7.703
37.2048,0.0097,0.0120,0.000,74.516,4.100,-7.704
37.2133,0.0085,0.0104,0.000,74.505,4.100,-7.704
37.2239,0.0105,0.0128,0.000,74.493,4.100,-7.704
37.2325,0.0086,0.0103,0.000,74.482,4.100,-7.704
37.2432,0.0107,0.0127,0.000,74.470,4.100,-7.704
37.2519,0.0087,0.0101,0.000,74.459,4.100,-7.704
37.2621,0.0101,0.0117,0.000,74.448,4.100,-7.705
37.2702,0.0082,0.0092,0.000,74.439,4.100,-7.705
37.2813,0.0111,0.0125,0.000,74.426,4.100,-7.705
37.2900,0.0087,0.0096,0.000,74.417,4.100,-7.705
37.2999,0.0099,0.0108,0.000,74.406,4.100,-7.706
37.3085,0.0086,0.0092,0.000,74.397,4.100,-7.706
37.3151,0.0066,0.0069,0.000,74.390,4.100,-7.706
37.3245,0.0094,0.0098,0.000,74.380,4.100,-7.706
37.3324,0.0080,0.0082,0.000,74.372,4.100,-7.706
37.3419,0.0094,0.0096,0.000,74.362,4.100,-7.706
37.3497,0.0078,0.0079,0.000,74.354,4.100,-7.706
37.3582,0.0085,0.0085,0.000,74.346,4.100,-7.707
37.3676,0.0094,0.0092,0.000,74.336,4.100,-7.707
37.3749,0.0073,0.0071,0.000,74.329,4.100,-7.707
37.3854,0.0105,0.0101,0.000,74.319,4.100,-7.707
37.3933,0.0079,0.0074,0.000,74.312,4.100,-7.707
37.4014,0.0080,0.0074,0.000,74.304,4.100,-7.707
37.4099,0.0086,0.0078,0.000,74.297,4.100,-7.707
37.4202,0.0103,0.0093,0.000,74.287,4.100,-7.707
37.4289,0.0087,0.0076,0.000,74.280,4.100,-7.707
37.4374,0.0085,0.0073,0.000,74.272,4.100,-7.707
37.4459,0.0086,0.0073,0.000,74.265,4.100,-7.707
37.4530,0.0071,0.0059,0.000,74.259,4.100,-7.707
37.4632,0.0102,0.0084,0.000,74.251,4.100,-7.707
37.4708,0.0076,0.0061,0.000,74.245,4.100,-7.707
37.4801,0.0092,0.0073,0.000,74.237,4.100,-7.706
37.4868,0.0068,0.0053,0.000,74.232,4.100,-7.706
37.4940,0.0071,0.0055,0.000,74.227,4.100,-7.706
37.5024,0.0084,0.0064,0.000,74.220,4.100,-7.706
37.5109,0.0085,0.0063,0.000,74.214,4.100,-7.706
37.5203,0.0094,0.0069,0.000,74.207,4.100,-7.706
37.5286,0.0083,0.0059,0.000,74.201,4.100,-7.706
37.5364,0.0078,0.0055,0.000,74.196,4.100,-7.705
37.5459,0.0095,0.0066,0.000,74.189,4.100,-7.705
37.5540,0.0080,0.0055,0.000,74.183,4.100,-7.705
37.5638,0.0099,0.0066,0.000,74.177,4.100,-7.705
37.5713,0.0075,0.0049,0.000,74.172,4.100,-7.705
37.5803,0.0090,0.0058,0.000,74.166,4.100,-7.705
37.5888,0.0086,0.0054,0.000,74.161,4.100,-7.705
37.5962,0.0074,0.0046,0.000,74.156,4.100,-7.705
37.6054,0.0092,0.0056,0.000,74.151,4.100,-7.704
37.6140,0.0086,0.0051,0.000,74.145,4.100,-7.704
37.6229,0.0089,0.0052,0.000,74.140,4.100,-7.704
37.6305,0.0077,0.0044,0.000,74.136,4.100,-7.704
37.6414,0.0109,0.0061,0.000,74.130,4.100,-7.704
37.6490,0.0076,0.0042,0.000,74.126,4.100,-7.704
37.6565,0.0075,0.0040,0.000,74.122,4.100,-7.704
37.6676,0.0111,0.0058,0.000,74.116,4.100,-7.704
37.6752,0.0076,0.0038,0.000,74.112,4.100,-7.704
37.6838,0.0086,0.0042,0.000,74.108,4.100,-7.704
37.6921,0.0083,0.0040,0.000,74.104,4.100,-7.704
37.7025,0.0104,0.0049,0.000,74.099,4.100,-7.705
37.7098,0.0073,0.0033,0.000,74.096,4.100,-7.705
37.7205,0.0106,0.0046,0.000,74.091,4.100,-7.705
37.7287,0.0082,0.0035,0.000,74.088,4.100,-7.705
37.7364,0.0077,0.0031,0.000,74.085,4.100,-7.705
37.7456,0.0092,0.0036,0.000,74.081,4.100,-7.705
37.7536,0.0080,0.0031,0.000,74.078,4.100,-7.705
37.7633,0.0097,0.0036,0.000,74.074,4.100,-7.706
37.7727,0.0095,0.0034,0.000,74.071,4.100,-7.706
37.7826,0.0099,0.0034,0.000,74.068,4.100,-7.706
37.7900,0.0073,0.0024,0.000,74.065,4.100,-7.706
37.8008,0.0108,0.0034,0.000,74.062,4.100,-7.707
37.8083,0.0075,0.0022,0.000,74.060,4.100,-7.707
37.8151,0.0069,0.0020,0.000,74.058,4.100,-7.707
37.8256,0.0105,0.0029,0.000,74.055,4.100,-7.707
37.8339,0.0082,0.0021,0.000,74.053,4.100,-7.708
37.8432,0.0093,0.0023,0.000,74.050,4.100,-7.708
37.8520,0.0089,0.0021,0.000,74.048,4.100,-7.708
37.8624,0.0104,0.0023,0.000,74.046,4.100,-7.708
37.8714,0.0089,0.0019,0.000,74.044,4.100,-7.709
37.8823,0.0110,0.0021,0.000,74.042,4.100,-7.709
37.8909,0.0085,0.0015,0.000,74.040,4.100,-7.709
37.9017,0.0108,0.0018,0.000,74.039,4.100,-7.709
37.9110,0.0093,0.0014,0.000,74.037,4.100,-7.710
37.9206,0.0096,0.0013,0.000,74.036,4.100,-7.710
37.9288,0.0082,0.0010,0.000,74.035,4.100,-7.710
37.9363,0.0075,0.0009,0.000,74.034,4.100,-7.710
37.9452,0.0089,0.0009,0.000,74.033,4.100,-7.710
37.9527,0.0074,0.0007,0.000,74.032,4.100,-7.710
37.9624,0.0097,0.0008,0.000,74.032,4.100,-7.711
37.9704,0.0080,0.0005,0.000,74.031,4.100,-7.711
37.9802,0.0098,0.0005,0.000,74.031,4.100,-7.711
37.9883,0.0080,0.0003,0.000,74.030,4.100,-7.711
37.9956,0.0074,0.0002,0.000,74.030,4.100,-7.711
38.0053,0.0096,0.0001,0.000,74.030,4.100,-7.711
38.0138,0.0085,0.0000,0.000,74.030,4.100,-7.711
38.0227,0.0089,0.0001,0.000,74.030,4.100,-7.711
38.0308,0.0081,0.0002,0.000,74.031,4.100,-7.711
38.0421,0.0113,0.0005,0.000,74.031,4.100,-7.711
38.0502,0.0081,0.0004,0.000,74.031,4.100,-7.711
38.0593,0.0091,0.0006,0.000,74.032,4.100,-7.711
38.0669,0.0076,0.0006,0.000,74.032,4.100,-7.711
38.0747,0.0078,0.0006,0.000,74.033,4.100,-7.711
38.0842,0.0095,0.0009,0.000,74.034,4.100,-7.711
38.0930,0.0087,0.0009,0.000,74.035,4.100,-7.711
38.1020,0.0090,0.0010,0.000,74.036,4.100,-7.711
38.1100,0.0080,0.0010,0.000,74.037,4.100,-7.711
38.1207,0.0107,0.0015,0.000,74.038,4.100,-7.711
38.1283,0.0076,0.0011,0.000,74.039,4.100,-7.711
38.1355,0.0072,0.0011,0.000,74.041,4.100,-7.711
38.1459,0.0105,0.0018,0.000,74.042,4.100,-7.711
38.1533,0.0073,0.0013,0.000,74.044,4.100,-7.711
38.1616,0.0083,0.0015,0.000,74.045,4.100,-7.711
38.1699,0.0083,0.0016,0.000,74.047,4.100,-7.711
38.1802,0.0103,0.0022,0.000,74.049,4.100,-7.711
38.1879,0.0077,0.0017,0.000,74.051,4.100,-7.711
38.1950,0.0071,0.0016,0.000,74.052,4.100,-7.711
38.2043,0.0093,0.0022,0.000,74.054,4.100,-7.711
38.2111,0.0068,0.0016,0.000,74.056,4.100,-7.711
38.2213,0.0102,0.0026,0.000,74.059,4.100,-7.711
38.2281,0.0068,0.0018,0.000,74.060,4.100,-7.711
38.2356,0.0075,0.0021,0.000,74.063,4.100,-7.711
38.2532,0.0175,0.0053,0.000,74.068,4.100,-7.711
38.2652,0.0120,0.0038,0.000,74.072,4.100,-7.711
38.2746,0.0094,0.0030,0.000,74.075,4.100,-7.711
38.2870,0.0124,0.0042,0.000,74.079,4.100,-7.712
38.2973,0.0103,0.0036,0.000,74.082,4.100,-7.712
38.3092,0.0119,0.0043,0.000,74.087,4.100,-7.712
38.3214,0.0122,0.0046,0.000,74.091,4.100,-7.712
38.3334,0.0120,0.0046,0.000,74.096,4.100,-7.712
38.3441,0.0108,0.0043,0.000,74.100,4.100,-7.712
38.3542,0.0101,0.0041,0.000,74.104,4.100,-7.712
38.3643,0.0100,0.0042,0.000,74.108,4.100,-7.712
38.3722,0.0079,0.0033,0.000,74.112,4.100,-7.713
38.3833,0.0111,0.0048,0.000,74.116,4.100,-7.713
38.3928,0.0096,0.0042,0.000,74.121,4.100,-7.713
38.4027,0.0099,0.0045,0.000,74.125,4.100,-7.713
38.4107,0.0080,0.0037,0.000,74.129,4.100,-7.713
38.4234,0.0127,0.0061,0.000,74.135,4.100,-7.713
38.4322,0.0088,0.0042,0.000,74.139,4.100,-7.713
38.4428,0.0106,0.0052,0.000,74.144,4.100,-7.713
38.4510,0.0082,0.0041,0.000,74.148,4.100,-7.713
38.4606,0.0096,0.0049,0.000,74.153,4.100,-7.713
38.4693,0.0086,0.0045,0.000,74.158,4.100,-7.713
38.4764,0.0071,0.0037,0.000,74.162,4.100,-7.713
38.4859,0.0096,0.0052,0.000,74.167,4.100,-7.712
38.4952,0.0092,0.0051,0.000,74.172,4.100,-7.712
38.5047,0.0095,0.0053,0.000,74.177,4.100,-7.712
38.5117,0.0070,0.0039,0.000,74.181,4.100,-7.712
38.5221,0.0104,0.0060,0.000,74.187,4.100,-7.712
38.5305,0.0085,0.0050,0.000,74.192,4.100,-7.712
38.5399,0.0094,0.0056,0.000,74.198,4.100,-7.712
38.5483,0.0084,0.0051,0.000,74.203,4.100,-7.711
38.5559,0.0077,0.0047,0.000,74.208,4.100,-7.711
38.5662,0.0103,0.0065,0.000,74.214,4.100,-7.711
38.5753,0.0091,0.0058,0.000,74.220,4.100,-7.711
38.5854,0.0102,0.0066,0.000,74.226,4.100,-7.711
38.5952,0.0098,0.0065,0.000,74.233,4.100,-7.710
38.6124,0.0172,0.0120,0.000,74.245,4.100,-7.710
38.6281,0.0156,0.0109,0.000,74.256,4.100,-7.710
38.6488,0.0208,0.0151,0.000,74.271,4.100,-7.709
38.6620,0.0132,0.0095,0.000,74.280,4.100,-7.709
38.6748,0.0128,0.0092,0.000,74.290,4.100,-7.709
38.6863,0.0115,0.0084,0.000,74.298,4.100,-7.708
38.6966,0.0104,0.0076,0.000,74.306,4.100,-7.708
38.7094,0.0127,0.0096,0.000,74.315,4.100,-7.708
38.7171,0.0078,0.0058,0.000,74.321,4.100,-7.708
38.7295,0.0124,0.0095,0.000,74.330,4.100,-7.707
38.7376,0.0081,0.0062,0.000,74.337,4.100,-7.707
38.7474,0.0098,0.0076,0.000,74.344,4.100,-7.707
38.7571,0.0098,0.0077,0.000,74.352,4.100,-7.707
38.7690,0.0118,0.0095,0.000,74.361,4.100,-7.706
38.7779,0.0089,0.0072,0.000,74.369,4.100,-7.706
38.7930,0.0151,0.0126,0.000,74.381,4.100,-7.706
38.8061,0.0131,0.0110,0.000,74.392,4.100,-7.706
38.8154,0.0093,0.0078,0.000,74.400,4.100,-7.706
38.8274,0.0120,0.0102,0.000,74.410,4.100,-7.706
38.8363,0.0089,0.0076,0.000,74.418,4.100,-7.706
38.8474,0.0112,0.0097,0.000,74.428,4.100,-7.706
38.8567,0.0093,0.0081,0.000,74.436,4.100,-7.705
38.8685,0.0118,0.0104,0.000,74.446,4.100,-7.705
38.8768,0.0084,0.0074,0.000,74.453,4.100,-7.705
38.8898,0.0129,0.0117,0.000,74.465,4.100,-7.705
38.8986,0.0088,0.0079,0.000,74.473,4.100,-7.705
38.9093,0.0107,0.0098,0.000,74.483,4.100,-7.705
38.9194,0.0101,0.0092,0.000,74.492,4.100,-7.705
38.9304,0.0110,0.0101,0.000,74.502,4.100,-7.705
38.9417,0.0113,0.0106,0.000,74.513,4.100,-7.705
38.9508,0.0090,0.0084,0.000,74.521,4.100,-7.705
38.9614,0.0106,0.0101,0.000,74.531,4.100,-7.705
38.9697,0.0082,0.0078,0.000,74.539,4.100,-7.705
38.9782,0.0085,0.0081,0.000,74.547,4.100,-7.704
38.9887,0.0105,0.0101,0.000,74.557,4.100,-7.704
38.9971,0.0084,0.0081,0.000,74.565,4.100,-7.704
39.0085,0.0114,0.0111,0.000,74.576,4.100,-7.704
39.0167,0.0082,0.0080,0.000,74.584,4.100,-7.704
39.0291,0.0124,0.0123,0.000,74.597,4.100,-7.704
39.0384,0.0093,0.0092,0.000,74.606,4.100,-7.704
39.0499,0.0115,0.0116,0.000,74.617,4.100,-7.703
39.0610,0.0111,0.0113,0.000,74.629,4.100,-7.703
39.0703,0.0093,0.0094,0.000,74.638,4.100,-7.703
39.0811,0.0108,0.0111,0.000,74.649,4.100,-7.703
39.0886,0.0075,0.0076,0.000,74.657,4.100,-7.702
39.0973,0.0087,0.0089,0.000,74.666,4.100,-7.702
39.1092,0.0119,0.0125,0.000,74.678,4.100,-7.702
39.1180,0.0088,0.0091,0.000,74.687,4.100,-7.702
39.1301,0.0121,0.0128,0.000,74.700,4.100,-7.701
39.1414,0.0113,0.0120,0.000,74.712,4.100,-7.701
39.1495,0.0081,0.0085,0.000,74.721,4.100,-7.701
39.1593,0.0098,0.0105,0.000,74.731,4.100,-7.700
39.1702,0.0108,0.0116,0.000,74.743,4.100,-7.700
39.1815,0.0113,0.0122,0.000,74.755,4.100,-7.700
39.1899,0.0084,0.0090,0.000,74.764,4.100,-7.699
39.2022,0.0123,0.0134,0.000,74.777,4.100,-7.699
39.2108,0.0086,0.0094,0.000,74.787,4.100,-7.699
39.2221,0.0113,0.0124,0.000,74.799,4.100,-7.698
39.2304,0.0083,0.0091,0.000,74.808,4.100,-7.698
39.2413,0.0109,0.0121,0.000,74.820,4.100,-7.698
39.2493,0.0081,0.0088,0.000,74.829,4.100,-7.697
39.2567,0.0074,0.0081,0.000,74.837,4.100,-7.697
39.2672,0.0105,0.0118,0.000,74.849,4.100,-7.697
39.2769,0.0097,0.0108,0.000,74.860,4.100,-7.696
39.2879,0.0110,0.0124,0.000,74.872,4.100,-7.696
39.2958,0.0079,0.0089,0.000,74.881,4.100,-7.696
39.3079,0.0122,0.0139,0.000,74.895,4.100,-7.696
39.3172,0.0093,0.0106,0.000,74.906,4.100,-7.695
39.3275,0.0103,0.0118,0.000,74.917,4.100,-7.695
39.3374,0.0099,0.0114,0.000,74.929,4.100,-7.695
39.3482,0.0107,0.0124,0.000,74.941,4.100,-7.695
39.3563,0.0081,0.0093,0.000,74.950,4.100,-7.694
39.3674,0.0112,0.0130,0.000,74.963,4.100,-7.694
39.3754,0.0079,0.0092,0.000,74.973,4.100,-7.694
39.3863,0.0110,0.0129,0.000,74.985,4.100,-7.694
39.3952,0.0089,0.0104,0.000,74.996,4.100,-7.693
39.4052,0.0100,0.0118,0.000,75.008,4.100,-7.693
39.4138,0.0086,0.0101,0.000,75.018,4.100,-7.693
39.4228,0.0090,0.0107,0.000,75.028,4.100,-7.693
39.4308,0.0080,0.0095,0.000,75.038,4.100,-7.693
39.4403,0.0095,0.0113,0.000,75.049,4.100,-7.692
39.4492,0.0090,0.0107,0.000,75.060,4.100,-7.692
39.4562,0.0070,0.0083,0.000,75.068,4.100,-7.692
39.4651,0.0089,0.0107,0.000,75.079,4.100,-7.692
39.4731,0.0079,0.0095,0.000,75.088,4.100,-7.692
39.4812,0.0081,0.0097,0.000,75.098,4.100,-7.691
39.4886,0.0075,0.0090,0.000,75.107,4.100,-7.691
39.4962,0.0075,0.0091,0.000,75.116,4.100,-7.691
39.5058,0.0097,0.0118,0.000,75.128,4.100,-7.691
39.5138,0.0080,0.0096,0.000,75.137,4.100,-7.690
39.5263,0.0126,0.0155,0.000,75.153,4.100,-7.690
39.5345,0.0081,0.0099,0.000,75.163,4.100,-7.690
39.5428,0.0084,0.0102,0.000,75.173,4.100,-7.689
39.5518,0.0090,0.0111,0.000,75.184,4.100,-7.689
39.5606,0.0087,0.0108,0.000,75.195,4.100,-7.689
39.5692,0.0087,0.0107,0.000,75.206,4.100,-7.688
39.5773,0.0080,0.0099,0.000,75.216,4.100,-7.688
39.5869,0.0097,0.0120,0.000,75.228,4.100,-7.688
39.5951,0.0081,0.0101,0.000,75.238,4.100,-7.687
39.6045,0.0095,0.0119,0.000,75.250,4.100,-7.687
39.6113,0.0068,0.0084,0.000,75.258,4.100,-7.687
39.6212,0.0099,0.0125,0.000,75.270,4.100,-7.686
39.6294,0.0082,0.0102,0.000,75.281,4.100,-7.686
39.6362,0.0068,0.0085,0.000,75.289,4.100,-7.686
39.6458,0.0096,0.0122,0.000,75.301,4.100,-7.686
39.6538,0.0081,0.0102,0.000,75.311,4.100,-7.685
39.6625,0.0086,0.0109,0.000,75.322,4.100,-7.685
39.6696,0.0071,0.0090,0.000,75.331,4.100,-7.685
39.6769,0.0073,0.0093,0.000,75.341,4.100,-7.684
39.6867,0.0097,0.0124,0.000,75.353,4.100,-7.684
39.6948,0.0081,0.0103,0.000,75.363,4.100,-7.684
39.7057,0.0109,0.0140,0.000,75.377,4.100,-7.684
39.7143,0.0086,0.0110,0.000,75.388,4.100,-7.683
39.7241,0.0098,0.0126,0.000,75.401,4.100,-7.683
39.7326,0.0085,0.0108,0.000,75.412,4.100,-7.683
39.7427,0.0102,0.0132,0.000,75.425,4.100,-7.682
39.7510,0.0082,0.0106,0.000,75.436,4.100,-7.682
39.7622,0.0112,0.0146,0.000,75.450,4.100,-7.682
39.7703,0.0081,0.0105,0.000,75.461,4.100,-7.682
39.7807,0.0104,0.0136,0.000,75.474,4.100,-7.682
39.7901,0.0094,0.0123,0.000,75.487,4.100,-7.681
39.8009,0.0108,0.0142,0.000,75.501,4.100,-7.681
39.8087,0.0078,0.0101,0.000,75.511,4.100,-7.681
39.8163,0.0076,0.0099,0.000,75.521,4.100,-7.681
39.8280,0.0117,0.0155,0.000,75.536,4.100,-7.681
39.8363,0.0084,0.0110,0.000,75.547,4.100,-7.681
39.8468,0.0105,0.0139,0.000,75.561,4.100,-7.681
39.8547,0.0079,0.0103,0.000,75.572,4.100,-7.681
39.8637,0.0090,0.0118,0.000,75.583,4.100,-7.681
39.8732,0.0095,0.0126,0.000,75.596,4.100,-7.681
39.8830,0.0099,0.0131,0.000,75.609,4.100,-7.680
39.8908,0.0078,0.0102,0.000,75.619,4.100,-7.680
39.9010,0.0102,0.0136,0.000,75.633,4.100,-7.680
39.9098,0.0088,0.0117,0.000,75.645,4.100,-7.680
39.9172,0.0074,0.0098,0.000,75.654,4.100,-7.680
39.9278,0.0105,0.0141,0.000,75.669,4.100,-7.680
39.9353,0.0075,0.0100,0.000,75.678,4.100,-7.680
39.9453,0.0100,0.0134,0.000,75.692,4.100,-7.680
39.9552,0.0099,0.0133,0.000,75.705,4.100,-7.680
39.9657,0.0105,0.0141,0.000,75.719,4.100,-7.680
39.9732,0.0075,0.0101,0.000,75.729,4.100,-7.680
39.9828,0.0095,0.0128,0.000,75.742,4.100,-7.680
39.9903,0.0076,0.0101,0.000,75.752,4.100,-7.680
40.0002,0.0098,0.0133,0.000,75.766,4.100,-7.680
40.0086,0.0084,0.0113,0.000,75.777,4.100,-7.680
40.0156,0.0070,0.0094,0.000,75.786,4.100,-7.680
40.0257,0.0101,0.0138,0.000,75.800,4.100,-7.679
40.0356,0.0098,0.0134,0.000,75.814,4.100,-7.679
40.0452,0.0096,0.0131,0.000,75.827,4.100,-7.679
40.0532,0.0081,0.0109,0.000,75.838,4.100,-7.679
40.0633,0.0101,0.0138,0.000,75.851,4.100,-7.679
40.0712,0.0078,0.0107,0.000,75.862,4.100,-7.679
40.0814,0.0103,0.0142,0.000,75.876,4.100,-7.679
40.0903,0.0089,0.0122,0.000,75.888,4.100,-7.679
40.1009,0.0105,0.0145,0.000,75.903,4.100,-7.679
40.1084,0.0076,0.0104,0.000,75.913,4.100,-7.679
40.1181,0.0096,0.0133,0.000,75.927,4.100,-7.679
40.1281,0.0101,0.0139,0.000,75.941,4.100,-7.679
40.1361,0.0080,0.0109,0.000,75.951,4.100,-7.679
40.1461,0.0100,0.0139,0.000,75.965,4.100,-7.679
40.1538,0.0076,0.0105,0.000,75.976,4.100,-7.679
40.1630,0.0092,0.0127,0.000,75.989,4.100,-7.679
40.1714,0.0084,0.0116,0.000,76.000,4.100,-7.679
40.1808,0.0094,0.0130,0.000,76.013,4.100,-7.679
40.1879,0.0070,0.0097,0.000,76.023,4.100,-7.679
40.1957,0.0079,0.0109,0.000,76.034,4.100,-7.679
40.2056,0.0098,0.0137,0.000,76.047,4.100,-7.679
40.2132,0.0076,0.0105,0.000,76.058,4.100,-7.679
40.2227,0.0095,0.0133,0.000,76.071,4.100,-7.679
40.2304,0.0077,0.0107,0.000,76.082,4.100,-7.680
40.2413,0.0109,0.0154,0.000,76.097,4.100,-7.680
40.2495,0.0083,0.0115,0.000,76.109,4.100,-7.680
40.2567,0.0071,0.0099,0.000,76.119,4.100,-7.680
40.2672,0.0105,0.0148,0.000,76.134,4.100,-7.680
40.2757,0.0085,0.0119,0.000,76.145,4.100,-7.681
40.2874,0.0117,0.0166,0.000,76.162,4.100,-7.681
40.2968,0.0095,0.0133,0.000,76.175,4.100,-7.681
40.3083,0.0115,0.0163,0.000,76.192,4.100,-7.682
40.3173,0.0090,0.0126,0.000,76.204,4.100,-7.682
40.3276,0.0103,0.0145,0.000,76.219,4.100,-7.682
40.3385,0.0109,0.0154,0.000,76.234,4.100,-7.683
40.3497,0.0112,0.0159,0.000,76.250,4.100,-7.683
40.3586,0.0089,0.0125,0.000,76.263,4.100,-7.683
40.3720,0.0134,0.0191,0.000,76.282,4.100,-7.684
40.3988,0.0268,0.0400,0.000,76.322,4.100,-7.685
40.4175,0.0187,0.0269,0.000,76.349,4.100,-7.686
40.4346,0.0171,0.0244,0.000,76.373,4.100,-7.687
40.4462,0.0116,0.0162,0.000,76.389,4.100,-7.687
40.4559,0.0097,0.0136,0.000,76.403,4.100,-7.687
40.4708,0.0148,0.0211,0.000,76.424,4.100,-7.688
40.4824,0.0116,0.0164,0.000,76.440,4.100,-7.688
40.4904,0.0080,0.0112,0.000,76.452,4.100,-7.688
40.5008,0.0104,0.0146,0.000,76.466,4.100,-7.689
40.5086,0.0078,0.0110,0.000,76.477,4.100,-7.689
40.5161,0.0075,0.0105,0.000,76.488,4.100,-7.689
40.5272,0.0111,0.0159,0.000,76.504,4.100,-7.689
40.5354,0.0081,0.0115,0.000,76.515,4.100,-7.689
40.5451,0.0098,0.0140,0.000,76.529,4.100,-7.690
40.5540,0.0089,0.0126,0.000,76.542,4.100,-7.690
40.5638,0.0098,0.0140,0.000,76.556,4.100,-7.690
40.5720,0.0081,0.0116,0.000,76.567,4.100,-7.690
40.5829,0.0109,0.0157,0.000,76.583,4.100,-7.691
40.5912,0.0083,0.0119,0.000,76.595,4.100,-7.691
40.6016,0.0104,0.0150,0.000,76.610,4.100,-7.691
40.6101,0.0085,0.0122,0.000,76.622,4.100,-7.691
40.6199,0.0098,0.0141,0.000,76.636,4.100,-7.691
40.6285,0.0086,0.0124,0.000,76.648,4.100,-7.692
40.6363,0.0078,0.0112,0.000,76.660,4.100,-7.692
40.6465,0.0101,0.0147,0.000,76.674,4.100,-7.692
40.6542,0.0077,0.0110,0.000,76.685,4.100,-7.692
40.6641,0.0100,0.0144,0.000,76.700,4.100,-7.692
40.6719,0.0078,0.0112,0.000,76.711,4.100,-7.692
40.6809,0.0090,0.0130,0.000,76.724,4.100,-7.693
40.6892,0.0083,0.0119,0.000,76.736,4.100,-7.693
40.6965,0.0074,0.0106,0.000,76.746,4.100,-7.693
40.7057,0.0092,0.0132,0.000,76.760,4.100,-7.693
40.7137,0.0080,0.0116,0.000,76.771,4.100,-7.693
40.7239,0.0101,0.0147,0.000,76.786,4.100,-7.694
40.7320,0.0082,0.0118,0.000,76.798,4.100,-7.694
40.7419,0.0099,0.0144,0.000,76.812,4.100,-7.694
40.7497,0.0077,0.0111,0.000,76.823,4.100,-7.694
40.7568,0.0071,0.0103,0.000,76.833,4.100,-7.695
40.7681,0.0113,0.0165,0.000,76.850,4.100,-7.695
40.7764,0.0084,0.0121,0.000,76.862,4.100,-7.695
40.7862,0.0097,0.0142,0.000,76.876,4.100,-7.696
40.7951,0.0089,0.0129,0.000,76.889,4.100,-7.696
40.8043,0.0092,0.0134,0.000,76.903,4.100,-7.696
40.8116,0.0073,0.0105,0.000,76.913,4.100,-7.696
40.8217,0.0102,0.0149,0.000,76.928,4.100,-7.697
40.8299,0.0082,0.0119,0.000,76.940,4.100,-7.697
40.8402,0.0103,0.0151,0.000,76.955,4.100,-7.697
40.8487,0.0085,0.0125,0.000,76.967,4.100,-7.698
40.8558,0.0071,0.0102,0.000,76.978,4.100,-7.698
40.8656,0.0099,0.0145,0.000,76.992,4.100,-7.698
40.8755,0.0099,0.0145,0.000,77.007,4.100,-7.699
40.8854,0.0099,0.0144,0.000,77.021,4.100,-7.699
40.8930,0.0077,0.0111,0.000,77.032,4.100,-7.699
40.9036,0.0106,0.0155,0.000,77.048,4.100,-7.699
40.9112,0.0076,0.0110,0.000,77.059,4.100,-7.700
40.9209,0.0097,0.0142,0.000,77.073,4.100,-7.700
40.9294,0.0085,0.0123,0.000,77.085,4.100,-7.700
40.9370,0.0076,0.0111,0.000,77.096,4.100,-7.701
40.9465,0.0094,0.0138,0.000,77.110,4.100,-7.701
40.9551,0.0087,0.0126,0.000,77.123,4.100,-7.701
40.9654,0.0102,0.0150,0.000,77.138,4.100,-7.701
40.9732,0.0078,0.0113,0.000,77.149,4.100,-7.702
40.9820,0.0088,0.0128,0.000,77.162,4.100,-7.702
40.9893,0.0073,0.0106,0.000,77.172,4.100,-7.702
40.9960,0.0067,0.0097,0.000,77.182,4.100,-7.702
41.0066,0.0106,0.0155,0.000,77.197,4.100,-7.703
41.0142,0.0076,0.0110,0.000,77.209,4.100,-7.703
41.0231,0.0089,0.0130,0.000,77.222,4.100,-7.703
41.0325,0.0093,0.0136,0.000,77.235,4.100,-7.703
41.0422,0.0097,0.0142,0.000,77.249,4.100,-7.703
41.0495,0.0073,0.0106,0.000,77.260,4.100,-7.703
41.0569,0.0073,0.0106,0.000,77.271,4.100,-7.704
41.0667,0.0098,0.0144,0.000,77.285,4.100,-7.704
41.0752,0.0085,0.0124,0.000,77.297,4.100,-7.704
41.0852,0.0099,0.0145,0.000,77.312,4.100,-7.704
41.0930,0.0078,0.0113,0.000,77.323,4.100,-7.704
41.1015,0.0086,0.0125,0.000,77.336,4.100,-7.704
41.1098,0.0083,0.0121,0.000,77.348,4.100,-7.704
41.1168,0.0070,0.0101,0.000,77.358,4.100,-7.705
41.1261,0.0093,0.0136,0.000,77.371,4.100,-7.705
41.1348,0.0087,0.0126,0.000,77.384,4.100,-7.705
41.1445,0.0097,0.0141,0.000,77.398,4.100,-7.705
41.1521,0.0077,0.0111,0.000,77.409,4.100,-7.705
41.1620,0.0099,0.0144,0.000,77.424,4.100,-7.705
41.1708,0.0088,0.0128,0.000,77.437,4.100,-7.705
41.1804,0.0096,0.0140,0.000,77.451,4.100,-7.705
41.1892,0.0088,0.0128,0.000,77.463,4.100,-7.705
41.1960,0.0068,0.0099,0.000,77.473,4.100,-7.705
41.2063,0.0103,0.0151,0.000,77.488,4.100,-7.705
41.2149,0.0087,0.0126,0.000,77.501,4.100,-7.706
41.2241,0.0092,0.0135,0.000,77.514,4.100,-7.706
41.2309,0.0068,0.0098,0.000,77.524,4.100,-7.706
41.2421,0.0112,0.0165,0.000,77.541,4.100,-7.706
41.2501,0.0080,0.0117,0.000,77.552,4.100,-7.706
41.2594,0.0093,0.0136,0.000,77.566,4.100,-7.706
41.2672,0.0078,0.0113,0.000,77.577,4.100,-7.706
41.2752,0.0080,0.0116,0.000,77.589,4.100,-7.707
41.2843,0.0091,0.0133,0.000,77.602,4.100,-7.707
41.2930,0.0087,0.0127,0.000,77.615,4.100,-7.707
41.3022,0.0092,0.0134,0.000,77.628,4.100,-7.707
41.3103,0.0081,0.0117,0.000,77.640,4.100,-7.707
41.3210,0.0107,0.0157,0.000,77.655,4.100,-7.707
41.3296,0.0086,0.0126,0.000,77.668,4.100,-7.707
41.3369,0.0073,0.0106,0.000,77.679,4.100,-7.707
41.3482,0.0113,0.0167,0.000,77.695,4.100,-7.708
41.3568,0.0086,0.0125,0.000,77.708,4.100,-7.708
41.3667,0.0099,0.0145,0.000,77.722,4.100,-7.708
41.3752,0.0085,0.0124,0.000,77.735,4.100,-7.708
41.3845,0.0093,0.0137,0.000,77.748,4.100,-7.709
41.3910,0.0065,0.0094,0.000,77.758,4.100,-7.709
41.4013,0.0103,0.0151,0.000,77.773,4.100,-7.709
41.4090,0.0077,0.0112,0.000,77.784,4.100,-7.709
41.4163,0.0073,0.0105,0.000,77.795,4.100,-7.709
41.4275,0.0112,0.0164,0.000,77.811,4.100,-7.710
41.4359,0.0085,0.0124,0.000,77.823,4.100,-7.710
41.4461,0.0102,0.0149,0.000,77.838,4.100,-7.710
41.4546,0.0085,0.0123,0.000,77.851,4.100,-7.710
41.4640,0.0094,0.0137,0.000,77.864,4.100,-7.711
41.4716,0.0076,0.0110,0.000,77.875,4.100,-7.711
41.4824,0.0108,0.0158,0.000,77.891,4.100,-7.711
41.4888,0.0064,0.0093,0.000,77.900,4.100,-7.711
41.4962,0.0074,0.0107,0.000,77.911,4.100,-7.711
41.5063,0.0101,0.0148,0.000,77.926,4.100,-7.712
41.5144,0.0082,0.0118,0.000,77.938,4.100,-7.712
41.5238,0.0094,0.0137,0.000,77.951,4.100,-7.712
41.5321,0.0083,0.0120,0.000,77.963,4.100,-7.712
41.5409,0.0088,0.0128,0.000,77.976,4.100,-7.713
41.5494,0.0085,0.0123,0.000,77.989,4.100,-7.713
41.5581,0.0087,0.0127,0.000,78.001,4.100,-7.713
41.5673,0.0092,0.0134,0.000,78.015,4.100,-7.713
41.5751,0.0079,0.0114,0.000,78.026,4.100,-7.713
41.5869,0.0117,0.0173,0.000,78.043,4.100,-7.714
41.5946,0.0077,0.0112,0.000,78.055,4.100,-7.714
41.6033,0.0087,0.0127,0.000,78.067,4.100,-7.714
41.6112,0.0079,0.0116,0.000,78.079,4.100,-7.714
41.6221,0.0109,0.0160,0.000,78.095,4.100,-7.715
41.6293,0.0072,0.0104,0.000,78.105,4.100,-7.715
41.6373,0.0081,0.0117,0.000,78.117,4.100,-7.715
41.6466,0.0093,0.0136,0.000,78.130,4.100,-7.715
41.6560,0.0094,0.0137,0.000,78.144,4.100,-7.715
41.6673,0.0113,0.0167,0.000,78.161,4.100,-7.716
41.6753,0.0080,0.0117,0.000,78.173,4.100,-7.716
41.6857,0.0103,0.0152,0.000,78.188,4.100,-7.716
41.6951,0.0095,0.0139,0.000,78.202,4.100,-7.717
41.7046,0.0094,0.0139,0.000,78.216,4.100,-7.717
41.7115,0.0069,0.0101,0.000,78.226,4.100,-7.717
41.7236,0.0121,0.0179,0.000,78.244,4.100,-7.718
41.7314,0.0078,0.0113,0.000,78.255,4.100,-7.718
41.7403,0.0089,0.0130,0.000,78.268,4.100,-7.718
41.7488,0.0085,0.0125,0.000,78.280,4.100,-7.718
41.7560,0.0072,0.0105,0.000,78.291,4.100,-7.719
41.7663,0.0103,0.0151,0.000,78.306,4.100,-7.719
41.7746,0.0084,0.0122,0.000,78.318,4.100,-7.720
41.7835,0.0088,0.0130,0.000,78.331,4.100,-7.720
41.7913,0.0078,0.0114,0.000,78.343,4.100,-7.720
41.8018,0.0105,0.0155,0.000,78.358,4.100,-7.721
41.8091,0.0073,0.0107,0.000,78.369,4.100,-7.721
41.8165,0.0074,0.0108,0.000,78.380,4.100,-7.722
41.8269,0.0105,0.0155,0.000,78.395,4.100,-7.722
41.8346,0.0077,0.0112,0.000,78.406,4.100,-7.722
41.8426,0.0080,0.0117,0.000,78.418,4.100,-7.723
41.8515,0.0088,0.0129,0.000,78.431,4.100,-7.723
41.8607,0.0093,0.0137,0.000,78.445,4.100,-7.724
41.8681,0.0073,0.0107,0.000,78.455,4.100,-7.724
41.8764,0.0084,0.0123,0.000,78.468,4.100,-7.725
41.8859,0.0095,0.0140,0.000,78.482,4.100,-7.725
41.8929,0.0070,0.0103,0.000,78.492,4.100,-7.726
41.9033,0.0104,0.0153,0.000,78.507,4.100,-7.726
41.9110,0.0077,0.0113,0.000,78.518,4.100,-7.727
41.9224,0.0115,0.0171,0.000,78.536,4.100,-7.728
41.9310,0.0086,0.0127,0.000,78.548,4.100,-7.728
41.9406,0.0096,0.0141,0.000,78.562,4.100,-7.729
41.9485,0.0079,0.0116,0.000,78.574,4.100,-7.729
41.9570,0.0084,0.0124,0.000,78.586,4.100,-7.730
41.9671,0.0101,0.0149,0.000,78.601,4.100,-7.731
41.9749,0.0078,0.0115,0.000,78.613,4.100,-7.731
41.9854,0.0105,0.0155,0.000,78.628,4.100,-7.732
41.9930,0.0076,0.0111,0.000,78.639,4.100,-7.733
42.0025,0.0095,0.0139,0.000,78.653,4.100,-7.733
42.0114,0.0089,0.0131,0.000,78.666,4.100,-7.734
42.0213,0.0099,0.0146,0.000,78.681,4.100,-7.735
42.0292,0.0079,0.0116,0.000,78.692,4.100,-7.735
42.0376,0.0084,0.0123,0.000,78.705,4.100,-7.736
42.0468,0.0091,0.0134,0.000,78.718,4.100,-7.736
42.0545,0.0078,0.0113,0.000,78.729,4.100,-7.737
42.0642,0.0096,0.0141,0.000,78.743,4.100,-7.737
42.0717,0.0076,0.0110,0.000,78.754,4.100,-7.738
42.0810,0.0093,0.0136,0.000,78.768,4.100,-7.739
42.0894,0.0084,0.0123,0.000,78.780,4.100,-7.739
42.0967,0.0072,0.0105,0.000,78.791,4.100,-7.740
42.1063,0.0097,0.0141,0.000,78.805,4.100,-7.740
42.1145,0.0081,0.0118,0.000,78.816,4.100,-7.741
42.1242,0.0097,0.0141,0.000,78.831,4.100,-7.741
42.1324,0.0082,0.0119,0.000,78.842,4.100,-7.742
42.1428,0.0104,0.0152,0.000,78.858,4.100,-7.742
42.1510,0.0082,0.0119,0.000,78.870,4.100,-7.743
42.1625,0.0115,0.0168,0.000,78.886,4.100,-7.744
42.1711,0.0087,0.0126,0.000,78.899,4.100,-7.744
42.1813,0.0101,0.0148,0.000,78.914,4.100,-7.745
42.1893,0.0080,0.0116,0.000,78.925,4.100,-7.745
42.1976,0.0083,0.0119,0.000,78.937,4.100,-7.746
42.2073,0.0098,0.0142,0.000,78.951,4.100,-7.746
42.2151,0.0078,0.0113,0.000,78.963,4.100,-7.746
42.2257,0.0106,0.0154,0.000,78.978,4.100,-7.747
42.2334,0.0076,0.0110,0.000,78.989,4.100,-7.747
42.2420,0.0086,0.0125,0.000,79.002,4.100,-7.748
42.2501,0.0081,0.0117,0.000,79.013,4.100,-7.748
42.2599,0.0098,0.0142,0.000,79.027,4.100,-7.749
42.2679,0.0080,0.0116,0.000,79.039,4.100,-7.749
42.2763,0.0084,0.0121,0.000,79.051,4.100,-7.750
42.2863,0.0099,0.0144,0.000,79.065,4.100,-7.750
42.2946,0.0083,0.0119,0.000,79.077,4.100,-7.750
42.3039,0.0094,0.0135,0.000,79.091,4.100,-7.751
42.3120,0.0081,0.0116,0.000,79.102,4.100,-7.751
42.3211,0.0091,0.0131,0.000,79.116,4.100,-7.752
42.3295,0.0084,0.0120,0.000,79.128,4.100,-7.752
42.3367,0.0072,0.0103,0.000,79.138,4.100,-7.753
42.3457,0.0090,0.0129,0.000,79.151,4.100,-7.753
42.3537,0.0080,0.0115,0.000,79.162,4.100,-7.754
42.3625,0.0088,0.0126,0.000,79.175,4.100,-7.754
42.3699,0.0074,0.0105,0.000,79.185,4.100,-7.755
42.3797,0.0098,0.0141,0.000,79.199,4.100,-7.755
42.3873,0.0076,0.0108,0.000,79.210,4.100,-7.756
42.3947,0.0074,0.0106,0.000,79.221,4.100,-7.756
42.4050,0.0103,0.0149,0.000,79.236,4.100,-7.757
42.4136,0.0086,0.0123,0.000,79.248,4.100,-7.757
42.4226,0.0091,0.0130,0.000,79.261,4.100,-7.758
42.4322,0.0095,0.0137,0.000,79.275,4.100,-7.758
42.4413,0.0091,0.0130,0.000,79.288,4.100,-7.759
42.4492,0.0080,0.0114,0.000,79.299,4.100,-7.759
42.4567,0.0075,0.0106,0.000,79.309,4.100,-7.760
42.4664,0.0097,0.0139,0.000,79.323,4.100,-7.760
42.4740,0.0076,0.0108,0.000,79.334,4.100,-7.761
42.4842,0.0102,0.0147,0.000,79.349,4.100,-7.762
42.4947,0.0105,0.0152,0.000,79.364,4.100,-7.764
42.5111,0.0163,0.0240,0.000,79.388,4.100,-7.767
42.5248,0.0137,0.0200,0.000,79.408,4.100,-7.769
42.5356,0.0107,0.0154,0.000,79.423,4.100,-7.771
42.5468,0.0112,0.0161,0.000,79.439,4.100,-7.772
42.5565,0.0098,0.0140,0.000,79.453,4.100,-7.774
42.5686,0.0121,0.0174,0.000,79.470,4.100,-7.775
42.5781,0.0094,0.0134,0.000,79.484,4.100,-7.777
42.5894,0.0113,0.0162,0.000,79.500,4.100,-7.778
42.5981,0.0087,0.0123,0.000,79.512,4.100,-7.779
42.6087,0.0107,0.0152,0.000,79.527,4.100,-7.780
42.6174,0.0087,0.0123,0.000,79.539,4.100,-7.781
42.6266,0.0092,0.0130,0.000,79.552,4.100,-7.782
42.6354,0.0088,0.0125,0.000,79.565,4.100,-7.783
42.6472,0.0118,0.0169,0.000,79.582,4.100,-7.784
42.6547,0.0075,0.0106,0.000,79.592,4.100,-7.785
42.6641,0.0094,0.0133,0.000,79.606,4.100,-7.786
42.6750,0.0110,0.0157,0.000,79.621,4.100,-7.787
42.6862,0.0112,0.0160,0.000,79.637,4.100,-7.788
42.6946,0.0084,0.0119,0.000,79.649,4.100,-7.789
42.7044,0.0098,0.0139,0.000,79.663,4.100,-7.789
42.7119,0.0075,0.0106,0.000,79.673,4.100,-7.790
42.7214,0.0096,0.0136,0.000,79.687,4.100,-7.791
42.7300,0.0086,0.0122,0.000,79.699,4.100,-7.792
42.7399,0.0099,0.0141,0.000,79.713,4.100,-7.792
42.7479,0.0079,0.0113,0.000,79.725,4.100,-7.793
42.7557,0.0079,0.0112,0.000,79.736,4.100,-7.794
42.7668,0.0110,0.0159,0.000,79.752,4.100,-7.794
42.7754,0.0086,0.0123,0.000,79.764,4.100,-7.795
42.7852,0.0098,0.0141,0.000,79.778,4.100,-7.796
42.7936,0.0084,0.0119,0.000,79.790,4.100,-7.796
42.8019,0.0083,0.0118,0.000,79.802,4.100,-7.797
42.8115,0.0096,0.0137,0.000,79.815,4.100,-7.798
42.8213,0.0099,0.0141,0.000,79.829,4.100,-7.798
42.8281,0.0067,0.0095,0.000,79.839,4.100,-7.799
42.8369,0.0088,0.0125,0.000,79.852,4.100,-7.799
42.8470,0.0101,0.0145,0.000,79.866,4.100,-7.800
42.8547,0.0077,0.0109,0.000,79.877,4.100,-7.800
42.8651,0.0104,0.0149,0.000,79.892,4.100,-7.801
42.8744,0.0093,0.0132,0.000,79.905,4.100,-7.801
42.8835,0.0091,0.0130,0.000,79.918,4.100,-7.802
42.8917,0.0083,0.0117,0.000,79.930,4.100,-7.802
42.9016,0.0098,0.0140,0.000,79.944,4.100,-7.803
42.9090,0.0074,0.0105,0.000,79.954,4.100,-7.803
42.9178,0.0088,0.0125,0.000,79.967,4.100,-7.803
42.9290,0.0113,0.0161,0.000,79.983,4.100,-7.804
42.9383,0.0093,0.0132,0.000,79.996,4.100,-7.804
42.9514,0.0131,0.0188,0.000,80.015,4.100,-7.805
42.9626,0.0112,0.0160,0.000,80.031,4.100,-7.805
42.9707,0.0081,0.0114,0.000,80.042,4.100,-7.805
42.9819,0.0111,0.0159,0.000,80.058,4.100,-7.806
42.9906,0.0088,0.0124,0.000,80.071,4.100,-7.806
43.0013,0.0107,0.0152,0.000,80.086,4.100,-7.807
43.0099,0.0086,0.0122,0.000,80.098,4.100,-7.807
43.0198,0.0099,0.0143,0.000,80.112,4.100,-7.805
43.0273,0.0075,0.0106,0.000,80.123,4.100,-7.804
43.0352,0.0079,0.0113,0.000,80.134,4.100,-7.803
43.0443,0.0090,0.0129,0.000,80.147,4.100,-7.802
43.0517,0.0075,0.0106,0.000,80.157,4.100,-7.801
43.0616,0.0099,0.0142,0.000,80.172,4.100,-7.800
43.0696,0.0080,0.0114,0.000,80.183,4.100,-7.799
43.0770,0.0073,0.0104,0.000,80.193,4.100,-7.799
43.0874,0.0104,0.0150,0.000,80.208,4.100,-7.798
43.0949,0.0075,0.0107,0.000,80.219,4.100,-7.797
43.1042,0.0093,0.0133,0.000,80.232,4.100,-7.796
43.1114,0.0072,0.0103,0.000,80.243,4.100,-7.796
43.1215,0.0100,0.0145,0.000,80.257,4.100,-7.795
43.1295,0.0081,0.0115,0.000,80.269,4.100,-7.795
43.1373,0.0078,0.0111,0.000,80.280,4.100,-7.794
43.1477,0.0103,0.0149,0.000,80.295,4.100,-7.794
43.1557,0.0080,0.0114,0.000,80.306,4.100,-7.793
43.1654,0.0097,0.0140,0.000,80.320,4.100,-7.793
43.1730,0.0077,0.0109,0.000,80.331,4.100,-7.792
43.1819,0.0089,0.0128,0.000,80.344,4.100,-7.792
43.1906,0.0087,0.0125,0.000,80.356,4.100,-7.792
43.2002,0.0096,0.0138,0.000,80.370,4.100,-7.792
43.2085,0.0083,0.0119,0.000,80.382,4.100,-7.791
43.2172,0.0088,0.0126,0.000,80.395,4.100,-7.791
43.2272,0.0100,0.0145,0.000,80.409,4.100,-7.791
43.2349,0.0077,0.0110,0.000,80.420,4.100,-7.791
43.2453,0.0103,0.0150,0.000,80.435,4.100,-7.791
43.2538,0.0085,0.0123,0.000,80.447,4.100,-7.790
43.2626,0.0088,0.0127,0.000,80.460,4.100,-7.790
43.2714,0.0088,0.0127,0.000,80.473,4.100,-7.790
43.2811,0.0097,0.0140,0.000,80.487,4.100,-7.790
43.2890,0.0079,0.0114,0.000,80.498,4.100,-7.790
43.2969,0.0079,0.0113,0.000,80.509,4.100,-7.790
43.3065,0.0096,0.0139,0.000,80.523,4.100,-7.790
43.3141,0.0075,0.0108,0.000,80.534,4.100,-7.790
43.3248,0.0108,0.0157,0.000,80.550,4.100,-7.790
43.3335,0.0087,0.0125,0.000,80.562,4.100,-7.790
43.3420,0.0085,0.0122,0.000,80.575,4.100,-7.790
43.3519,0.0099,0.0145,0.000,80.589,4.100,-7.790
43.3626,0.0107,12.1112,93.110,86.050,1.460,2.693
43.3695,0.0068,0.0099,0.000,86.059,1.460,2.696
43.3773,0.0078,0.0115,0.000,86.070,1.460,2.699
43.3868,0.0096,0.0142,0.000,86.084,1.460,2.703
43.3942,0.0073,0.0106,0.000,86.094,1.460,2.706
43.4039,0.0097,0.0143,0.000,86.108,1.460,2.710
43.4127,0.0088,0.0129,0.000,86.120,1.461,2.713
43.4236,0.0110,0.0162,0.000,86.136,1.461,2.717
43.4319,0.0083,0.0121,0.000,86.147,1.461,2.720
43.4410,0.0091,0.0132,0.000,86.160,1.461,2.723
43.4486,0.0076,0.0110,0.000,86.171,1.461,2.726
43.4570,0.0084,0.0123,0.000,86.183,1.461,2.729
43.4664,0.0094,0.0137,0.000,86.196,1.461,2.732
43.4819,0.0155,0.0236,0.000,86.219,1.462,2.738
43.4991,0.0173,0.0263,0.000,86.245,1.462,2.744
43.5227,0.0235,0.0368,0.000,86.280,1.463,2.753
43.5372,0.0145,0.0212,0.000,86.301,1.463,2.758
43.5497,0.0125,0.0181,0.000,86.319,1.464,2.763
43.5586,0.0089,0.0125,0.000,86.331,1.464,2.766
43.5708,0.0122,0.0178,0.000,86.348,1.465,2.770
43.5840,0.0131,0.0193,0.000,86.367,1.465,2.775
43.5922,0.0082,0.0117,0.000,86.378,1.465,2.778
43.6044,0.0122,0.0180,0.000,86.395,1.466,2.782
43.6148,0.0104,0.0150,0.000,86.410,1.466,2.786
43.6261,0.0113,0.0166,0.000,86.426,1.466,2.790
43.6351,0.0090,0.0130,0.000,86.439,1.466,2.793
43.6469,0.0118,0.0175,0.000,86.456,1.467,2.797
43.6549,0.0079,0.0115,0.000,86.467,1.467,2.800
43.6656,0.0108,0.0159,0.000,86.482,1.467,2.804
43.6753,0.0097,0.0143,0.000,86.496,1.467,2.808
43.6867,0.0113,0.0169,0.000,86.512,1.467,2.812
43.6954,0.0087,0.0128,0.000,86.525,1.467,2.816
43.7071,0.0117,0.0175,0.000,86.542,1.467,2.820
43.7158,0.0087,0.0127,0.000,86.554,1.467,2.824
43.7281,0.0122,0.0183,0.000,86.571,1.467,2.828
43.7378,0.0098,0.0143,0.000,86.585,1.467,2.832
43.7492,0.0114,0.0169,0.000,86.602,1.467,2.837
43.7576,0.0084,0.0122,0.000,86.613,1.467,2.840
43.7690,0.0113,0.0168,0.000,86.630,1.467,2.844
43.7774,0.0084,0.0122,0.000,86.641,1.467,2.848
43.7889,0.0115,0.0171,0.000,86.658,1.467,2.852
43.7986,0.0097,0.0143,0.000,86.671,1.467,2.856
43.8092,0.0106,0.0157,0.000,86.686,1.466,2.861
43.8179,0.0087,0.0126,0.000,86.699,1.466,2.864
43.8300,0.0121,0.0182,0.000,86.716,1.466,2.869
43.8426,0.0126,0.0189,0.000,86.734,1.466,2.875
43.8519,0.0093,0.0137,0.000,86.747,1.466,2.878
43.8635,0.0116,0.0174,0.000,86.764,1.466,2.883
43.8718,0.0083,0.0121,0.000,86.776,1.466,2.887
43.8829,0.0111,0.0166,0.000,86.792,1.465,2.892
43.8920,0.0091,0.0134,0.000,86.804,1.465,2.895
43.9028,0.0108,0.0161,0.000,86.820,1.465,2.900
43.9102,0.0074,0.0108,0.000,86.830,1.465,2.903
43.9221,0.0119,0.0181,0.000,86.847,1.465,2.909
43.9304,0.0083,0.0122,0.000,86.859,1.464,2.912
43.9412,0.0108,0.0163,0.000,86.875,1.464,2.917
43.9500,0.0088,0.0131,0.000,86.887,1.464,2.921
43.9608,0.0108,0.0163,0.000,86.903,1.463,2.926
43.9691,0.0083,0.0123,0.000,86.914,1.463,2.930
43.9771,0.0081,0.0119,0.000,86.926,1.463,2.933
43.9877,0.0105,0.0159,0.000,86.941,1.463,2.938
43.9968,0.0091,0.0135,0.000,86.954,1.462,2.942
44.0083,0.0115,0.0175,0.000,86.970,1.462,2.948
44.0167,0.0085,0.0125,0.000,86.982,1.462,2.951
44.0283,0.0116,0.0175,0.000,86.999,1.462,2.957
44.0380,0.0097,0.0145,0.000,87.013,1.461,2.961
44.0484,0.0104,0.0156,0.000,87.027,1.461,2.966
44.0565,0.0080,0.0118,0.000,87.039,1.461,2.970
44.0681,0.0117,0.0177,0.000,87.055,1.461,2.976
44.0760,0.0079,0.0117,0.000,87.066,1.460,2.979
44.0866,0.0106,0.0161,0.000,87.082,1.460,2.984
44.0956,0.0089,0.0134,0.000,87.094,1.460,2.989
44.1054,0.0098,0.0148,0.000,87.108,1.459,2.993
44.1132,0.0078,0.0116,0.000,87.119,1.459,2.997
44.1230,0.0098,0.0148,0.000,87.133,1.459,3.002
44.1313,0.0084,0.0125,0.000,87.145,1.458,3.006
44.1416,0.0102,0.0155,0.000,87.160,1.458,3.011
44.1503,0.0087,0.0131,0.000,87.172,1.457,3.015
44.1600,0.0097,0.0147,0.000,87.186,1.457,3.020
44.1675,0.0075,0.0112,0.000,87.197,1.457,3.023
44.1754,0.0079,0.0119,0.000,87.208,1.456,3.027
44.1850,0.0096,0.0145,0.000,87.222,1.456,3.032
44.1937,0.0087,0.0131,0.000,87.234,1.456,3.036
44.2056,0.0119,0.0184,0.000,87.252,1.455,3.042
44.2141,0.0085,0.0127,0.000,87.264,1.455,3.046
44.2233,0.0093,0.0139,0.000,87.277,1.454,3.050
44.2329,0.0095,0.0144,0.000,87.291,1.454,3.055
44.2429,0.0100,0.0151,0.000,87.305,1.454,3.060
44.2502,0.0074,0.0109,0.000,87.315,1.453,3.063
44.2604,0.0102,0.0154,0.000,87.330,1.453,3.068
44.2679,0.0075,0.0112,0.000,87.341,1.453,3.072
44.2753,0.0074,0.0110,0.000,87.351,1.453,3.075
44.2851,0.0098,0.0149,0.000,87.365,1.453,3.080
44.2930,0.0079,0.0118,0.000,87.376,1.452,3.084
44.3040,0.0110,0.0168,0.000,87.392,1.452,3.090
44.3126,0.0086,0.0128,0.000,87.404,1.452,3.094
44.3228,0.0102,0.0155,0.000,87.419,1.452,3.099
44.3311,0.0083,0.0124,0.000,87.431,1.452,3.103
44.3434,0.0122,0.0188,0.000,87.448,1.452,3.109
44.3526,0.0093,0.0139,0.000,87.462,1.452,3.113
44.3641,0.0115,0.0175,0.000,87.478,1.451,3.119
44.3742,0.0101,0.0153,0.000,87.493,1.451,3.124
44.3850,0.0107,0.0163,0.000,87.508,1.451,3.129
44.3948,0.0099,0.0150,0.000,87.522,1.451,3.134
44.4187,0.0239,0.0392,0.000,87.559,1.450,3.147
44.4390,0.0203,0.0318,0.000,87.589,1.450,3.158
44.4549,0.0159,0.0242,0.000,87.612,1.450,3.165
44.4696,0.0148,0.0222,0.000,87.633,1.450,3.173
44.4781,0.0085,0.0122,0.000,87.645,1.449,3.177
44.4886,0.0105,0.0154,0.000,87.659,1.449,3.182
44.4976,0.0090,0.0132,0.000,87.672,1.449,3.186
44.5082,0.0105,0.0157,0.000,87.686,1.449,3.192
44.5168,0.0086,0.0127,0.000,87.698,1.449,3.196
44.5274,0.0106,0.0160,0.000,87.713,1.449,3.201
44.5360,0.0086,0.0128,0.000,87.725,1.449,3.206
44.5468,0.0107,0.0163,0.000,87.741,1.450,3.211
44.5566,0.0098,0.0148,0.000,87.755,1.450,3.216
44.5660,0.0094,0.0142,0.000,87.768,1.450,3.221
44.5741,0.0082,0.0123,0.000,87.779,1.450,3.225
44.5856,0.0115,0.0177,0.000,87.796,1.450,3.231
44.5951,0.0095,0.0144,0.000,87.810,1.450,3.236
44.6064,0.0113,0.0174,0.000,87.826,1.450,3.242
44.6177,0.0113,0.0175,0.000,87.842,1.451,3.248
44.6299,0.0122,0.0190,0.000,87.860,1.451,3.254
44.6413,0.0114,0.0176,0.000,87.877,1.451,3.260
44.6527,0.0115,0.0178,0.000,87.894,1.451,3.267
44.6642,0.0115,0.0178,0.000,87.910,1.451,3.273
44.6763,0.0121,0.0188,0.000,87.928,1.451,3.279
44.6939,0.0176,0.0281,0.000,87.954,1.450,3.289
44.7088,0.0149,0.0232,0.000,87.976,1.450,3.297
44.7208,0.0120,0.0183,0.000,87.993,1.450,3.303
44.7330,0.0121,0.0185,0.000,88.011,1.450,3.309
44.7428,0.0099,0.0149,0.000,88.025,1.450,3.314
44.7517,0.0089,0.0133,0.000,88.037,1.450,3.319
44.7625,0.0107,0.0163,0.000,88.052,1.450,3.325
44.7707,0.0083,0.0124,0.000,88.064,1.450,3.329
44.7818,0.0110,0.0169,0.000,88.080,1.450,3.335
44.7919,0.0101,0.0154,0.000,88.094,1.450,3.340
44.8023,0.0104,0.0158,0.000,88.109,1.450,3.346
44.8113,0.0090,0.0137,0.000,88.122,1.451,3.350
44.8230,0.0117,0.0180,0.000,88.139,1.451,3.356
44.8320,0.0090,0.0136,0.000,88.152,1.451,3.361
44.8429,0.0109,0.0167,0.000,88.167,1.451,3.367
44.8508,0.0079,0.0120,0.000,88.179,1.452,3.371
44.8632,0.0124,0.0192,0.000,88.197,1.452,3.378
44.8723,0.0091,0.0138,0.000,88.210,1.452,3.382
44.8838,0.0115,0.0178,0.000,88.226,1.453,3.389
44.8921,0.0083,0.0125,0.000,88.238,1.453,3.393
44.9019,0.0098,0.0150,0.000,88.252,1.453,3.398
44.9112,0.0093,0.0142,0.000,88.265,1.453,3.403
44.9223,0.0111,0.0172,0.000,88.281,1.454,3.409
44.9303,0.0080,0.0121,0.000,88.293,1.454,3.413
44.9410,0.0107,0.0166,0.000,88.308,1.454,3.419
44.9488,0.0077,0.0117,0.000,88.319,1.454,3.423
44.9563,0.0075,0.0114,0.000,88.330,1.454,3.427
44.9670,0.0107,0.0164,0.000,88.345,1.454,3.433
44.9753,0.0084,0.0127,0.000,88.357,1.455,3.437
44.9852,0.0099,0.0152,0.000,88.372,1.455,3.442
44.9957,0.0105,0.0161,0.000,88.387,1.455,3.448
45.0065,0.0108,0.0167,0.000,88.402,1.455,3.454
45.0138,0.0073,0.0110,0.000,88.413,1.455,3.458
45.0243,0.0105,0.0161,0.000,88.428,1.455,3.463
45.0331,0.0088,0.0133,0.000,88.440,1.455,3.468
45.0447,0.0116,0.0177,0.000,88.457,1.455,3.474
45.0541,0.0094,0.0142,0.000,88.470,1.455,3.479
45.0637,0.0096,0.0145,0.000,88.483,1.455,3.485
45.0723,0.0086,0.0130,0.000,88.496,1.456,3.489
45.0834,0.0111,0.0169,0.000,88.511,1.456,3.495
45.0920,0.0086,0.0129,0.000,88.523,1.456,3.500
45.1024,0.0104,0.0159,0.000,88.538,1.456,3.506
45.1109,0.0084,0.0126,0.000,88.550,1.456,3.510
45.1209,0.0100,0.0152,0.000,88.564,1.456,3.516
45.1298,0.0089,0.0134,0.000,88.577,1.457,3.520
45.1375,0.0078,0.0116,0.000,88.588,1.457,3.525
45.1475,0.0099,0.0151,0.000,88.602,1.457,3.530
45.1559,0.0084,0.0126,0.000,88.614,1.457,3.535
45.1674,0.0116,0.0178,0.000,88.630,1.457,3.541
45.1755,0.0080,0.0121,0.000,88.641,1.457,3.545
45.1865,0.0110,0.0169,0.000,88.657,1.457,3.552
45.1959,0.0094,0.0142,0.000,88.670,1.457,3.557
45.2058,0.0099,0.0152,0.000,88.685,1.457,3.562
45.2141,0.0082,0.0124,0.000,88.696,1.457,3.567
45.2237,0.0096,0.0146,0.000,88.710,1.457,3.572
45.2323,0.0086,0.0129,0.000,88.722,1.457,3.577
45.2415,0.0092,0.0140,0.000,88.735,1.457,3.582
45.2504,0.0088,0.0134,0.000,88.747,1.457,3.587
45.2602,0.0099,0.0150,0.000,88.761,1.457,3.592
45.2689,0.0087,0.0131,0.000,88.773,1.457,3.597
45.2778,0.0090,0.0135,0.000,88.786,1.457,3.602
45.2880,0.0101,0.0154,0.000,88.800,1.457,3.607
45.2959,0.0080,0.0119,0.000,88.812,1.457,3.612
45.3079,0.0120,0.0185,0.000,88.829,1.457,3.618
45.3157,0.0077,0.0115,0.000,88.840,1.456,3.623
45.3255,0.0098,0.0149,0.000,88.853,1.456,3.628
45.3341,0.0087,0.0131,0.000,88.866,1.456,3.633
45.3436,0.0094,0.0143,0.000,88.879,1.456,3.638
45.3514,0.0078,0.0118,0.000,88.890,1.456,3.642
45.3618,0.0104,0.0160,0.000,88.905,1.456,3.648
45.3703,0.0084,0.0128,0.000,88.917,1.456,3.653
45.3807,0.0104,0.0160,0.000,88.932,1.455,3.658
45.3896,0.0090,0.0137,0.000,88.944,1.455,3.663
45.3971,0.0075,0.0113,0.000,88.955,1.455,3.667
45.4077,0.0106,0.0163,0.000,88.970,1.455,3.673
45.4172,0.0095,0.0146,0.000,88.984,1.455,3.679
45.4280,0.0107,0.0166,0.000,88.999,1.454,3.685
45.4364,0.0084,0.0128,0.000,89.011,1.454,3.689
45.4468,0.0104,0.0161,0.000,89.026,1.454,3.695
45.4575,0.0107,0.0166,0.000,89.041,1.454,3.701
45.4684,0.0109,0.0169,0.000,89.057,1.453,3.708
45.4785,0.0100,0.0154,0.000,89.072,1.453,3.713
45.4886,0.0101,0.0156,0.000,89.086,1.453,3.719
45.4972,0.0086,0.0131,0.000,89.098,1.453,3.724
45.5094,0.0122,0.0189,0.000,89.116,1.453,3.731
45.5180,0.0086,0.0131,0.000,89.128,1.453,3.736
45.5284,0.0104,0.0159,0.000,89.143,1.452,3.741
45.5379,0.0095,0.0146,0.000,89.156,1.452,3.747
45.5479,0.0100,0.0154,0.000,89.171,1.452,3.752
45.5572,0.0092,0.0141,0.000,89.184,1.452,3.758
45.5681,0.0109,0.0169,0.000,89.200,1.452,3.764
45.5773,0.0092,0.0142,0.000,89.213,1.453,3.769
45.5894,0.0120,0.0188,0.000,89.230,1.453,3.776
45.5981,0.0088,0.0134,0.000,89.243,1.453,3.781
45.6090,0.0109,0.0168,0.000,89.258,1.453,3.787
45.6176,0.0086,0.0131,0.000,89.271,1.453,3.791
45.6288,0.0112,0.0175,0.000,89.287,1.453,3.798
45.6378,0.0090,0.0138,0.000,89.300,1.453,3.803
45.6496,0.0117,0.0183,0.000,89.317,1.453,3.809
45.6584,0.0088,0.0135,0.000,89.330,1.453,3.814
45.6701,0.0117,0.0184,0.000,89.347,1.453,3.821
45.6822,0.0121,0.0191,0.000,89.365,1.453,3.827
45.6915,0.0092,0.0142,0.000,89.378,1.453,3.832
45.7017,0.0103,0.0160,0.000,89.393,1.453,3.838
45.7091,0.0073,0.0112,0.000,89.403,1.453,3.842
45.7172,0.0081,0.0124,0.000,89.415,1.453,3.846
45.7269,0.0098,0.0152,0.000,89.429,1.453,3.852
45.7349,0.0079,0.0123,0.000,89.441,1.453,3.856
45.7457,0.0109,0.0172,0.000,89.457,1.453,3.862
45.7532,0.0075,0.0115,0.000,89.468,1.454,3.866
45.7622,0.0090,0.0140,0.000,89.481,1.454,3.871
45.7708,0.0086,0.0134,0.000,89.493,1.454,3.875
45.7809,0.0101,0.0159,0.000,89.508,1.454,3.881
45.7886,0.0077,0.0120,0.000,89.520,1.455,3.885
45.7967,0.0081,0.0126,0.000,89.532,1.455,3.889
45.8065,0.0098,0.0155,0.000,89.546,1.455,3.894
45.8142,0.0077,0.0120,0.000,89.557,1.456,3.898
45.8237,0.0095,0.0149,0.000,89.571,1.456,3.903
45.8310,0.0073,0.0113,0.000,89.582,1.456,3.907
45.8412,0.0102,0.0162,0.000,89.597,1.457,3.913
45.8498,0.0087,0.0137,0.000,89.610,1.457,3.917
45.8590,0.0092,0.0146,0.000,89.624,1.457,3.922
45.8660,0.0070,0.0109,0.000,89.634,1.458,3.926
45.8755,0.0095,0.0150,0.000,89.648,1.458,3.931
45.8869,0.0114,0.0184,0.000,89.666,1.458,3.937
45.8958,0.0089,0.0140,0.000,89.679,1.458,3.941
45.9060,0.0102,0.0163,0.000,89.694,1.459,3.947
45.9139,0.0079,0.0124,0.000,89.706,1.459,3.951
45.9228,0.0089,0.0140,0.000,89.719,1.459,3.955
45.9313,0.0086,0.0135,0.000,89.732,1.459,3.960
45.9412,0.0099,0.0157,0.000,89.747,1.459,3.965
45.9491,0.0079,0.0124,0.000,89.758,1.459,3.969
45.9568,0.0077,0.0120,0.000,89.770,1.459,3.973
45.9668,0.0099,0.0158,0.000,89.785,1.460,3.978
45.9748,0.0080,0.0126,0.000,89.796,1.460,3.982
45.9853,0.0105,0.0167,0.000,89.812,1.460,3.988
45.9938,0.0085,0.0133,0.000,89.825,1.460,3.992
46.0031,0.0092,0.0145,0.000,89.839,1.460,3.997
46.0123,0.0093,0.0145,0.000,89.852,1.461,4.001
46.0225,0.0102,0.0160,0.000,89.867,1.461,4.007
46.0304,0.0079,0.0123,0.000,89.879,1.461,4.011
46.0413,0.0109,0.0172,0.000,89.895,1.462,4.016
46.0500,0.0086,0.0135,0.000,89.908,1.462,4.020
46.0595,0.0095,0.0149,0.000,89.922,1.462,4.025
46.0693,0.0098,0.0154,0.000,89.937,1.463,4.030
46.0812,0.0119,0.0189,0.000,89.955,1.463,4.036
46.1130,0.0318,0.0556,0.000,90.007,1.464,4.054
46.1299,0.0169,0.0263,0.000,90.032,1.464,4.062
46.1422,0.0122,0.0185,0.000,90.050,1.465,4.068
46.1506,0.0084,0.0124,0.000,90.062,1.465,4.072
46.1611,0.0105,0.0158,0.000,90.077,1.465,4.077
46.1699,0.0088,0.0132,0.000,90.089,1.465,4.081
46.1811,0.0112,0.0171,0.000,90.106,1.465,4.086
46.1901,0.0090,0.0136,0.000,90.119,1.465,4.090
46.2007,0.0106,0.0163,0.000,90.134,1.465,4.095
46.2091,0.0083,0.0126,0.000,90.146,1.465,4.099
46.2171,0.0081,0.0122,0.000,90.158,1.466,4.103
46.2269,0.0098,0.0149,0.000,90.172,1.466,4.107
46.2362,0.0093,0.0141,0.000,90.185,1.466,4.112
46.2484,0.0122,0.0190,0.000,90.203,1.466,4.117
46.2566,0.0083,0.0125,0.000,90.215,1.466,4.121
46.2662,0.0096,0.0147,0.000,90.229,1.466,4.126
46.2749,0.0087,0.0132,0.000,90.242,1.466,4.130
46.2844,0.0095,0.0144,0.000,90.256,1.466,4.134
46.2915,0.0072,0.0108,0.000,90.266,1.466,4.138
46.3017,0.0101,0.0156,0.000,90.281,1.466,4.142
46.3104,0.0087,0.0133,0.000,90.293,1.467,4.146
46.3202,0.0098,0.0151,0.000,90.308,1.467,4.151
46.3288,0.0086,0.0131,0.000,90.320,1.467,4.155
46.3365,0.0076,0.0116,0.000,90.331,1.467,4.158
46.3465,0.0101,0.0155,0.000,90.346,1.467,4.163
46.3555,0.0089,0.0136,0.000,90.359,1.467,4.167
46.3655,0.0101,0.0156,0.000,90.374,1.467,4.172
46.3735,0.0080,0.0121,0.000,90.385,1.467,4.176
46.3846,0.0111,0.0172,0.000,90.402,1.468,4.181
46.3917,0.0071,0.0107,0.000,90.412,1.468,4.184
46.4014,0.0097,0.0149,0.000,90.426,1.468,4.189
46.4099,0.0085,0.0129,0.000,90.438,1.468,4.193
46.4200,0.0101,0.0156,0.000,90.453,1.468,4.197
46.4282,0.0082,0.0125,0.000,90.465,1.467,4.201
46.4367,0.0085,0.0128,0.000,90.477,1.467,4.205
46.4470,0.0102,0.0157,0.000,90.492,1.467,4.210
46.4569,0.0099,0.0152,0.000,90.507,1.467,4.214
46.4690,0.0121,0.0187,0.000,90.525,1.467,4.220
46.4785,0.0095,0.0143,0.000,90.538,1.467,4.224
46.4891,0.0106,0.0160,0.000,90.554,1.467,4.229
46.4977,0.0086,0.0128,0.000,90.566,1.467,4.233
46.5076,0.0100,0.0151,0.000,90.580,1.467,4.238
46.5162,0.0085,0.0127,0.000,90.592,1.466,4.242
46.5268,0.0106,0.0161,0.000,90.608,1.466,4.246
46.5354,0.0086,0.0129,0.000,90.620,1.466,4.250
46.5455,0.0101,0.0153,0.000,90.634,1.466,4.255
46.5548,0.0093,0.0139,0.000,90.648,1.466,4.259
46.5637,0.0090,0.0134,0.000,90.660,1.466,4.263
46.5717,0.0080,0.0118,0.000,90.672,1.466,4.267
46.5823,0.0106,0.0161,0.000,90.687,1.466,4.272
46.5908,0.0085,0.0127,0.000,90.699,1.466,4.276
46.6009,0.0102,0.0154,0.000,90.714,1.466,4.280
46.6087,0.0078,0.0116,0.000,90.725,1.465,4.284
46.6168,0.0081,0.0121,0.000,90.736,1.465,4.287
46.6264,0.0097,0.0146,0.000,90.750,1.465,4.292
46.6346,0.0081,0.0122,0.000,90.762,1.465,4.295
46.6434,0.0088,0.0133,0.000,90.775,1.465,4.299
46.6521,0.0086,0.0130,0.000,90.787,1.465,4.303
46.6624,0.0104,0.0158,0.000,90.802,1.464,4.308
46.6708,0.0083,0.0125,0.000,90.814,1.464,4.312
46.6811,0.0104,0.0158,0.000,90.829,1.464,4.316
46.6917,0.0105,0.0160,0.000,90.844,1.464,4.321
46.7037,0.0120,0.0184,0.000,90.862,1.463,4.327
46.7139,0.0102,0.0155,0.000,90.877,1.463,4.331
46.7293,0.0154,0.0240,0.000,90.900,1.462,4.338
46.7397,0.0104,0.0155,0.000,90.914,1.462,4.343
46.7514,0.0117,0.0176,0.000,90.931,1.462,4.348
46.7651,0.0137,0.0210,0.000,90.951,1.461,4.354
46.7757,0.0106,0.0158,0.000,90.966,1.461,4.359
46.7877,0.0120,0.0181,0.000,90.984,1.461,4.364
46.7998,0.0121,0.0182,0.000,91.001,1.461,4.370
46.8101,0.0103,0.0153,0.000,91.016,1.460,4.374
46.8217,0.0116,0.0175,0.000,91.032,1.460,4.379
46.8307,0.0090,0.0134,0.000,91.045,1.460,4.383
46.8409,0.0102,0.0152,0.000,91.060,1.460,4.388
46.8492,0.0083,0.0122,0.000,91.071,1.460,4.391
46.8572,0.0080,0.0119,0.000,91.083,1.460,4.395
46.8671,0.0099,0.0149,0.000,91.097,1.459,4.399
46.8747,0.0076,0.0113,0.000,91.108,1.459,4.402
46.8833,0.0086,0.0129,0.000,91.120,1.459,4.406
46.8913,0.0079,0.0118,0.000,91.131,1.459,4.409
46.9032,0.0120,0.0183,0.000,91.149,1.459,4.415
46.9119,0.0087,0.0131,0.000,91.161,1.458,4.419
46.9223,0.0104,0.0158,0.000,91.176,1.458,4.423
46.9322,0.0099,0.0150,0.000,91.191,1.458,4.428
46.9426,0.0104,0.0158,0.000,91.206,1.457,4.433
46.9503,0.0077,0.0115,0.000,91.217,1.457,4.436
46.9622,0.0119,0.0182,0.000,91.234,1.457,4.441
46.9718,0.0096,0.0144,0.000,91.248,1.456,4.446
46.9816,0.0098,0.0148,0.000,91.262,1.456,4.450
46.9898,0.0082,0.0122,0.000,91.274,1.456,4.454
46.9977,0.0079,0.0117,0.000,91.285,1.456,4.457
47.0082,0.0105,0.0159,0.000,91.300,1.455,4.462
47.0167,0.0085,0.0126,0.000,91.312,1.455,4.466
47.0274,0.0107,0.0162,0.000,91.327,1.455,4.471
47.0355,0.0082,0.0121,0.000,91.339,1.455,4.474
47.0448,0.0093,0.0138,0.000,91.352,1.455,4.479
47.0524,0.0076,0.0112,0.000,91.363,1.455,4.482
47.0622,0.0098,0.0147,0.000,91.377,1.454,4.486
47.0709,0.0087,0.0130,0.000,91.389,1.454,4.490
47.0817,0.0108,0.0164,0.000,91.405,1.454,4.495
47.0909,0.0092,0.0137,0.000,91.418,1.455,4.499
47.1030,0.0121,0.0184,0.000,91.435,1.455,4.505
47.1125,0.0095,0.0142,0.000,91.449,1.455,4.509
47.1239,0.0114,0.0171,0.000,91.465,1.455,4.515
47.1334,0.0095,0.0141,0.000,91.479,1.455,4.519
47.1443,0.0109,0.0162,0.000,91.494,1.455,4.524
47.1524,0.0081,0.0119,0.000,91.505,1.456,4.527
47.1629,0.0105,0.0157,0.000,91.520,1.456,4.532
47.1725,0.0096,0.0142,0.000,91.534,1.456,4.536
47.1831,0.0106,0.0158,0.000,91.549,1.456,4.541
47.1916,0.0085,0.0125,0.000,91.561,1.456,4.545
47.2038,0.0122,0.0184,0.000,91.578,1.457,4.550
47.2124,0.0085,0.0125,0.000,91.590,1.457,4.554
47.2227,0.0103,0.0153,0.000,91.605,1.457,4.559
47.2320,0.0093,0.0137,0.000,91.618,1.457,4.563
47.2424,0.0105,0.0155,0.000,91.633,1.457,4.567
47.2524,0.0099,0.0146,0.000,91.647,1.457,4.572
47.2632,0.0109,0.0161,0.000,91.662,1.457,4.576
47.2728,0.0095,0.0140,0.000,91.676,1.457,4.580
47.2831,0.0103,0.0152,0.000,91.690,1.457,4.585
47.2918,0.0087,0.0127,0.000,91.702,1.456,4.588
47.3026,0.0108,0.0160,0.000,91.718,1.456,4.593
47.3111,0.0085,0.0123,0.000,91.730,1.456,4.597
47.3227,0.0116,0.0172,0.000,91.746,1.456,4.601
47.3320,0.0093,0.0136,0.000,91.759,1.456,4.605
47.3439,0.0119,0.0177,0.000,91.776,1.456,4.610
47.3534,0.0094,0.0137,0.000,91.789,1.456,4.614
47.3645,0.0111,0.0163,0.000,91.805,1.456,4.618
47.3732,0.0087,0.0126,0.000,91.817,1.456,4.622
47.3840,0.0108,0.0158,0.000,91.832,1.456,4.626
47.3929,0.0089,0.0128,0.000,91.845,1.457,4.630
47.4032,0.0103,0.0150,0.000,91.859,1.457,4.634
47.4135,0.0103,0.0150,0.000,91.874,1.457,4.638
47.4250,0.0114,0.0168,0.000,91.890,1.457,4.642
47.4338,0.0089,0.0128,0.000,91.902,1.457,4.645
47.4456,0.0117,0.0173,0.000,91.919,1.457,4.650
47.4562,0.0106,0.0155,0.000,91.934,1.457,4.654
47.4668,0.0106,0.0156,0.000,91.949,1.456,4.657
47.4779,0.0111,0.0163,0.000,91.965,1.456,4.662
47.4890,0.0110,0.0161,0.000,91.980,1.456,4.665
47.4976,0.0086,0.0124,0.000,91.992,1.456,4.668
47.5090,0.0114,0.0167,0.000,92.009,1.456,4.672
47.5173,0.0083,0.0118,0.000,92.020,1.455,4.675
47.5280,0.0107,0.0156,0.000,92.035,1.455,4.679
47.5366,0.0086,0.0124,0.000,92.047,1.455,4.682
47.5471,0.0105,0.0153,0.000,92.062,1.455,4.685
47.5562,0.0090,0.0130,0.000,92.075,1.454,4.688
47.5669,0.0107,0.0156,0.000,92.090,1.454,4.692
47.5752,0.0083,0.0119,0.000,92.102,1.454,4.694
47.5856,0.0104,0.0152,0.000,92.116,1.454,4.698
47.5945,0.0089,0.0129,0.000,92.129,1.454,4.700
47.6035,0.0090,0.0130,0.000,92.142,1.453,4.703
47.6120,0.0085,0.0122,0.000,92.154,1.453,4.706
47.6225,0.0105,0.0153,0.000,92.169,1.453,4.709
47.6305,0.0080,0.0114,0.000,92.180,1.453,4.711
47.6404,0.0099,0.0144,0.000,92.194,1.453,4.714
47.6497,0.0093,0.0134,0.000,92.207,1.453,4.716
47.6572,0.0075,0.0108,0.000,92.218,1.453,4.718
47.6668,0.0095,0.0138,0.000,92.231,1.453,4.721
47.6768,0.0100,0.0146,0.000,92.246,1.453,4.724
47.6894,0.0126,0.0185,0.000,92.264,1.453,4.727
47.6977,0.0083,0.0119,0.000,92.276,1.453,4.729
47.7079,0.0102,0.0147,0.000,92.290,1.453,4.732
47.7161,0.0082,0.0118,0.000,92.302,1.453,4.734
47.7256,0.0095,0.0138,0.000,92.315,1.453,4.736
47.7337,0.0082,0.0118,0.000,92.327,1.452,4.738
47.7433,0.0096,0.0139,0.000,92.341,1.452,4.740
47.7522,0.0089,0.0128,0.000,92.353,1.452,4.742
47.7626,0.0104,0.0152,0.000,92.368,1.452,4.744
47.7704,0.0078,0.0113,0.000,92.380,1.452,4.746
47.7802,0.0098,0.0143,0.000,92.394,1.452,4.748
47.7884,0.0082,0.0118,0.000,92.405,1.452,4.749
47.7960,0.0076,0.0109,0.000,92.416,1.452,4.751
47.8067,0.0107,0.0157,0.000,92.432,1.452,4.753
47.8168,0.0101,0.0147,0.000,92.446,1.451,4.755
47.8265,0.0097,0.0141,0.000,92.460,1.451,4.756
47.8345,0.0080,0.0114,0.000,92.472,1.451,4.758
47.8441,0.0097,0.0140,0.000,92.486,1.451,4.759
47.8527,0.0085,0.0123,0.000,92.498,1.451,4.760
47.8625,0.0099,0.0143,0.000,92.512,1.451,4.762
47.8709,0.0083,0.0120,0.000,92.524,1.451,4.763
47.8809,0.0101,0.0147,0.000,92.539,1.451,4.764
47.8892,0.0083,0.0119,0.000,92.551,1.451,4.765
47.8974,0.0082,0.0118,0.000,92.562,1.451,4.766
47.9067,0.0093,0.0135,0.000,92.576,1.451,4.767
47.9156,0.0089,0.0128,0.000,92.589,1.451,4.768
47.9263,0.0107,0.0158,0.000,92.604,1.451,4.769
47.9348,0.0085,0.0123,0.000,92.617,1.452,4.770
47.9450,0.0102,0.0150,0.000,92.632,1.452,4.771
47.9559,0.0109,0.0162,0.000,92.648,1.452,4.771
47.9657,0.0098,0.0144,0.000,92.662,1.452,4.772
47.9739,0.0082,0.0119,0.000,92.674,1.452,4.773
47.9836,0.0097,0.0142,0.000,92.688,1.452,4.773
47.9916,0.0079,0.0116,0.000,92.700,1.452,4.774
48.0018,0.0102,0.0151,0.000,92.715,1.452,4.774
48.0110,0.0093,0.0136,0.000,92.729,1.452,4.774
48.0221,0.0110,0.0165,0.000,92.745,1.452,4.775
48.0314,0.0093,0.0137,0.000,92.759,1.452,4.775
48.0428,0.0114,0.0171,0.000,92.776,1.452,4.775
48.0519,0.0091,0.0134,0.000,92.789,1.452,4.775
48.0621,0.0102,0.0152,0.000,92.804,1.452,4.775
48.0712,0.0091,0.0135,0.000,92.818,1.452,4.775
48.0814,0.0103,0.0153,0.000,92.833,1.452,4.775
48.0902,0.0087,0.0129,0.000,92.846,1.451,4.775
48.1004,0.0103,0.0155,0.000,92.862,1.451,4.774
48.1084,0.0080,0.0119,0.000,92.873,1.451,4.774
48.1158,0.0073,0.0108,0.000,92.884,1.451,4.774
48.1270,0.0112,0.0170,0.000,92.901,1.451,4.773
48.1355,0.0086,0.0128,0.000,92.914,1.451,4.773
48.1464,0.0109,0.0166,0.000,92.931,1.451,4.772
48.1562,0.0098,0.0149,0.000,92.946,1.451,4.771
48.1672,0.0109,0.0167,0.000,92.962,1.451,4.770
48.1755,0.0083,0.0124,0.000,92.975,1.451,4.770
48.1862,0.0108,0.0165,0.000,92.991,1.451,4.769
48.1944,0.0082,0.0124,0.000,93.003,1.451,4.768
48.2041,0.0096,0.0147,0.000,93.018,1.451,4.767
48.2127,0.0086,0.0131,0.000,93.031,1.451,4.766
48.2224,0.0097,0.0148,0.000,93.046,1.450,4.764
48.2303,0.0078,0.0119,0.000,93.058,1.450,4.763
48.2405,0.0102,0.0158,0.000,93.073,1.450,4.762
48.2490,0.0085,0.0130,0.000,93.086,1.450,4.760
48.2578,0.0088,0.0135,0.000,93.100,1.450,4.759
48.2686,0.0108,0.0168,0.000,93.116,1.450,4.757
48.2771,0.0085,0.0130,0.000,93.129,1.450,4.755
48.2867,0.0096,0.0148,0.000,93.144,1.450,4.753
48.2964,0.0097,0.0151,0.000,93.159,1.449,4.751
48.3061,0.0097,0.0151,0.000,93.174,1.449,4.749
48.3140,0.0078,0.0120,0.000,93.186,1.449,4.748
48.3236,0.0096,0.0150,0.000,93.201,1.449,4.745
48.3319,0.0083,0.0129,0.000,93.213,1.449,4.743
48.3415,0.0096,0.0150,0.000,93.228,1.449,4.741
48.3494,0.0079,0.0122,0.000,93.240,1.449,4.739
48.3573,0.0079,0.0123,0.000,93.252,1.450,4.737
48.3676,0.0103,0.0163,0.000,93.268,1.450,4.734
48.3760,0.0084,0.0131,0.000,93.281,1.450,4.732
48.3856,0.0096,0.0151,0.000,93.296,1.450,4.729
48.3945,0.0089,0.0140,0.000,93.310,1.450,4.726
48.4043,0.0098,0.0156,0.000,93.325,1.450,4.723
48.4126,0.0084,0.0132,0.000,93.338,1.451,4.720
48.4227,0.0101,0.0161,0.000,93.353,1.451,4.717
48.4315,0.0088,0.0139,0.000,93.367,1.451,4.714
48.4411,0.0095,0.0153,0.000,93.382,1.451,4.711
48.4484,0.0073,0.0115,0.000,93.393,1.451,4.709
48.4577,0.0094,0.0150,0.000,93.408,1.452,4.705
48.4689,0.0112,0.0183,0.000,93.426,1.452,4.701
48.4766,0.0077,0.0122,0.000,93.438,1.452,4.698
48.4867,0.0101,0.0163,0.000,93.453,1.452,4.695
48.4947,0.0081,0.0129,0.000,93.466,1.452,4.691
48.5036,0.0088,0.0142,0.000,93.480,1.452,4.688
48.5123,0.0087,0.0141,0.000,93.493,1.452,4.685
48.5230,0.0107,0.0175,0.000,93.510,1.452,4.680
48.5322,0.0092,0.0149,0.000,93.525,1.452,4.676
48.5425,0.0103,0.0168,0.000,93.541,1.452,4.672
48.5504,0.0079,0.0127,0.000,93.553,1.452,4.669
48.5613,0.0109,0.0180,0.000,93.571,1.452,4.664
48.5712,0.0100,0.0163,0.000,93.586,1.452,4.660
48.5810,0.0098,0.0160,0.000,93.602,1.452,4.655
48.5887,0.0077,0.0124,0.000,93.614,1.452,4.652
48.5968,0.0081,0.0131,0.000,93.626,1.452,4.648
48.6154,0.0187,0.0325,0.000,93.657,1.453,4.639
48.6336,0.0181,0.0310,0.000,93.687,1.453,4.630
48.6519,0.0183,0.0311,0.000,93.717,1.453,4.621
48.6692,0.0174,0.0291,0.000,93.744,1.454,4.612
48.6837,0.0144,0.0237,0.000,93.767,1.454,4.604
48.7015,0.0178,0.0299,0.000,93.795,1.455,4.595
48.7182,0.0167,0.0278,0.000,93.821,1.455,4.586
48.7337,0.0155,0.0256,0.000,93.846,1.455,4.577
48.7501,0.0163,0.0271,0.000,93.871,1.455,4.568
48.7672,0.0171,0.0285,0.000,93.898,1.456,4.558
48.7809,0.0137,0.0224,0.000,93.919,1.456,4.550
48.7992,0.0183,0.0307,0.000,93.948,1.456,4.539
48.8253,0.0261,0.0501,0.000,93.985,1.457,4.506
48.8422,0.0168,0.0275,0.000,94.010,1.458,4.496
48.8570,0.0148,0.0239,0.000,94.033,1.458,4.487
48.8718,0.0148,0.0241,0.000,94.055,1.459,4.478
48.8859,0.0141,0.0231,0.000,94.076,1.460,4.469
48.8976,0.0117,0.0188,0.000,94.093,1.460,4.462
48.9111,0.0135,0.0222,0.000,94.114,1.461,4.453
48.9239,0.0127,0.0208,0.000,94.133,1.461,4.445
48.9333,0.0095,0.0151,0.000,94.147,1.462,4.439
48.9448,0.0115,0.0187,0.000,94.164,1.462,4.431
48.9549,0.0101,0.0164,0.000,94.179,1.462,4.425
48.9693,0.0144,0.0241,0.000,94.201,1.463,4.415
48.9788,0.0095,0.0153,0.000,94.215,1.463,4.409
48.9930,0.0142,0.0237,0.000,94.237,1.463,4.399
49.0064,0.0134,0.0222,0.000,94.257,1.463,4.390
49.0164,0.0099,0.0161,0.000,94.272,1.463,4.384
49.0289,0.0125,0.0207,0.000,94.291,1.464,4.375
49.0385,0.0096,0.0155,0.000,94.305,1.464,4.369
49.0492,0.0107,0.0174,0.000,94.321,1.464,4.361
49.0580,0.0088,0.0142,0.000,94.334,1.464,4.355
49.0699,0.0120,0.0198,0.000,94.352,1.464,4.347
49.0816,0.0117,0.0193,0.000,94.369,1.464,4.339
49.0904,0.0087,0.0142,0.000,94.382,1.464,4.333
49.1019,0.0116,0.0192,0.000,94.399,1.464,4.325
49.1107,0.0088,0.0144,0.000,94.412,1.464,4.319
49.1226,0.0119,0.0199,0.000,94.430,1.465,4.310
49.1323,0.0097,0.0158,0.000,94.445,1.465,4.304
49.1444,0.0121,0.0202,0.000,94.463,1.465,4.295
49.1529,0.0085,0.0138,0.000,94.475,1.465,4.289
49.1653,0.0124,0.0208,0.000,94.494,1.466,4.280
49.1769,0.0116,0.0194,0.000,94.512,1.466,4.271
49.1889,0.0120,0.0199,0.000,94.530,1.466,4.263
49.1978,0.0089,0.0144,0.000,94.542,1.466,4.256
49.2090,0.0112,0.0185,0.000,94.559,1.466,4.248
49.2173,0.0084,0.0136,0.000,94.571,1.466,4.242
49.2287,0.0113,0.0188,0.000,94.588,1.466,4.234
49.2374,0.0087,0.0142,0.000,94.601,1.466,4.228
49.2485,0.0111,0.0184,0.000,94.618,1.466,4.220
49.2575,0.0090,0.0147,0.000,94.631,1.466,4.213
49.2684,0.0109,0.0180,0.000,94.647,1.466,4.205
49.2769,0.0085,0.0138,0.000,94.659,1.466,4.199
49.2895,0.0126,0.0210,0.000,94.678,1.466,4.190
49.2991,0.0097,0.0158,0.000,94.692,1.466,4.183
49.3106,0.0115,0.0190,0.000,94.709,1.466,4.174
49.3240,0.0134,0.0224,0.000,94.729,1.465,4.164
49.3329,0.0089,0.0145,0.000,94.742,1.465,4.158
49.3443,0.0113,0.0187,0.000,94.759,1.465,4.150
49.3545,0.0103,0.0167,0.000,94.774,1.465,4.142
49.3656,0.0111,0.0182,0.000,94.791,1.465,4.134
49.3764,0.0108,0.0178,0.000,94.807,1.465,4.127
49.3888,0.0123,0.0205,0.000,94.825,1.465,4.118
49.3975,0.0087,0.0141,0.000,94.838,1.465,4.112
49.4087,0.0112,0.0185,0.000,94.854,1.465,4.104
49.4191,0.0104,0.0170,0.000,94.870,1.464,4.096
49.4329,0.0138,0.0230,0.000,94.890,1.464,4.086
49.4444,0.0116,0.0190,0.000,94.908,1.464,4.078
49.4546,0.0102,0.0165,0.000,94.923,1.464,4.071
49.4664,0.0118,0.0193,0.000,94.940,1.463,4.063
49.4749,0.0085,0.0137,0.000,94.952,1.463,4.057
49.4862,0.0113,0.0185,0.000,94.969,1.463,4.049
49.4949,0.0087,0.0139,0.000,94.982,1.463,4.044
49.5053,0.0104,0.0169,0.000,94.997,1.463,4.037
49.5141,0.0088,0.0142,0.000,95.010,1.462,4.031
49.5234,0.0093,0.0150,0.000,95.024,1.462,4.025
49.5316,0.0083,0.0133,0.000,95.036,1.462,4.019
49.5426,0.0110,0.0180,0.000,95.052,1.462,4.012
49.5503,0.0076,0.0121,0.000,95.063,1.462,4.007
49.5601,0.0098,0.0159,0.000,95.078,1.462,4.000
49.5690,0.0089,0.0143,0.000,95.091,1.461,3.995
49.5761,0.0071,0.0113,0.000,95.101,1.461,3.990
49.5857,0.0097,0.0156,0.000,95.116,1.461,3.984
49.5955,0.0098,0.0159,0.000,95.130,1.461,3.978
49.6067,0.0112,0.0183,0.000,95.147,1.461,3.971
49.6148,0.0081,0.0128,0.000,95.159,1.461,3.966
49.6243,0.0095,0.0153,0.000,95.173,1.461,3.960
49.6325,0.0082,0.0130,0.000,95.185,1.461,3.955
49.6418,0.0093,0.0149,0.000,95.199,1.461,3.949
49.6499,0.0081,0.0129,0.000,95.211,1.461,3.944
49.6593,0.0094,0.0151,0.000,95.225,1.461,3.938
49.6672,0.0079,0.0126,0.000,95.236,1.461,3.933
49.6755,0.0083,0.0133,0.000,95.249,1.461,3.928
49.6857,0.0102,0.0166,0.000,95.264,1.461,3.922
49.6947,0.0089,0.0143,0.000,95.277,1.461,3.917
49.7056,0.0109,0.0177,0.000,95.294,1.460,3.910
49.7141,0.0086,0.0137,0.000,95.307,1.460,3.905
49.7241,0.0099,0.0160,0.000,95.321,1.460,3.899
49.7331,0.0090,0.0143,0.000,95.335,1.460,3.894
49.7429,0.0099,0.0159,0.000,95.350,1.460,3.888
49.7497,0.0068,0.0106,0.000,95.360,1.459,3.885
49.7589,0.0091,0.0146,0.000,95.373,1.459,3.879
49.7687,0.0098,0.0157,0.000,95.388,1.459,3.874
49.7763,0.0077,0.0121,0.000,95.399,1.459,3.869
49.7868,0.0105,0.0168,0.000,95.415,1.459,3.863
49.7953,0.0085,0.0136,0.000,95.428,1.458,3.859
49.8067,0.0114,0.0185,0.000,95.445,1.458,3.852
49.8151,0.0084,0.0133,0.000,95.457,1.458,3.848
49.8250,0.0099,0.0159,0.000,95.472,1.458,3.842
49.8337,0.0087,0.0138,0.000,95.485,1.458,3.837
49.8444,0.0107,0.0172,0.000,95.502,1.458,3.832
49.8532,0.0088,0.0139,0.000,95.515,1.458,3.827
49.8626,0.0094,0.0149,0.000,95.529,1.457,3.822
49.8717,0.0091,0.0145,0.000,95.542,1.457,3.817
49.8818,0.0101,0.0161,0.000,95.558,1.457,3.812
49.8896,0.0078,0.0122,0.000,95.569,1.457,3.808
49.8983,0.0087,0.0138,0.000,95.582,1.457,3.803
49.9089,0.0107,0.0171,0.000,95.598,1.457,3.797
49.9168,0.0078,0.0123,0.000,95.610,1.457,3.793
49.9278,0.0111,0.0178,0.000,95.627,1.457,3.788
49.9368,0.0089,0.0141,0.000,95.640,1.457,3.783
49.9470,0.0103,0.0164,0.000,95.656,1.457,3.778
49.9568,0.0098,0.0156,0.000,95.671,1.456,3.773
49.9673,0.0105,0.0167,0.000,95.686,1.456,3.768
49.9763,0.0091,0.0144,0.000,95.700,1.456,3.764
49.9875,0.0111,0.0178,0.000,95.717,1.456,3.758
49.9958,0.0084,0.0131,0.000,95.730,1.455,3.754
50.0072,0.0114,0.0183,0.000,95.747,1.455,3.749
50.0173,0.0100,0.0158,0.000,95.762,1.455,3.744
50.0269,0.0097,0.0152,0.000,95.777,1.455,3.740
50.0350,0.0080,0.0125,0.000,95.789,1.454,3.736
50.0463,0.0113,0.0181,0.000,95.806,1.454,3.731
50.0547,0.0084,0.0130,0.000,95.819,1.454,3.728
50.0638,0.0091,0.0142,0.000,95.832,1.454,3.724
50.0731,0.0093,0.0145,0.000,95.846,1.454,3.720
50.0827,0.0097,0.0151,0.000,95.861,1.454,3.715
50.0914,0.0086,0.0134,0.000,95.874,1.454,3.712
50.1023,0.0109,0.0171,0.000,95.890,1.454,3.707
50.1101,0.0078,0.0121,0.000,95.902,1.454,3.704
50.1202,0.0101,0.0159,0.000,95.917,1.454,3.700
50.1297,0.0095,0.0148,0.000,95.931,1.454,3.696
50.1373,0.0076,0.0117,0.000,95.943,1.454,3.693
50.1480,0.0106,0.0166,0.000,95.959,1.454,3.689
50.1568,0.0089,0.0137,0.000,95.972,1.454,3.685
50.1664,0.0096,0.0150,0.000,95.987,1.454,3.682
50.1757,0.0093,0.0144,0.000,96.001,1.454,3.678
50.1881,0.0124,0.0197,0.000,96.020,1.455,3.674
50.1976,0.0095,0.0147,0.000,96.034,1.455,3.670
50.2079,0.0103,0.0160,0.000,96.050,1.455,3.666
50.2189,0.0110,0.0172,0.000,96.066,1.455,3.662
50.2294,0.0105,0.0163,0.000,96.082,1.455,3.659
50.2372,0.0078,0.0119,0.000,96.094,1.455,3.656
50.2483,0.0111,0.0173,0.000,96.111,1.455,3.652
50.2564,0.0081,0.0124,0.000,96.123,1.455,3.649
50.2662,0.0098,0.0152,0.000,96.138,1.455,3.646
50.2748,0.0085,0.0131,0.000,96.150,1.455,3.643
50.2846,0.0098,0.0152,0.000,96.165,1.455,3.640
50.2925,0.0079,0.0121,0.000,96.177,1.455,3.637
50.3031,0.0106,0.0164,0.000,96.193,1.455,3.634
50.3109,0.0078,0.0118,0.000,96.205,1.455,3.631
50.3226,0.0118,0.0184,0.000,96.223,1.454,3.627
50.3309,0.0083,0.0126,0.000,96.235,1.454,3.625
50.3416,0.0106,0.0165,0.000,96.251,1.454,3.621
50.3502,0.0086,0.0132,0.000,96.264,1.454,3.619
50.3615,0.0113,0.0177,0.000,96.281,1.454,3.615
50.3706,0.0091,0.0140,0.000,96.295,1.454,3.613
50.3820,0.0114,0.0179,0.000,96.313,1.454,3.609
50.3931,0.0110,0.0171,0.000,96.330,1.454,3.606
50.4041,0.0110,0.0171,0.000,96.346,1.454,3.603
50.4152,0.0111,0.0172,0.000,96.363,1.454,3.599
50.4293,0.0141,0.0223,0.000,96.385,1.454,3.595
50.4375,0.0081,0.0122,0.000,96.397,1.454,3.593
50.4472,0.0098,0.0149,0.000,96.412,1.454,3.590
50.4567,0.0094,0.0144,0.000,96.426,1.454,3.588
50.4667,0.0100,0.0154,0.000,96.441,1.454,3.585
50.4756,0.0089,0.0136,0.000,96.455,1.454,3.583
50.4864,0.0109,0.0168,0.000,96.471,1.454,3.580
50.4946,0.0082,0.0124,0.000,96.483,1.453,3.578
50.5036,0.0090,0.0137,0.000,96.497,1.453,3.576
50.5124,0.0088,0.0134,0.000,96.510,1.453,3.574
50.5236,0.0112,0.0172,0.000,96.527,1.453,3.571
50.5313,0.0077,0.0116,0.000,96.539,1.453,3.569
50.5431,0.0118,0.0182,0.000,96.557,1.452,3.566
50.5527,0.0097,0.0147,0.000,96.571,1.452,3.564
50.5641,0.0114,0.0174,0.000,96.588,1.452,3.562
50.5742,0.0101,0.0154,0.000,96.604,1.452,3.560
50.5849,0.0107,0.0163,0.000,96.620,1.452,3.557
50.5957,0.0108,0.0165,0.000,96.636,1.452,3.555
50.6076,0.0118,0.0182,0.000,96.654,1.452,3.553
50.6170,0.0094,0.0141,0.000,96.668,1.452,3.551
50.6287,0.0118,0.0180,0.000,96.686,1.452,3.549
50.6380,0.0093,0.0140,0.000,96.700,1.452,3.547
50.6482,0.0102,0.0154,0.000,96.715,1.452,3.545
50.6571,0.0089,0.0134,0.000,96.728,1.452,3.543
50.6678,0.0106,0.0161,0.000,96.744,1.452,3.541
50.6769,0.0092,0.0138,0.000,96.758,1.452,3.540
50.6870,0.0101,0.0153,0.000,96.773,1.452,3.538
50.6959,0.0089,0.0134,0.000,96.787,1.452,3.536
50.7059,0.0100,0.0151,0.000,96.802,1.452,3.535
50.7139,0.0081,0.0121,0.000,96.814,1.453,3.533
50.7241,0.0102,0.0155,0.000,96.829,1.453,3.531
50.7323,0.0082,0.0123,0.000,96.841,1.453,3.530
50.7415,0.0092,0.0140,0.000,96.855,1.453,3.528
50.7499,0.0084,0.0126,0.000,96.868,1.453,3.527
50.7607,0.0107,0.0166,0.000,96.884,1.453,3.525
50.7695,0.0088,0.0134,0.000,96.897,1.453,3.523
50.7778,0.0083,0.0126,0.000,96.910,1.453,3.522
50.7877,0.0099,0.0151,0.000,96.925,1.454,3.520
50.7970,0.0093,0.0142,0.000,96.939,1.454,3.518
50.8082,0.0112,0.0172,0.000,96.956,1.454,3.516
50.8159,0.0077,0.0116,0.000,96.968,1.454,3.514
50.8274,0.0114,0.0176,0.000,96.985,1.454,3.512
50.8363,0.0089,0.0136,0.000,96.998,1.454,3.510
50.8460,0.0097,0.0149,0.000,97.013,1.454,3.508
50.8543,0.0082,0.0125,0.000,97.025,1.454,3.506
50.8656,0.0114,0.0176,0.000,97.043,1.455,3.503
50.8740,0.0084,0.0127,0.000,97.055,1.455,3.501
50.8834,0.0094,0.0143,0.000,97.070,1.455,3.499
50.8931,0.0096,0.0147,0.000,97.084,1.455,3.496
50.9042,0.0111,0.0171,0.000,97.101,1.455,3.493
50.9139,0.0097,0.0147,0.000,97.115,1.456,3.491
50.9266,0.0127,0.0198,0.000,97.135,1.456,3.487
50.9370,0.0104,0.0160,0.000,97.151,1.457,3.484
50.9485,0.0115,0.0177,0.000,97.168,1.457,3.481
50.9588,0.0103,0.0157,0.000,97.183,1.457,3.478
50.9716,0.0129,0.0201,0.000,97.203,1.458,3.473
50.9855,0.0138,0.0218,0.000,97.224,1.458,3.469
50.9961,0.0106,0.0164,0.000,97.240,1.459,3.465
51.0064,0.0103,0.0159,0.000,97.256,1.459,3.462
51.0156,0.0091,0.0140,0.000,97.269,1.459,3.459
51.0279,0.0123,0.0194,0.000,97.288,1.459,3.454
51.0373,0.0094,0.0144,0.000,97.302,1.459,3.451
51.0470,0.0097,0.0150,0.000,97.317,1.459,3.448
51.0552,0.0082,0.0126,0.000,97.329,1.460,3.445
51.0650,0.0098,0.0153,0.000,97.344,1.460,3.441
51.0730,0.0080,0.0123,0.000,97.356,1.460,3.438
51.0836,0.0106,0.0167,0.000,97.372,1.460,3.434
51.0927,0.0091,0.0141,0.000,97.386,1.460,3.431
51.1037,0.0110,0.0173,0.000,97.402,1.460,3.426
51.1124,0.0087,0.0135,0.000,97.415,1.460,3.423
51.1221,0.0097,0.0151,0.000,97.430,1.460,3.419
51.1299,0.0078,0.0120,0.000,97.442,1.460,3.416
51.1414,0.0115,0.0183,0.000,97.459,1.459,3.411
51.1495,0.0082,0.0127,0.000,97.471,1.459,3.407
51.1570,0.0075,0.0116,0.000,97.483,1.459,3.404
51.1676,0.0106,0.0168,0.000,97.499,1.459,3.400
51.1752,0.0076,0.0118,0.000,97.510,1.459,3.396
51.1850,0.0099,0.0158,0.000,97.525,1.458,3.392
51.1941,0.0091,0.0144,0.000,97.539,1.458,3.388
51.2036,0.0095,0.0151,0.000,97.553,1.458,3.383
51.2120,0.0084,0.0133,0.000,97.566,1.458,3.380
51.2228,0.0108,0.0174,0.000,97.583,1.457,3.374
51.2302,0.0074,0.0118,0.000,97.594,1.457,3.371
51.2425,0.0123,0.0203,0.000,97.613,1.456,3.365
51.2515,0.0089,0.0144,0.000,97.627,1.456,3.360
51.2615,0.0100,0.0163,0.000,97.643,1.455,3.355
51.2698,0.0084,0.0135,0.000,97.655,1.455,3.351
51.2784,0.0085,0.0139,0.000,97.669,1.454,3.347
51.2888,0.0105,0.0173,0.000,97.685,1.454,3.341
51.2974,0.0086,0.0140,0.000,97.698,1.453,3.337
51.3082,0.0107,0.0178,0.000,97.715,1.453,3.331
51.3157,0.0075,0.0122,0.000,97.726,1.452,3.327
51.3250,0.0093,0.0154,0.000,97.741,1.452,3.322
51.3340,0.0091,0.0150,0.000,97.755,1.451,3.316
51.3437,0.0097,0.0161,0.000,97.770,1.451,3.311
51.3516,0.0079,0.0130,0.000,97.782,1.451,3.306
51.3611,0.0095,0.0158,0.000,97.797,1.450,3.301
51.3692,0.0082,0.0135,0.000,97.810,1.450,3.296
51.3764,0.0072,0.0118,0.000,97.821,1.450,3.292
51.3869,0.0104,0.0176,0.000,97.837,1.450,3.286
51.3956,0.0087,0.0146,0.000,97.851,1.450,3.281
51.4074,0.0118,0.0202,0.000,97.870,1.449,3.273
51.4173,0.0099,0.0167,0.000,97.885,1.449,3.267
51.4282,0.0109,0.0185,0.000,97.903,1.449,3.260
51.4366,0.0085,0.0142,0.000,97.916,1.449,3.255
51.4499,0.0133,0.0232,0.000,97.937,1.449,3.246
51.4602,0.0103,0.0176,0.000,97.954,1.449,3.240
51.4684,0.0083,0.0140,0.000,97.967,1.448,3.235
51.4772,0.0088,0.0150,0.000,97.980,1.448,3.229
51.4864,0.0091,0.0157,0.000,97.995,1.448,3.223
51.4942,0.0078,0.0133,0.000,98.007,1.448,3.218
51.5040,0.0098,0.0170,0.000,98.023,1.447,3.212
51.5131,0.0091,0.0156,0.000,98.037,1.447,3.206
51.5235,0.0104,0.0180,0.000,98.054,1.447,3.199
51.5330,0.0095,0.0164,0.000,98.069,1.447,3.192
51.5445,0.0115,0.0201,0.000,98.088,1.447,3.185
51.5532,0.0087,0.0149,0.000,98.101,1.446,3.179
51.5639,0.0107,0.0187,0.000,98.119,1.446,3.172
51.5726,0.0087,0.0149,0.000,98.132,1.446,3.166
51.5825,0.0099,0.0171,0.000,98.148,1.446,3.159
51.5909,0.0085,0.0146,0.000,98.162,1.446,3.153
51.6013,0.0104,0.0181,0.000,98.178,1.446,3.146
51.6089,0.0076,0.0130,0.000,98.190,1.446,3.141
51.6169,0.0080,0.0138,0.000,98.203,1.446,3.136
51.6266,0.0097,0.0170,0.000,98.219,1.447,3.129
51.6353,0.0087,0.0150,0.000,98.232,1.447,3.123
51.6475,0.0122,0.0218,0.000,98.252,1.447,3.114
51.6557,0.0082,0.0142,0.000,98.265,1.448,3.109
51.6657,0.0099,0.0174,0.000,98.281,1.448,3.102
51.6744,0.0087,0.0151,0.000,98.295,1.448,3.096
51.6842,0.0098,0.0172,0.000,98.311,1.449,3.089
51.6914,0.0072,0.0124,0.000,98.323,1.449,3.084
51.7019,0.0105,0.0186,0.000,98.340,1.450,3.077
51.7102,0.0082,0.0143,0.000,98.353,1.450,3.071
51.7212,0.0110,0.0196,0.000,98.371,1.450,3.063
51.7296,0.0084,0.0147,0.000,98.384,1.451,3.058
51.7366,0.0070,0.0121,0.000,98.395,1.451,3.053
51.7469,0.0104,0.0184,0.000,98.412,1.451,3.045
51.7560,0.0091,0.0160,0.000,98.427,1.451,3.039
51.7666,0.0106,0.0188,0.000,98.444,1.452,3.032
51.7747,0.0081,0.0141,0.000,98.457,1.452,3.026
51.7848,0.0101,0.0179,0.000,98.473,1.452,3.019
51.7933,0.0084,0.0147,0.000,98.487,1.452,3.013
51.8032,0.0099,0.0174,0.000,98.503,1.452,3.006
51.8124,0.0092,0.0162,0.000,98.518,1.453,3.000
51.8234,0.0110,0.0195,0.000,98.536,1.453,2.992
51.8310,0.0075,0.0129,0.000,98.548,1.453,2.987
51.8417,0.0107,0.0189,0.000,98.565,1.453,2.980
51.8505,0.0088,0.0153,0.000,98.579,1.453,2.974
51.8605,0.0100,0.0175,0.000,98.595,1.454,2.967
51.8693,0.0088,0.0152,0.000,98.609,1.454,2.961
51.8768,0.0075,0.0129,0.000,98.621,1.454,2.956
51.8869,0.0101,0.0176,0.000,98.637,1.455,2.949
51.8961,0.0092,0.0158,0.000,98.652,1.455,2.943
51.9063,0.0102,0.0178,0.000,98.668,1.456,2.937
51.9145,0.0082,0.0141,0.000,98.681,1.456,2.931
51.9256,0.0111,0.0194,0.000,98.699,1.456,2.924
51.9344,0.0088,0.0150,0.000,98.713,1.457,2.918
51.9433,0.0089,0.0152,0.000,98.727,1.457,2.913
51.9521,0.0088,0.0150,0.000,98.741,1.458,2.907
51.9621,0.0100,0.0171,0.000,98.757,1.458,2.901
51.9697,0.0076,0.0128,0.000,98.769,1.459,2.896
51.9776,0.0079,0.0133,0.000,98.781,1.459,2.891
51.9873,0.0097,0.0165,0.000,98.797,1.459,2.885
51.9957,0.0084,0.0142,0.000,98.810,1.459,2.880
52.0065,0.0108,0.0185,0.000,98.827,1.460,2.873
52.0151,0.0086,0.0145,0.000,98.840,1.460,2.868
52.0262,0.0111,0.0189,0.000,98.858,1.460,2.861
52.0347,0.0085,0.0142,0.000,98.871,1.460,2.856
52.0438,0.0091,0.0151,0.000,98.885,1.461,2.851
52.0529,0.0091,0.0152,0.000,98.900,1.461,2.845
52.0649,0.0120,0.0203,0.000,98.919,1.461,2.838
52.0733,0.0083,0.0137,0.000,98.932,1.461,2.833
52.0834,0.0102,0.0168,0.000,98.947,1.461,2.827
52.0927,0.0093,0.0153,0.000,98.962,1.462,2.822
52.1024,0.0097,0.0159,0.000,98.977,1.462,2.817
52.1102,0.0078,0.0126,0.000,98.988,1.462,2.812
52.1222,0.0120,0.0199,0.000,99.007,1.462,2.806
52.1318,0.0097,0.0158,0.000,99.022,1.462,2.800
52.1421,0.0102,0.0167,0.000,99.038,1.463,2.795
52.1515,0.0094,0.0153,0.000,99.052,1.463,2.790
52.1618,0.0103,0.0169,0.000,99.068,1.463,2.784
52.1708,0.0089,0.0144,0.000,99.082,1.463,2.780
52.1822,0.0114,0.0186,0.000,99.099,1.464,2.774
52.1908,0.0086,0.0138,0.000,99.113,1.464,2.769
52.2019,0.0111,0.0180,0.000,99.130,1.464,2.764
52.2105,0.0086,0.0137,0.000,99.143,1.464,2.759
52.2204,0.0099,0.0159,0.000,99.158,1.464,2.755
52.2293,0.0089,0.0142,0.000,99.171,1.465,2.750
52.2380,0.0087,0.0138,0.000,99.184,1.465,2.746
52.2478,0.0098,0.0156,0.000,99.199,1.465,2.741
52.2557,0.0079,0.0124,0.000,99.211,1.465,2.738
52.2673,0.0116,0.0186,0.000,99.229,1.465,2.732
52.2762,0.0089,0.0139,0.000,99.242,1.465,2.728
52.2861,0.0100,0.0157,0.000,99.257,1.465,2.723
52.2947,0.0086,0.0134,0.000,99.270,1.465,2.720
52.3037,0.0090,0.0140,0.000,99.283,1.465,2.716
52.3113,0.0076,0.0117,0.000,99.295,1.465,2.712
52.3216,0.0103,0.0162,0.000,99.310,1.465,2.708
52.3304,0.0088,0.0136,0.000,99.323,1.465,2.704
52.3405,0.0101,0.0157,0.000,99.338,1.465,2.700
52.3502,0.0097,0.0150,0.000,99.353,1.465,2.695
52.3610,0.0109,0.0170,0.000,99.369,1.465,2.691
52.3693,0.0083,0.0126,0.000,99.381,1.465,2.688
52.3774,0.0082,0.0124,0.000,99.393,1.465,2.684
52.3871,0.0097,0.0149,0.000,99.408,1.465,2.680
52.3953,0.0082,0.0124,0.000,99.420,1.466,2.677
52.4077,0.0124,0.0193,0.000,99.438,1.466,2.672
52.4171,0.0095,0.0144,0.000,99.452,1.466,2.669
52.4277,0.0105,0.0161,0.000,99.468,1.466,2.665
52.4368,0.0091,0.0138,0.000,99.481,1.466,2.661
52.4479,0.0111,0.0169,0.000,99.498,1.466,2.657
52.4555,0.0076,0.0113,0.000,99.509,1.466,2.655
52.4656,0.0101,0.0154,0.000,99.524,1.466,2.651
52.4740,0.0084,0.0126,0.000,99.536,1.466,2.648
52.4838,0.0098,0.0147,0.000,99.550,1.466,2.645
52.4938,0.0100,0.0150,0.000,99.565,1.466,2.641
52.5045,0.0107,0.0161,0.000,99.580,1.466,2.638
52.5122,0.0077,0.0112,0.000,99.591,1.466,2.635
52.5226,0.0104,0.0156,0.000,99.607,1.466,2.632
52.5309,0.0083,0.0122,0.000,99.619,1.466,2.629
52.5419,0.0111,0.0165,0.000,99.635,1.466,2.626
52.5502,0.0083,0.0121,0.000,99.647,1.466,2.624
52.5599,0.0097,0.0144,0.000,99.661,1.466,2.621
52.5681,0.0082,0.0120,0.000,99.672,1.465,2.618
52.5758,0.0077,0.0113,0.000,99.684,1.465,2.616
52.5855,0.0097,0.0144,0.000,99.698,1.465,2.613
52.5930,0.0075,0.0109,0.000,99.708,1.465,2.611
52.6024,0.0094,0.0139,0.000,99.722,1.465,2.609
52.6104,0.0080,0.0116,0.000,99.733,1.465,2.607
52.6198,0.0094,0.0138,0.000,99.747,1.465,2.604
52.6271,0.0073,0.0105,0.000,99.757,1.465,2.602
52.6350,0.0079,0.0115,0.000,99.769,1.465,2.600
52.6446,0.0096,0.0141,0.000,99.783,1.465,2.598
52.6519,0.0073,0.0106,0.000,99.793,1.465,2.596
52.6614,0.0096,0.0141,0.000,99.807,1.465,2.594
52.6705,0.0091,0.0133,0.000,99.820,1.465,2.591
52.6820,0.0115,0.0171,0.000,99.837,1.465,2.589
52.6905,0.0085,0.0124,0.000,99.849,1.465,2.587
52.7006,0.0101,0.0149,0.000,99.864,1.465,2.585
52.7101,0.0095,0.0140,0.000,99.878,1.464,2.583
52.7207,0.0106,0.0157,0.000,99.893,1.464,2.580
52.7291,0.0084,0.0122,0.000,99.905,1.464,2.578
52.7378,0.0087,0.0127,0.000,99.918,1.464,2.577
52.7473,0.0095,0.0139,0.000,99.932,1.464,2.575
52.7553,0.0080,0.0116,0.000,99.943,1.464,2.573
52.7655,0.0103,0.0151,0.000,99.958,1.464,2.571
52.7738,0.0083,0.0120,0.000,99.970,1.463,2.570
52.7825,0.0087,0.0126,0.000,99.983,1.463,2.568
52.7914,0.0089,0.0130,0.000,99.996,1.463,2.566
52.8014,0.0100,0.0147,0.000,100.010,1.463,2.564
52.8098,0.0084,0.0121,0.000,100.022,1.463,2.563
52.8177,0.0078,0.0113,0.000,100.033,1.463,2.561
52.8273,0.0096,0.0141,0.000,100.047,1.462,2.560
52.8360,0.0087,0.0126,0.000,100.060,1.462,2.558
52.8483,0.0123,0.0183,0.000,100.078,1.462,2.556
52.8563,0.0080,0.0114,0.000,100.089,1.462,2.555
52.8659,0.0096,0.0140,0.000,100.103,1.462,2.553
52.8744,0.0084,0.0121,0.000,100.115,1.462,2.552
52.8850,0.0106,0.0156,0.000,100.131,1.462,2.550
52.8943,0.0093,0.0134,0.000,100.144,1.462,2.549
52.9044,0.0101,0.0147,0.000,100.159,1.462,2.547
52.9129,0.0084,0.0121,0.000,100.171,1.462,2.546
52.9230,0.0101,0.0147,0.000,100.185,1.461,2.545
52.9314,0.0084,0.0121,0.000,100.197,1.461,2.544
52.9407,0.0093,0.0135,0.000,100.211,1.461,2.542
52.9481,0.0074,0.0106,0.000,100.221,1.461,2.541
52.9562,0.0081,0.0117,0.000,100.233,1.461,2.540
52.9665,0.0103,0.0150,0.000,100.248,1.461,2.539
52.9742,0.0077,0.0111,0.000,100.259,1.461,2.538
52.9839,0.0097,0.0141,0.000,100.273,1.461,2.537
52.9926,0.0087,0.0126,0.000,100.286,1.461,2.536
53.0029,0.0102,0.0150,0.000,100.301,1.461,2.535
53.0154,0.0126,0.0187,0.000,100.319,1.460,2.533
53.0278,0.0124,0.0183,0.000,100.338,1.460,2.532
53.0379,0.0101,0.0146,0.000,100.352,1.460,2.531
53.0520,0.0141,0.0210,0.000,100.373,1.459,2.530
53.0646,0.0126,0.0185,0.000,100.391,1.459,2.529
53.0753,0.0107,0.0155,0.000,100.407,1.459,2.528
53.0894,0.0141,0.0208,0.000,100.428,1.458,2.527
53.0999,0.0106,0.0152,0.000,100.443,1.458,2.526
53.1122,0.0123,0.0179,0.000,100.461,1.458,2.525
53.1250,0.0128,0.0187,0.000,100.479,1.458,2.524
53.1335,0.0086,0.0122,0.000,100.492,1.458,2.523
53.1431,0.0096,0.0138,0.000,100.505,1.458,2.523
53.1526,0.0095,0.0136,0.000,100.519,1.458,2.522
53.1623,0.0097,0.0140,0.000,100.533,1.458,2.522
53.1701,0.0078,0.0111,0.000,100.544,1.458,2.521
53.1811,0.0110,0.0162,0.000,100.560,1.458,2.521
53.1903,0.0092,0.0133,0.000,100.574,1.458,2.520
53.2014,0.0111,0.0164,0.000,100.590,1.458,2.520
53.2099,0.0085,0.0123,0.000,100.602,1.458,2.520
53.2201,0.0101,0.0149,0.000,100.617,1.458,2.519
53.2286,0.0085,0.0123,0.000,100.630,1.458,2.519
53.2367,0.0081,0.0119,0.000,100.641,1.458,2.519
53.2464,0.0097,0.0142,0.000,100.656,1.458,2.518
53.2551,0.0088,0.0129,0.000,100.669,1.458,2.518
53.2657,0.0106,0.0158,0.000,100.684,1.457,2.518
53.2736,0.0079,0.0115,0.000,100.696,1.457,2.518
53.2825,0.0089,0.0131,0.000,100.709,1.457,2.517
53.2907,0.0082,0.0120,0.000,100.721,1.457,2.517
53.3007,0.0099,0.0147,0.000,100.736,1.457,2.517
53.3084,0.0078,0.0113,0.000,100.747,1.457,2.517
53.3177,0.0093,0.0137,0.000,100.761,1.456,2.517
53.3290,0.0113,0.0168,0.000,100.777,1.456,2.517
53.3369,0.0079,0.0115,0.000,100.789,1.456,2.516
53.3474,0.0105,0.0155,0.000,100.804,1.456,2.516
53.3577,0.0102,0.0151,0.000,100.819,1.456,2.516
53.3667,0.0090,0.0132,0.000,100.833,1.456,2.516
53.3753,0.0086,0.0125,0.000,100.845,1.455,2.516
53.3850,0.0098,0.0144,0.000,100.859,1.455,2.516
53.3936,0.0085,0.0125,0.000,100.872,1.455,2.516
53.4115,0.0180,0.0277,0.000,100.900,1.455,2.516
53.4283,0.0167,0.0253,0.000,100.925,1.455,2.516
53.4502,0.0219,0.0340,0.000,100.959,1.455,2.516
53.4674,0.0172,0.0256,0.000,100.984,1.455,2.516
53.4766,0.0092,0.0129,0.000,100.997,1.455,2.516
53.4876,0.0110,0.0158,0.000,101.013,1.456,2.517
53.4982,0.0105,0.0151,0.000,101.028,1.456,2.517
53.5106,0.0125,0.0182,0.000,101.046,1.456,2.517
53.5221,0.0114,0.0166,0.000,101.063,1.456,2.517
53.5316,0.0095,0.0136,0.000,101.077,1.456,2.517
53.5424,0.0108,0.0157,0.000,101.092,1.456,2.518
53.5516,0.0092,0.0132,0.000,101.105,1.456,2.518
53.5640,0.0123,0.0180,0.000,101.123,1.455,2.518
53.5727,0.0087,0.0124,0.000,101.136,1.455,2.519
53.5842,0.0115,0.0167,0.000,101.153,1.455,2.519
53.5938,0.0096,0.0138,0.000,101.166,1.455,2.520
53.6059,0.0121,0.0177,0.000,101.184,1.455,2.520
53.6155,0.0096,0.0137,0.000,101.198,1.455,2.521
53.6283,0.0127,0.0186,0.000,101.216,1.455,2.521
53.6368,0.0085,0.0121,0.000,101.229,1.455,2.522
53.6480,0.0113,0.0163,0.000,101.245,1.455,2.523
53.6577,0.0096,0.0138,0.000,101.259,1.455,2.523
53.6689,0.0112,0.0162,0.000,101.275,1.455,2.524
53.6800,0.0111,0.0161,0.000,101.291,1.455,2.525
53.6936,0.0136,0.0199,0.000,101.311,1.455,2.526
53.7053,0.0117,0.0169,0.000,101.328,1.455,2.526
53.7143,0.0090,0.0128,0.000,101.340,1.455,2.527
53.7258,0.0115,0.0166,0.000,101.357,1.456,2.528
53.7349,0.0091,0.0129,0.000,101.370,1.456,2.529
53.7456,0.0107,0.0155,0.000,101.385,1.456,2.530
53.7555,0.0099,0.0143,0.000,101.400,1.456,2.530
53.7659,0.0104,0.0150,0.000,101.415,1.457,2.531
53.7739,0.0080,0.0113,0.000,101.426,1.457,2.532
53.7846,0.0107,0.0156,0.000,101.441,1.457,2.533
53.7927,0.0081,0.0116,0.000,101.453,1.457,2.534
53.8044,0.0117,0.0170,0.000,101.470,1.457,2.535
53.8141,0.0097,0.0139,0.000,101.484,1.457,2.536
53.8245,0.0103,0.0148,0.000,101.499,1.457,2.537
53.8330,0.0085,0.0121,0.000,101.511,1.457,2.538
53.8441,0.0111,0.0160,0.000,101.527,1.457,2.539
53.8522,0.0081,0.0115,0.000,101.538,1.457,2.540
53.8630,0.0108,0.0155,0.000,101.554,1.457,2.541
53.8719,0.0089,0.0126,0.000,101.566,1.457,2.542
53.8825,0.0105,0.0151,0.000,101.581,1.457,2.543
53.8909,0.0085,0.0120,0.000,101.593,1.457,2.544
53.9031,0.0122,0.0177,0.000,101.611,1.457,2.545
53.9119,0.0088,0.0124,0.000,101.623,1.457,2.546
53.9235,0.0116,0.0167,0.000,101.640,1.457,2.547
53.9340,0.0105,0.0149,0.000,101.655,1.456,2.548
53.9444,0.0104,0.0148,0.000,101.670,1.456,2.549
53.9526,0.0082,0.0115,0.000,101.681,1.456,2.550
53.9636,0.0110,0.0157,0.000,101.697,1.456,2.551
53.9722,0.0086,0.0121,0.000,101.709,1.456,2.552
53.9819,0.0097,0.0137,0.000,101.722,1.456,2.553
53.9904,0.0084,0.0119,0.000,101.734,1.456,2.554
54.0007,0.0104,0.0148,0.000,101.749,1.456,2.555
54.0086,0.0079,0.0110,0.000,101.760,1.456,2.556
54.0169,0.0083,0.0117,0.000,101.772,1.456,2.556
54.0275,0.0107,0.0153,0.000,101.787,1.456,2.558
54.0368,0.0093,0.0132,0.000,101.800,1.455,2.558
54.0474,0.0106,0.0152,0.000,101.815,1.455,2.560
54.0558,0.0084,0.0119,0.000,101.827,1.455,2.560
54.0652,0.0094,0.0134,0.000,101.841,1.455,2.561
54.0748,0.0096,0.0138,0.000,101.854,1.455,2.562
54.0847,0.0099,0.0141,0.000,101.869,1.455,2.563
54.0924,0.0077,0.0108,0.000,101.879,1.454,2.564
54.1038,0.0113,0.0164,0.000,101.896,1.454,2.565
54.1123,0.0085,0.0120,0.000,101.908,1.454,2.566
54.1225,0.0102,0.0147,0.000,101.922,1.454,2.567
54.1316,0.0091,0.0129,0.000,101.935,1.453,2.568
54.1416,0.0100,0.0144,0.000,101.950,1.453,2.569
54.1497,0.0081,0.0114,0.000,101.961,1.453,2.570
54.1575,0.0078,0.0109,0.000,101.972,1.453,2.570
54.1677,0.0102,0.0146,0.000,101.986,1.452,2.571
54.1765,0.0087,0.0124,0.000,101.999,1.452,2.572
54.1864,0.0100,0.0142,0.000,102.013,1.452,2.573
54.1943,0.0079,0.0111,0.000,102.024,1.452,2.574
54.2043,0.0100,0.0142,0.000,102.038,1.452,2.575
54.2128,0.0084,0.0119,0.000,102.050,1.451,2.576
54.2228,0.0100,0.0142,0.000,102.064,1.451,2.577
54.2303,0.0076,0.0106,0.000,102.075,1.451,2.577
54.2414,0.0111,0.0159,0.000,102.091,1.451,2.578
54.2495,0.0081,0.0114,0.000,102.102,1.451,2.579
54.2572,0.0076,0.0107,0.000,102.113,1.451,2.580
54.2676,0.0104,0.0149,0.000,102.128,1.451,2.581
54.2762,0.0086,0.0122,0.000,102.140,1.451,2.581
54.2858,0.0096,0.0137,0.000,102.154,1.451,2.582
54.2944,0.0086,0.0122,0.000,102.166,1.451,2.583
54.3041,0.0097,0.0139,0.000,102.180,1.451,2.584
54.3117,0.0076,0.0107,0.000,102.190,1.451,2.584
54.3237,0.0120,0.0174,0.000,102.208,1.451,2.585
54.3320,0.0083,0.0118,0.000,102.219,1.451,2.586
54.3457,0.0137,0.0201,0.000,102.239,1.451,2.587
54.3575,0.0117,0.0170,0.000,102.256,1.451,2.587
54.3689,0.0115,0.0164,0.000,102.273,1.451,2.588
54.3788,0.0099,0.0140,0.000,102.287,1.451,2.589
54.3912,0.0124,0.0179,0.000,102.305,1.451,2.589
54.4044,0.0132,0.0190,0.000,102.324,1.451,2.590
54.4262,0.0219,0.0332,0.000,102.357,1.451,2.591
54.4470,0.0207,0.0308,0.000,102.388,1.451,2.591
54.4629,0.0159,0.0227,0.000,102.410,1.451,2.591
54.4749,0.0120,0.0168,0.000,102.427,1.452,2.592
54.4875,0.0126,0.0178,0.000,102.445,1.452,2.592
54.4962,0.0087,0.0120,0.000,102.457,1.452,2.592
54.5081,0.0118,0.0167,0.000,102.474,1.452,2.592
54.5166,0.0086,0.0119,0.000,102.485,1.452,2.592
54.5273,0.0107,0.0151,0.000,102.501,1.452,2.591
54.5364,0.0091,0.0127,0.000,102.513,1.453,2.591
54.5469,0.0105,0.0150,0.000,102.528,1.453,2.591
54.5552,0.0083,0.0116,0.000,102.540,1.453,2.591
54.5651,0.0099,0.0142,0.000,102.554,1.453,2.591
54.5740,0.0089,0.0126,0.000,102.567,1.453,2.590
54.5837,0.0097,0.0139,0.000,102.581,1.453,2.590
54.5926,0.0089,0.0127,0.000,102.593,1.453,2.590
54.6256,0.0330,0.0537,0.000,102.647,1.453,2.587
54.6411,0.0155,0.0221,0.000,102.669,1.453,2.587
54.6530,0.0119,0.0167,0.000,102.686,1.453,2.586
54.6647,0.0117,0.0163,0.000,102.702,1.453,2.585
54.6734,0.0087,0.0119,0.000,102.714,1.452,2.584
54.6889,0.0155,0.0225,0.000,102.736,1.452,2.583
54.7031,0.0142,0.0205,0.000,102.757,1.452,2.582
54.7156,0.0125,0.0179,0.000,102.775,1.452,2.580
54.7278,0.0122,0.0176,0.000,102.792,1.452,2.579
54.7378,0.0100,0.0142,0.000,102.806,1.452,2.578
54.7488,0.0111,0.0159,0.000,102.822,1.451,2.577
54.7594,0.0106,0.0152,0.000,102.837,1.451,2.575
54.7709,0.0116,0.0169,0.000,102.854,1.451,2.574
54.7816,0.0107,0.0156,0.000,102.870,1.451,2.572
54.7895,0.0079,0.0112,0.000,102.881,1.451,2.571
54.7991,0.0096,0.0139,0.000,102.895,1.451,2.570
54.8100,0.0109,0.0161,0.000,102.911,1.451,2.568
54.8206,0.0106,0.0156,0.000,102.926,1.451,2.566
54.8294,0.0088,0.0128,0.000,102.939,1.450,2.565
54.8371,0.0077,0.0113,0.000,102.950,1.450,2.564
54.8481,0.0110,0.0163,0.000,102.966,1.450,2.562
54.8572,0.0091,0.0134,0.000,102.980,1.450,2.560
54.8676,0.0104,0.0156,0.000,102.995,1.450,2.558
54.8762,0.0086,0.0127,0.000,103.008,1.450,2.556
54.8878,0.0117,0.0176,0.000,103.025,1.450,2.553
54.8970,0.0091,0.0135,0.000,103.038,1.450,2.552
54.9084,0.0114,0.0171,0.000,103.055,1.450,2.549
54.9171,0.0088,0.0130,0.000,103.068,1.450,2.547
54.9276,0.0105,0.0157,0.000,103.084,1.450,2.544
54.9368,0.0092,0.0137,0.000,103.097,1.450,2.542
54.9478,0.0110,0.0166,0.000,103.113,1.451,2.539
54.9565,0.0087,0.0129,0.000,103.126,1.451,2.537
54.9664,0.0099,0.0149,0.000,103.141,1.451,2.535
54.9749,0.0084,0.0126,0.000,103.153,1.451,2.532
54.9846,0.0097,0.0146,0.000,103.168,1.452,2.530
54.9920,0.0074,0.0110,0.000,103.178,1.452,2.528
55.0036,0.0116,0.0177,0.000,103.196,1.452,2.525
55.0133,0.0097,0.0147,0.000,103.210,1.453,2.522
55.0245,0.0112,0.0170,0.000,103.227,1.453,2.519
55.0333,0.0089,0.0132,0.000,103.240,1.453,2.516
55.0443,0.0110,0.0166,0.000,103.256,1.453,2.513
55.0526,0.0083,0.0124,0.000,103.268,1.454,2.510
55.0636,0.0110,0.0168,0.000,103.285,1.454,2.507
55.0721,0.0085,0.0127,0.000,103.297,1.454,2.504
55.0817,0.0096,0.0144,0.000,103.311,1.454,2.501
55.0911,0.0094,0.0143,0.000,103.325,1.454,2.498
55.1035,0.0123,0.0190,0.000,103.344,1.454,2.494
55.1178,0.0143,0.0224,0.000,103.366,1.455,2.490
55.1327,0.0149,0.0233,0.000,103.389,1.455,2.485
55.1465,0.0137,0.0212,0.000,103.409,1.455,2.480
55.1575,0.0111,0.0168,0.000,103.426,1.455,2.476
55.1700,0.0125,0.0193,0.000,103.444,1.455,2.472
55.1830,0.0130,0.0200,0.000,103.464,1.455,2.468
55.1919,0.0089,0.0134,0.000,103.477,1.455,2.464
55.2051,0.0132,0.0206,0.000,103.497,1.455,2.460
55.2171,0.0120,0.0186,0.000,103.515,1.456,2.455
55.2281,0.0109,0.0168,0.000,103.531,1.456,2.451
55.2377,0.0096,0.0147,0.000,103.546,1.456,2.448
55.2490,0.0114,0.0177,0.000,103.563,1.456,2.444
55.2575,0.0084,0.0128,0.000,103.575,1.456,2.440
55.2704,0.0129,0.0204,0.000,103.595,1.456,2.435
55.2818,0.0114,0.0178,0.000,103.612,1.456,2.431
55.2900,0.0083,0.0127,0.000,103.624,1.456,2.428
55.3017,0.0117,0.0184,0.000,103.642,1.456,2.423
55.3101,0.0083,0.0128,0.000,103.655,1.456,2.420
55.3205,0.0104,0.0164,0.000,103.670,1.456,2.416
55.3294,0.0090,0.0139,0.000,103.684,1.456,2.412
55.3369,0.0074,0.0114,0.000,103.695,1.456,2.409
55.3472,0.0103,0.0162,0.000,103.710,1.456,2.405
55.3582,0.0110,0.0173,0.000,103.727,1.456,2.400
55.3684,0.0103,10.9315,104.146,97.194,4.100,-5.957
55.3772,0.0087,0.0115,0.000,97.205,4.100,-5.953
55.3910,0.0138,0.0184,0.000,97.223,4.100,-5.948
55.4027,0.0117,0.0155,0.000,97.238,4.100,-5.944
55.4105,0.0077,0.0100,0.000,97.248,4.100,-5.941
55.4229,0.0124,0.0164,0.000,97.263,4.100,-5.936
55.4315,0.0087,0.0113,0.000,97.274,4.100,-5.933
55.4408,0.0092,0.0120,0.000,97.286,4.100,-5.929
55.4509,0.0102,0.0133,0.000,97.298,4.100,-5.926
55.4622,0.0113,0.0148,0.000,97.313,4.100,-5.922
55.4706,0.0083,0.0107,0.000,97.323,4.100,-5.918
55.4813,0.0108,0.0141,0.000,97.336,4.100,-5.914
55.4880,0.0066,0.0085,0.000,97.344,4.100,-5.912
55.4952,0.0072,0.0093,0.000,97.353,4.100,-5.909
55.5052,0.0100,0.0130,0.000,97.366,4.100,-5.905
55.5134,0.0082,0.0106,0.000,97.376,4.100,-5.902
55.5239,0.0105,0.0137,0.000,97.389,4.100,-5.899
55.5332,0.0093,0.0120,0.000,97.401,4.100,-5.895
55.5424,0.0092,0.0118,0.000,97.412,4.100,-5.892
55.5503,0.0079,0.0102,0.000,97.422,4.100,-5.889
55.5620,0.0117,0.0152,0.000,97.436,4.100,-5.884
55.5701,0.0081,0.0104,0.000,97.446,4.100,-5.881
55.5795,0.0094,0.0122,0.000,97.458,4.100,-5.878
55.5870,0.0076,0.0097,0.000,97.467,4.100,-5.875
55.5962,0.0092,0.0118,0.000,97.478,4.100,-5.872
55.6061,0.0099,0.0128,0.000,97.491,4.100,-5.868
55.6145,0.0084,0.0107,0.000,97.501,4.100,-5.865
55.6236,0.0091,0.0117,0.000,97.512,4.100,-5.862
55.6310,0.0074,0.0094,0.000,97.521,4.100,-5.859
55.6415,0.0106,0.0136,0.000,97.534,4.100,-5.855
55.6494,0.0079,0.0100,0.000,97.544,4.100,-5.852
55.6571,0.0077,0.0098,0.000,97.553,4.100,-5.849
55.6677,0.0106,0.0136,0.000,97.566,4.100,-5.846
55.6755,0.0078,0.0099,0.000,97.576,4.100,-5.843
55.6848,0.0093,0.0119,0.000,97.587,4.100,-5.839
55.6925,0.0077,0.0097,0.000,97.597,4.100,-5.837
55.7019,0.0095,0.0121,0.000,97.608,4.100,-5.833
55.7091,0.0071,0.0090,0.000,97.617,4.100,-5.831
55.7182,0.0092,0.0117,0.000,97.628,4.100,-5.827
55.7286,0.0104,0.0132,0.000,97.641,4.100,-5.824
55.7359,0.0073,0.0093,0.000,97.649,4.100,-5.821
55.7461,0.0102,0.0130,0.000,97.662,4.100,-5.817
55.7536,0.0075,0.0095,0.000,97.671,4.100,-5.815
55.7627,0.0091,0.0115,0.000,97.682,4.100,-5.811
55.7716,0.0089,0.0113,0.000,97.693,4.100,-5.808
55.7811,0.0095,0.0120,0.000,97.704,4.100,-5.805
55.7885,0.0074,0.0094,0.000,97.713,4.100,-5.802
55.7970,0.0085,0.0108,0.000,97.724,4.100,-5.799
55.8066,0.0096,0.0122,0.000,97.735,4.100,-5.796
55.8140,0.0074,0.0093,0.000,97.744,4.100,-5.793
55.8243,0.0104,0.0133,0.000,97.757,4.100,-5.789
55.8322,0.0079,0.0099,0.000,97.767,4.100,-5.787
55.8418,0.0096,0.0123,0.000,97.779,4.100,-5.783
55.8511,0.0093,0.0118,0.000,97.790,4.100,-5.780
55.8604,0.0093,0.0119,0.000,97.801,4.100,-5.777
55.8681,0.0076,0.0097,0.000,97.811,4.100,-5.774
55.8758,0.0077,0.0098,0.000,97.820,4.100,-5.771
55.8850,0.0092,0.0118,0.000,97.831,4.100,-5.768
55.8925,0.0075,0.0095,0.000,97.840,4.100,-5.766
55.9019,0.0094,0.0120,0.000,97.852,4.100,-5.762
55.9091,0.0072,0.0092,0.000,97.861,4.100,-5.760
55.9164,0.0072,0.0092,0.000,97.870,4.100,-5.757
55.9262,0.0098,0.0126,0.000,97.882,4.100,-5.754
55.9341,0.0079,0.0101,0.000,97.892,4.100,-5.751
55.9432,0.0091,0.0116,0.000,97.903,4.100,-5.748
55.9518,0.0086,0.0110,0.000,97.913,4.100,-5.745
55.9619,0.0102,0.0130,0.000,97.926,4.100,-5.742
55.9699,0.0080,0.0101,0.000,97.936,4.100,-5.739
55.9809,0.0110,0.0142,0.000,97.949,4.100,-5.735
55.9884,0.0075,0.0096,0.000,97.958,4.100,-5.733
55.9955,0.0071,0.0091,0.000,97.967,4.100,-5.730
56.0056,0.0100,0.0129,0.000,97.980,4.100,-5.727
56.0131,0.0075,0.0096,0.000,97.989,4.100,-5.724
56.0224,0.0093,0.0120,0.000,98.000,4.100,-5.721
56.0310,0.0085,0.0109,0.000,98.011,4.100,-5.718
56.0400,0.0090,0.0116,0.000,98.022,4.100,-5.715
56.0482,0.0082,0.0105,0.000,98.032,4.100,-5.712
56.0570,0.0088,0.0113,0.000,98.043,4.100,-5.709
56.0663,0.0094,0.0121,0.000,98.055,4.100,-5.705
56.0742,0.0079,0.0102,0.000,98.065,4.100,-5.703
56.0841,0.0098,0.0127,0.000,98.077,4.100,-5.699
56.0916,0.0075,0.0097,0.000,98.086,4.100,-5.697
56.1015,0.0099,0.0129,0.000,98.099,4.100,-5.693
56.1100,0.0085,0.0109,0.000,98.109,4.100,-5.690
56.1198,0.0097,0.0126,0.000,98.121,4.100,-5.687
56.1266,0.0069,0.0088,0.000,98.130,4.100,-5.684
56.1360,0.0094,0.0121,0.000,98.141,4.100,-5.681
56.1453,0.0093,0.0120,0.000,98.153,4.100,-5.678
56.1536,0.0083,0.0107,0.000,98.163,4.100,-5.675
56.1643,0.0107,0.0139,0.000,98.177,4.100,-5.671
56.1719,0.0077,0.0099,0.000,98.186,4.100,-5.669
56.1819,0.0100,0.0129,0.000,98.199,4.100,-5.665
56.1900,0.0082,0.0105,0.000,98.209,4.100,-5.662
56.1997,0.0097,0.0126,0.000,98.221,4.100,-5.659
56.2062,0.0065,0.0083,0.000,98.229,4.100,-5.657
56.2146,0.0084,0.0109,0.000,98.239,4.100,-5.654
56.2230,0.0083,0.0108,0.000,98.250,4.100,-5.651
56.2298,0.0069,0.0088,0.000,98.258,4.100,-5.649
56.2417,0.0119,0.0156,0.000,98.273,4.100,-5.645
56.2499,0.0082,0.0106,0.000,98.284,4.100,-5.642
56.2591,0.0092,0.0119,0.000,98.295,4.100,-5.639
56.2670,0.0080,0.0103,0.000,98.305,4.100,-5.636
56.2752,0.0082,0.0106,0.000,98.315,4.100,-5.633
56.2842,0.0090,0.0117,0.000,98.327,4.100,-5.630
56.2922,0.0080,0.0104,0.000,98.337,4.100,-5.628
56.3012,0.0089,0.0116,0.000,98.348,4.100,-5.625
56.3086,0.0074,0.0096,0.000,98.357,4.100,-5.622
56.3161,0.0075,0.0098,0.000,98.367,4.100,-5.620
56.3262,0.0100,0.0132,0.000,98.379,4.100,-5.616
56.3344,0.0082,0.0107,0.000,98.390,4.100,-5.613
56.3449,0.0105,0.0138,0.000,98.403,4.100,-5.610
56.3532,0.0084,0.0110,0.000,98.414,4.100,-5.607
56.3622,0.0090,0.0117,0.000,98.425,4.100,-5.604
56.3713,0.0090,0.0118,0.000,98.436,4.100,-5.601
56.3807,0.0095,0.0124,0.000,98.448,4.100,-5.597
56.3888,0.0081,0.0106,0.000,98.459,4.100,-5.595
56.3979,0.0091,0.0119,0.000,98.470,4.100,-5.591
56.4080,0.0101,0.0133,0.000,98.483,4.100,-5.588
56.4164,0.0084,0.0110,0.000,98.494,4.100,-5.585
56.4275,0.0111,0.0146,0.000,98.508,4.100,-5.581
56.4360,0.0085,0.0111,0.000,98.518,4.100,-5.578
56.4471,0.0112,0.0148,0.000,98.533,4.100,-5.574
56.4591,0.0120,0.0159,0.000,98.548,4.100,-5.570
56.4694,0.0103,0.0135,0.000,98.561,4.100,-5.567
56.4779,0.0085,0.0111,0.000,98.572,4.100,-5.564
56.4894,0.0115,0.0152,0.000,98.586,4.100,-5.560
56.4978,0.0084,0.0110,0.000,98.597,4.100,-5.557
56.5082,0.0104,0.0137,0.000,98.610,4.100,-5.553
56.5177,0.0095,0.0124,0.000,98.622,4.100,-5.550
56.5280,0.0103,0.0135,0.000,98.635,4.100,-5.546
56.5358,0.0079,0.0102,0.000,98.645,4.100,-5.543
56.5472,0.0113,0.0150,0.000,98.659,4.100,-5.539
56.5564,0.0092,0.0121,0.000,98.671,4.100,-5.536
56.5686,0.0122,0.0162,0.000,98.687,4.100,-5.531
56.5777,0.0091,0.0119,0.000,98.698,4.100,-5.528
56.5880,0.0103,0.0136,0.000,98.711,4.100,-5.524
56.5977,0.0096,0.0126,0.000,98.723,4.100,-5.521
56.6093,0.0117,0.0155,0.000,98.738,4.100,-5.517
56.6181,0.0088,0.0114,0.000,98.749,4.100,-5.513
56.6288,0.0107,0.0140,0.000,98.763,4.100,-5.510
56.6378,0.0090,0.0118,0.000,98.774,4.100,-5.506
56.6480,0.0102,0.0133,0.000,98.787,4.100,-5.503
56.6564,0.0084,0.0110,0.000,98.797,4.100,-5.500
56.6699,0.0135,0.0180,0.000,98.815,4.100,-5.495
56.6809,0.0110,0.0145,0.000,98.828,4.100,-5.491
56.6885,0.0075,0.0098,0.000,98.838,4.100,-5.488
56.6968,0.0083,0.0109,0.000,98.848,4.100,-5.485
56.7061,0.0093,0.0122,0.000,98.860,4.100,-5.481
56.7133,0.0072,0.0094,0.000,98.869,4.100,-5.479
56.7226,0.0092,0.0121,0.000,98.881,4.100,-5.475
56.7304,0.0079,0.0103,0.000,98.891,4.100,-5.472
56.7397,0.0093,0.0122,0.000,98.902,4.100,-5.469
56.7477,0.0080,0.0105,0.000,98.912,4.100,-5.466
56.7551,0.0074,0.0096,0.000,98.922,4.100,-5.463
56.7649,0.0097,0.0129,0.000,98.934,4.100,-5.460
56.7737,0.0088,0.0116,0.000,98.945,4.100,-5.457
56.7826,0.0089,0.0117,0.000,98.956,4.100,-5.453
56.7906,0.0080,0.0105,0.000,98.966,4.100,-5.450
56.8028,0.0122,0.0163,0.000,98.982,4.100,-5.446
56.8105,0.0077,0.0100,0.000,98.992,4.100,-5.443
56.8199,0.0094,0.0124,0.000,99.004,4.100,-5.439
56.8282,0.0083,0.0109,0.000,99.014,4.100,-5.436
56.8356,0.0075,0.0097,0.000,99.023,4.100,-5.433
56.8451,0.0095,0.0125,0.000,99.035,4.100,-5.430
56.8533,0.0082,0.0108,0.000,99.046,4.100,-5.427
56.8622,0.0089,0.0117,0.000,99.057,4.100,-5.423
56.8707,0.0085,0.0111,0.000,99.067,4.100,-5.420
56.8810,0.0102,0.0135,0.000,99.080,4.100,-5.416
56.8882,0.0072,0.0095,0.000,99.089,4.100,-5.413
56.8954,0.0072,0.0093,0.000,99.098,4.100,-5.410
56.9062,0.0108,0.0143,0.000,99.112,4.100,-5.406
56.9135,0.0072,0.0094,0.000,99.121,4.100,-5.403
56.9223,0.0089,0.0116,0.000,99.132,4.100,-5.400
56.9305,0.0082,0.0106,0.000,99.142,4.100,-5.397
56.9400,0.0095,0.0125,0.000,99.154,4.100,-5.393
56.9480,0.0080,0.0105,0.000,99.164,4.100,-5.390
56.9560,0.0079,0.0104,0.000,99.174,4.100,-5.386
56.9648,0.0089,0.0116,0.000,99.185,4.100,-5.383
56.9719,0.0071,0.0092,0.000,99.194,4.100,-5.380
56.9822,0.0103,0.0136,0.000,99.207,4.100,-5.376
56.9897,0.0075,0.0097,0.000,99.216,4.100,-5.373
56.9973,0.0076,0.0099,0.000,99.225,4.100,-5.370
57.0101,0.0128,0.0170,0.000,99.242,4.100,-5.365
57.0207,0.0105,0.0138,0.000,99.255,4.100,-5.360
57.0281,0.0074,0.0096,0.000,99.264,4.100,-5.357
57.0371,0.0090,0.0117,0.000,99.275,4.100,-5.354
57.0471,0.0100,0.0131,0.000,99.287,4.100,-5.349
57.0548,0.0077,0.0099,0.000,99.297,4.100,-5.346
57.0644,0.0096,0.0125,0.000,99.309,4.100,-5.342
57.0723,0.0079,0.0101,0.000,99.318,4.100,-5.339
57.0818,0.0095,0.0123,0.000,99.330,4.100,-5.335
57.0900,0.0082,0.0105,0.000,99.340,4.100,-5.332
57.0997,0.0098,0.0126,0.000,99.352,4.100,-5.328
57.1066,0.0069,0.0087,0.000,99.360,4.100,-5.325
57.1149,0.0083,0.0106,0.000,99.370,4.100,-5.321
57.1244,0.0095,0.0122,0.000,99.381,4.100,-5.317
57.1322,0.0079,0.0101,0.000,99.391,4.100,-5.314
57.1438,0.0116,0.0149,0.000,99.405,4.100,-5.309
57.1512,0.0074,0.0094,0.000,99.414,4.100,-5.306
57.1609,0.0097,0.0125,0.000,99.426,4.100,-5.302
57.1696,0.0087,0.0111,0.000,99.436,4.100,-5.298
57.1774,0.0078,0.0099,0.000,99.445,4.100,-5.295
57.1873,0.0099,0.0127,0.000,99.457,4.100,-5.291
57.1957,0.0084,0.0106,0.000,99.467,4.100,-5.287
57.2060,0.0104,0.0133,0.000,99.480,4.100,-5.282
57.2139,0.0079,0.0100,0.000,99.489,4.100,-5.279
57.2242,0.0103,0.0132,0.000,99.502,4.100,-5.275
57.2324,0.0082,0.0104,0.000,99.511,4.100,-5.271
57.2446,0.0121,0.0156,0.000,99.526,4.100,-5.266
57.2554,0.0108,0.0138,0.000,99.539,4.100,-5.261
57.2670,0.0116,0.0149,0.000,99.553,4.100,-5.256
57.2784,0.0115,0.0147,0.000,99.567,4.100,-5.250
57.2901,0.0116,0.0149,0.000,99.581,4.100,-5.245
57.3019,0.0119,0.0152,0.000,99.595,4.100,-5.240
57.3110,0.0090,0.0114,0.000,99.605,4.100,-5.236
57.3230,0.0120,0.0154,0.000,99.620,4.100,-5.230
57.3322,0.0092,0.0116,0.000,99.631,4.100,-5.226
57.3430,0.0108,0.0138,0.000,99.644,4.100,-5.221
57.3519,0.0089,0.0112,0.000,99.654,4.100,-5.217
57.3615,0.0096,0.0121,0.000,99.665,4.100,-5.213
57.3682,0.0068,0.0084,0.000,99.673,4.100,-5.210
57.3763,0.0081,0.0101,0.000,99.683,4.100,-5.206
57.3857,0.0094,0.0119,0.000,99.694,4.100,-5.202
57.3938,0.0080,0.0101,0.000,99.703,4.100,-5.198
57.4035,0.0097,0.0123,0.000,99.715,4.100,-5.194
57.4121,0.0086,0.0108,0.000,99.725,4.100,-5.190
57.4230,0.0109,0.0139,0.000,99.738,4.100,-5.185
57.4323,0.0092,0.0116,0.000,99.749,4.100,-5.181
57.4422,0.0100,0.0126,0.000,99.760,4.100,-5.176
57.4505,0.0083,0.0104,0.000,99.770,4.100,-5.172
57.4614,0.0109,0.0138,0.000,99.783,4.100,-5.167
57.4700,0.0085,0.0107,0.000,99.793,4.100,-5.163
57.4798,0.0098,0.0125,0.000,99.804,4.100,-5.159
57.4878,0.0080,0.0100,0.000,99.813,4.100,-5.155
57.4951,0.0073,0.0091,0.000,99.822,4.100,-5.151
57.5046,0.0095,0.0119,0.000,99.833,4.100,-5.147
57.5122,0.0076,0.0095,0.000,99.842,4.100,-5.143
57.5220,0.0098,0.0124,0.000,99.853,4.100,-5.139
57.5305,0.0085,0.0107,0.000,99.863,4.100,-5.135
57.5410,0.0105,0.0133,0.000,99.875,4.100,-5.130
57.5490,0.0080,0.0100,0.000,99.885,4.100,-5.126
57.5560,0.0070,0.0087,0.000,99.893,4.100,-5.122
57.5662,0.0102,0.0129,0.000,99.905,4.100,-5.118
57.5736,0.0074,0.0092,0.000,99.913,4.100,-5.114
57.5821,0.0085,0.0106,0.000,99.923,4.100,-5.110
57.5904,0.0083,0.0104,0.000,99.933,4.100,-5.106
57.5999,0.0094,0.0118,0.000,99.944,4.100,-5.102
57.6075,0.0076,0.0095,0.000,99.952,4.100,-5.098
57.6152,0.0077,0.0095,0.000,99.961,4.100,-5.094
57.6246,0.0095,0.0119,0.000,99.972,4.100,-5.090
57.6315,0.0068,0.0084,0.000,99.980,4.100,-5.087
57.6423,0.0109,0.0136,0.000,99.992,4.100,-5.082
57.6514,0.0091,0.0113,0.000,100.003,4.100,-5.077
57.6605,0.0091,0.0113,0.000,100.013,4.100,-5.073
57.6685,0.0080,0.0099,0.000,100.023,4.100,-5.069
57.6761,0.0075,0.0093,0.000,100.031,4.100,-5.066
57.6863,0.0102,0.0127,0.000,100.043,4.100,-5.061
57.6946,0.0083,0.0102,0.000,100.052,4.100,-5.057
57.7038,0.0092,0.0113,0.000,100.063,4.100,-5.053
57.7116,0.0078,0.0095,0.000,100.072,4.100,-5.050
57.7221,0.0105,0.0130,0.000,100.084,4.100,-5.045
57.7299,0.0078,0.0095,0.000,100.093,4.100,-5.041
57.7390,0.0091,0.0112,0.000,100.103,4.100,-5.037
57.7471,0.0081,0.0098,0.000,100.112,4.100,-5.034
57.7560,0.0089,0.0109,0.000,100.122,4.100,-5.030
57.7653,0.0092,0.0113,0.000,100.133,4.100,-5.025
57.7734,0.0082,0.0100,0.000,100.142,4.100,-5.022
57.7827,0.0092,0.0113,0.000,100.152,4.100,-5.018
57.7905,0.0079,0.0095,0.000,100.161,4.100,-5.014
57.8008,0.0102,0.0125,0.000,100.173,4.100,-5.010
57.8084,0.0076,0.0092,0.000,100.181,4.100,-5.006
57.8151,0.0067,0.0081,0.000,100.189,4.100,-5.003
57.8271,0.0119,0.0146,0.000,100.203,4.100,-4.998
57.8346,0.0075,0.0091,0.000,100.211,4.100,-4.995
57.8431,0.0085,0.0103,0.000,100.221,4.100,-4.992
57.8518,0.0087,0.0104,0.000,100.231,4.100,-4.988
57.8609,0.0092,0.0110,0.000,100.241,4.100,-4.984
57.8677,0.0068,0.0081,0.000,100.249,4.100,-4.981
57.8761,0.0084,0.0101,0.000,100.258,4.100,-4.978
57.8864,0.0103,0.0125,0.000,100.270,4.100,-4.973
57.8942,0.0078,0.0093,0.000,100.279,4.100,-4.970
57.9037,0.0095,0.0114,0.000,100.289,4.100,-4.966
57.9112,0.0075,0.0089,0.000,100.298,4.100,-4.963
57.9207,0.0095,0.0114,0.000,100.308,4.100,-4.959
57.9292,0.0085,0.0102,0.000,100.318,4.100,-4.956
57.9363,0.0071,0.0084,0.000,100.326,4.100,-4.953
57.9456,0.0092,0.0111,0.000,100.336,4.100,-4.949
57.9545,0.0090,0.0107,0.000,100.346,4.100,-4.945
57.9629,0.0084,0.0101,0.000,100.356,4.100,-4.942
57.9701,0.0072,0.0085,0.000,100.364,4.100,-4.939
57.9802,0.0101,0.0121,0.000,100.375,4.100,-4.935
57.9882,0.0080,0.0095,0.000,100.384,4.100,-4.932
57.9958,0.0076,0.0090,0.000,100.393,4.100,-4.928
58.0070,0.0112,0.0136,0.000,100.405,4.100,-4.924
58.0154,0.0084,0.0100,0.000,100.415,4.100,-4.921
58.0325,0.0171,0.0211,0.000,100.435,4.100,-4.914
58.0493,0.0168,0.0206,0.000,100.454,4.100,-4.907
58.0689,0.0196,0.0242,0.000,100.477,4.100,-4.900
58.0819,0.0129,0.0155,0.000,100.492,4.100,-4.895
58.0948,0.0130,0.0155,0.000,100.507,4.100,-4.889
58.1070,0.0122,0.0146,0.000,100.520,4.100,-4.884
58.1174,0.0103,0.0123,0.000,100.532,4.100,-4.880
58.1301,0.0127,0.0152,0.000,100.546,4.100,-4.875
58.1419,0.0119,0.0142,0.000,100.559,4.100,-4.871
58.1508,0.0089,0.0105,0.000,100.569,4.100,-4.867
58.1640,0.0132,0.0158,0.000,100.584,4.100,-4.862
58.1733,0.0093,0.0110,0.000,100.595,4.100,-4.858
58.1856,0.0123,0.0146,0.000,100.609,4.100,-4.853
58.1959,0.0104,0.0123,0.000,100.620,4.100,-4.849
58.2090,0.0131,0.0157,0.000,100.635,4.100,-4.844
58.2182,0.0092,0.0108,0.000,100.645,4.100,-4.841
58.2320,0.0138,0.0165,0.000,100.661,4.100,-4.835
58.2445,0.0125,0.0150,0.000,100.675,4.100,-4.831
58.2535,0.0089,0.0105,0.000,100.685,4.100,-4.827
58.2655,0.0120,0.0143,0.000,100.698,4.100,-4.822
58.2745,0.0091,0.0107,0.000,100.708,4.100,-4.819
58.2845,0.0100,0.0118,0.000,100.720,4.100,-4.815
58.2944,0.0098,0.0116,0.000,100.731,4.100,-4.811
58.3057,0.0113,0.0134,0.000,100.743,4.100,-4.807
58.3148,0.0092,0.0108,0.000,100.754,4.100,-4.803
58.3268,0.0120,0.0143,0.000,100.767,4.100,-4.799
58.3352,0.0084,0.0099,0.000,100.776,4.100,-4.795
58.3460,0.0108,0.0129,0.000,100.789,4.100,-4.791
58.3555,0.0095,0.0113,0.000,100.799,4.100,-4.787
58.3662,0.0107,0.0128,0.000,100.811,4.100,-4.783
58.3765,0.0103,0.0123,0.000,100.823,4.100,-4.779
58.3889,0.0124,0.0150,0.000,100.837,4.100,-4.775
58.3975,0.0086,0.0102,0.000,100.847,4.100,-4.771
58.4087,0.0112,0.0135,0.000,100.860,4.100,-4.767
58.4181,0.0094,0.0112,0.000,100.870,4.100,-4.763
58.4289,0.0108,0.0129,0.000,100.882,4.100,-4.759
58.4374,0.0085,0.0100,0.000,100.892,4.100,-4.756
58.4492,0.0118,0.0142,0.000,100.905,4.100,-4.751
58.4586,0.0094,0.0112,0.000,100.916,4.100,-4.748
58.4695,0.0109,0.0130,0.000,100.928,4.100,-4.744
58.4790,0.0095,0.0113,0.000,100.939,4.100,-4.740
58.4905,0.0115,0.0138,0.000,100.952,4.100,-4.735
58.5027,0.0122,0.0147,0.000,100.966,4.100,-4.730
58.5122,0.0095,0.0113,0.000,100.976,4.100,-4.727
58.5227,0.0105,0.0125,0.000,100.988,4.100,-4.723
58.5312,0.0085,0.0101,0.000,100.998,4.100,-4.719
58.5427,0.0116,0.0139,0.000,101.011,4.100,-4.714
58.5510,0.0083,0.0099,0.000,101.020,4.100,-4.711
58.5624,0.0113,0.0137,0.000,101.033,4.100,-4.706
58.5714,0.0090,0.0107,0.000,101.043,4.100,-4.703
58.5824,0.0110,0.0133,0.000,101.056,4.100,-4.698
58.5909,0.0085,0.0102,0.000,101.065,4.100,-4.695
58.6030,0.0120,0.0146,0.000,101.079,4.100,-4.690
58.6116,0.0087,0.0103,0.000,101.089,4.100,-4.686
58.6213,0.0097,0.0116,0.000,101.099,4.100,-4.682
58.6302,0.0089,0.0107,0.000,101.109,4.100,-4.678
58.6412,0.0110,0.0132,0.000,101.122,4.100,-4.674
58.6497,0.0085,0.0101,0.000,101.131,4.100,-4.670
58.6582,0.0085,0.0101,0.000,101.141,4.100,-4.667
58.6696,0.0114,0.0137,0.000,101.154,4.100,-4.662
58.6780,0.0085,0.0100,0.000,101.163,4.100,-4.659
58.6892,0.0112,0.0133,0.000,101.175,4.100,-4.654
58.6969,0.0077,0.0090,0.000,101.184,4.100,-4.651
58.7069,0.0100,0.0117,0.000,101.195,4.100,-4.647
58.7157,0.0088,0.0103,0.000,101.205,4.100,-4.643
58.7263,0.0106,0.0125,0.000,101.216,4.100,-4.639
58.7352,0.0089,0.0104,0.000,101.226,4.100,-4.635
58.7460,0.0108,0.0128,0.000,101.238,4.100,-4.631
58.7542,0.0082,0.0095,0.000,101.247,4.100,-4.627
58.7645,0.0103,0.0121,0.000,101.258,4.100,-4.623
58.7732,0.0087,0.0102,0.000,101.268,4.100,-4.620
58.7857,0.0125,13.9268,161.836,91.878,2.358,5.517
58.7955,0.0097,0.0038,0.000,91.875,2.358,5.515
58.8098,0.0143,0.0073,0.000,91.870,2.357,5.510
58.8182,0.0084,0.0046,0.000,91.867,2.357,5.507
58.8284,0.0102,0.0061,0.000,91.863,2.356,5.502
58.8372,0.0088,0.0055,0.000,91.859,2.356,5.498
58.8474,0.0102,0.0067,0.000,91.855,2.355,5.492
58.8551,0.0077,0.0051,0.000,91.853,2.354,5.488
58.8644,0.0093,0.0064,0.000,91.850,2.353,5.483
58.8715,0.0071,0.0049,0.000,91.848,2.352,5.478
58.8825,0.0110,0.0078,0.000,91.845,2.350,5.471
58.8907,0.0081,0.0057,0.000,91.843,2.349,5.466
58.8997,0.0091,0.0065,0.000,91.842,2.347,5.460
58.9065,0.0067,0.0048,0.000,91.841,2.345,5.455
58.9150,0.0086,0.0063,0.000,91.840,2.344,5.449
58.9249,0.0099,0.0074,0.000,91.839,2.342,5.442
58.9331,0.0081,0.0061,0.000,91.839,2.340,5.436
58.9423,0.0092,0.0070,0.000,91.839,2.338,5.430
58.9500,0.0078,0.0059,0.000,91.839,2.336,5.424
58.9610,0.0110,0.0086,0.000,91.839,2.334,5.416
58.9693,0.0082,0.0064,0.000,91.840,2.332,5.410
58.9760,0.0067,0.0053,0.000,91.841,2.331,5.405
58.9851,0.0091,0.0072,0.000,91.842,2.329,5.398
58.9930,0.0079,0.0063,0.000,91.843,2.327,5.392
59.0014,0.0084,0.0067,0.000,91.845,2.326,5.385
59.0085,0.0070,0.0056,0.000,91.846,2.324,5.380
59.0171,0.0087,0.0070,0.000,91.848,2.323,5.374
59.0268,0.0097,0.0079,0.000,91.851,2.321,5.366
59.0339,0.0071,0.0057,0.000,91.852,2.320,5.361
59.0428,0.0089,0.0073,0.000,91.855,2.319,5.354
59.0502,0.0074,0.0060,0.000,91.857,2.318,5.349
59.0592,0.0090,0.0075,0.000,91.860,2.317,5.342
59.0667,0.0075,0.0062,0.000,91.863,2.316,5.336
59.0736,0.0069,0.0057,0.000,91.866,2.316,5.331
59.0834,0.0098,0.0083,0.000,91.870,2.315,5.324
59.0914,0.0080,0.0068,0.000,91.873,2.314,5.318
59.1005,0.0090,0.0077,0.000,91.877,2.314,5.312
59.1083,0.0078,0.0067,0.000,91.880,2.313,5.306
59.1159,0.0076,0.0066,0.000,91.884,2.313,5.300
59.1254,0.0095,0.0083,0.000,91.888,2.312,5.293
59.1327,0.0072,0.0063,0.000,91.892,2.312,5.288
59.1418,0.0091,0.0081,0.000,91.897,2.312,5.282
59.1492,0.0074,0.0066,0.000,91.900,2.312,5.276
59.1560,0.0068,0.0060,0.000,91.904,2.312,5.271
59.1651,0.0091,0.0082,0.000,91.909,2.312,5.265
59.1730,0.0079,0.0071,0.000,91.913,2.312,5.259
59.1817,0.0087,0.0079,0.000,91.918,2.312,5.253
59.1892,0.0075,0.0068,0.000,91.923,2.312,5.248
59.1955,0.0064,0.0057,0.000,91.926,2.312,5.244
59.2054,0.0099,0.0091,0.000,91.932,2.313,5.237
59.2146,0.0092,0.0085,0.000,91.938,2.313,5.230
59.2248,0.0102,0.0094,0.000,91.944,2.314,5.223
59.2328,0.0080,0.0073,0.000,91.949,2.314,5.218
59.2427,0.0099,0.0091,0.000,91.955,2.315,5.211
59.2508,0.0082,0.0075,0.000,91.960,2.316,5.206
59.2594,0.0085,0.0078,0.000,91.965,2.316,5.200
59.2667,0.0073,0.0067,0.000,91.970,2.317,5.195
59.2741,0.0074,0.0068,0.000,91.975,2.317,5.190
59.2834,0.0093,0.0086,0.000,91.981,2.318,5.184
59.2912,0.0078,0.0072,0.000,91.986,2.319,5.179
59.3000,0.0087,0.0081,0.000,91.992,2.320,5.173
59.3078,0.0078,0.0072,0.000,91.997,2.320,5.168
59.3169,0.0091,0.0084,0.000,92.003,2.321,5.163
59.3267,0.0098,0.0090,0.000,92.009,2.322,5.156
59.3348,0.0082,0.0074,0.000,92.014,2.323,5.151
59.3483,0.0135,0.0125,0.000,92.023,2.324,5.143
59.3583,0.0100,0.0091,0.000,92.030,2.325,5.137
59.3685,0.0102,0.0092,0.000,92.037,2.326,5.130
59.3785,0.0099,0.0090,0.000,92.043,2.327,5.124
59.3887,0.0103,0.0092,0.000,92.050,2.328,5.118
59.3974,0.0087,0.0077,0.000,92.056,2.329,5.113
59.4084,0.0110,0.0098,0.000,92.063,2.329,5.106
59.4183,0.0099,0.0087,0.000,92.069,2.330,5.100
59.4289,0.0106,0.0092,0.000,92.076,2.331,5.094
59.4394,0.0105,0.0090,0.000,92.083,2.332,5.088
59.4509,0.0115,0.0098,0.000,92.090,2.332,5.082
59.4610,0.0100,0.0083,0.000,92.096,2.333,5.076
59.4684,0.0075,0.0060,0.000,92.100,2.333,5.072
59.4752,0.0068,0.0054,0.000,92.104,2.334,5.069
59.4844,0.0092,0.0073,0.000,92.110,2.334,5.064
59.4913,0.0069,0.0054,0.000,92.114,2.335,5.060
59.5001,0.0089,0.0068,0.000,92.119,2.335,5.055
59.5072,0.0070,0.0053,0.000,92.123,2.336,5.052
59.5163,0.0092,0.0069,0.000,92.128,2.336,5.047
59.5272,0.0108,0.0080,0.000,92.134,2.337,5.042
59.5359,0.0087,0.0062,0.000,92.138,2.337,5.037
59.5464,0.0105,0.0074,0.000,92.143,2.338,5.032
59.5545,0.0081,0.0055,0.000,92.147,2.338,5.029
59.5634,0.0089,0.0060,0.000,92.152,2.339,5.024
59.5721,0.0087,0.0057,0.000,92.156,2.339,5.020
59.5821,0.0099,0.0064,0.000,92.160,2.339,5.016
59.5892,0.0072,0.0045,0.000,92.164,2.340,5.013
59.5961,0.0068,0.0042,0.000,92.167,2.340,5.010
59.6051,0.0090,0.0054,0.000,92.170,2.340,5.006
59.6122,0.0071,0.0042,0.000,92.173,2.341,5.003
59.6214,0.0092,0.0053,0.000,92.177,2.341,4.999
59.6285,0.0072,0.0040,0.000,92.180,2.341,4.997
59.6352,0.0067,0.0037,0.000,92.182,2.342,4.994
59.6448,0.0096,0.0052,0.000,92.186,2.342,4.990
59.6515,0.0067,0.0035,0.000,92.188,2.342,4.988
59.6601,0.0086,0.0044,0.000,92.191,2.343,4.984
59.6680,0.0078,0.0039,0.000,92.194,2.343,4.982
59.6742,0.0063,0.0031,0.000,92.196,2.343,4.979
59.6828,0.0086,0.0041,0.000,92.199,2.344,4.976
59.6917,0.0089,0.0041,0.000,92.202,2.344,4.973
59.7014,0.0097,0.0044,0.000,92.204,2.344,4.970
59.7084,0.0071,0.0031,0.000,92.206,2.345,4.967
59.7161,0.0077,0.0033,0.000,92.208,2.345,4.965
59.7248,0.0087,0.0036,0.000,92.211,2.345,4.962
59.7328,0.0080,0.0032,0.000,92.213,2.345,4.960
59.7426,0.0098,0.0039,0.000,92.215,2.346,4.957
59.7503,0.0077,0.0030,0.000,92.217,2.346,4.954
59.7591,0.0088,0.0033,0.000,92.219,2.346,4.952
59.7666,0.0075,0.0027,0.000,92.220,2.347,4.949
59.7750,0.0084,0.0030,0.000,92.222,2.347,4.947
59.7852,0.0102,0.0035,0.000,92.224,2.347,4.944
59.7933,0.0081,0.0027,0.000,92.225,2.348,4.942
59.8020,0.0087,0.0028,0.000,92.227,2.348,4.939
59.8094,0.0074,0.0023,0.000,92.228,2.348,4.937
59.8176,0.0083,0.0025,0.000,92.229,2.349,4.935
59.8266,0.0090,0.0027,0.000,92.230,2.349,4.933
59.8343,0.0077,0.0022,0.000,92.231,2.349,4.931
59.8441,0.0098,0.0028,0.000,92.232,2.349,4.928
59.8527,0.0086,0.0023,0.000,92.233,2.350,4.926
59.8622,0.0095,0.0025,0.000,92.234,2.350,4.924
59.8702,0.0080,0.0020,0.000,92.235,2.350,4.922
59.8792,0.0091,0.0023,0.000,92.235,2.350,4.920
59.8864,0.0071,0.0017,0.000,92.236,2.351,4.918
59.8947,0.0083,0.0020,0.000,92.236,2.351,4.916
59.9037,0.0090,0.0021,0.000,92.237,2.351,4.914
59.9112,0.0075,0.0017,0.000,92.237,2.351,4.913
59.9219,0.0107,0.0024,0.000,92.238,2.352,4.910
59.9295,0.0075,0.0016,0.000,92.238,2.352,4.909
59.9362,0.0067,0.0014,0.000,92.238,2.352,4.907
59.9464,0.0102,0.0021,0.000,92.238,2.352,4.905
59.9534,0.0070,0.0014,0.000,92.239,2.352,4.904
59.9615,0.0082,0.0017,0.000,92.239,2.353,4.902
59.9698,0.0083,0.0016,0.000,92.239,2.353,4.900
59.9767,0.0069,0.0014,0.000,92.239,2.353,4.899
59.9865,0.0098,0.0019,0.000,92.239,2.353,4.897
59.9946,0.0081,0.0015,0.000,92.239,2.353,4.896
60.0027,0.0081,0.0015,0.000,92.238,2.354,4.894
60.0101,0.0074,0.0014,0.000,92.238,2.354,4.893
60.0210,0.0108,0.0020,0.000,92.238,2.354,4.891
60.0284,0.0074,0.0013,0.000,92.238,2.354,4.890
60.0352,0.0068,0.0012,0.000,92.238,2.354,4.888
60.0449,0.0097,0.0017,0.000,92.237,2.354,4.887
60.0524,0.0074,0.0013,0.000,92.237,2.355,4.885
60.0607,0.0084,0.0015,0.000,92.237,2.355,4.884
60.0689,0.0082,0.0014,0.000,92.236,2.355,4.883
60.0754,0.0065,0.0011,0.000,92.236,2.355,4.882
60.0847,0.0094,0.0016,0.000,92.235,2.355,4.880
60.0924,0.0077,0.0013,0.000,92.235,2.355,4.879
60.1014,0.0089,0.0015,0.000,92.234,2.355,4.877
60.1098,0.0084,0.0014,0.000,92.234,2.356,4.876
60.1173,0.0075,0.0012,0.000,92.233,2.356,4.875
60.1270,0.0097,0.0016,0.000,92.233,2.356,4.874
60.1341,0.0070,0.0012,0.000,92.232,2.356,4.873
60.1432,0.0092,0.0015,0.000,92.231,2.356,4.871
60.1518,0.0086,0.0014,0.000,92.231,2.356,4.870
60.1618,0.0100,0.0016,0.000,92.230,2.356,4.869
60.1695,0.0077,0.0012,0.000,92.229,2.356,4.867
60.1770,0.0075,0.0012,0.000,92.229,2.356,4.866
60.1865,0.0095,0.0015,0.000,92.228,2.356,4.865
60.1949,0.0085,0.0014,0.000,92.227,2.356,4.864
60.2037,0.0088,0.0014,0.000,92.226,2.357,4.863
60.2104,0.0067,0.0011,0.000,92.226,2.357,4.862
60.2201,0.0097,0.0016,0.000,92.225,2.357,4.861
60.2276,0.0075,0.0012,0.000,92.224,2.357,4.860
60.2349,0.0073,0.0011,0.000,92.224,2.357,4.859
60.2445,0.0096,0.0015,0.000,92.223,2.357,4.858
60.2524,0.0079,0.0012,0.000,92.222,2.357,4.857
60.2624,0.0100,0.0016,0.000,92.221,2.357,4.855
60.2712,0.0088,0.0014,0.000,92.220,2.357,4.854
60.2807,0.0095,0.0015,0.000,92.219,2.357,4.853
60.2876,0.0069,0.0011,0.000,92.218,2.357,4.852
60.2947,0.0071,0.0011,0.000,92.218,2.357,4.852
60.3036,0.0089,0.0014,0.000,92.217,2.357,4.851
60.3108,0.0072,0.0011,0.000,92.216,2.357,4.850
60.3217,0.0110,0.0017,0.000,92.215,2.357,4.849
60.3301,0.0083,0.0012,0.000,92.214,2.357,4.848
60.3391,0.0090,0.0013,0.000,92.213,2.357,4.847
60.3463,0.0072,0.0011,0.000,92.212,2.358,4.846
60.3534,0.0071,0.0010,0.000,92.212,2.358,4.845
60.3626,0.0092,0.0014,0.000,92.211,2.358,4.844
60.3698,0.0072,0.0010,0.000,92.210,2.358,4.844
60.3787,0.0089,0.0013,0.000,92.209,2.358,4.843
60.3851,0.0064,0.0009,0.000,92.208,2.358,4.842
60.3936,0.0086,0.0012,0.000,92.207,2.358,4.841
60.4032,0.0096,0.0014,0.000,92.206,2.358,4.840
60.4111,0.0079,0.0011,0.000,92.205,2.358,4.840
60.4215,0.0104,0.0014,0.000,92.204,2.358,4.839
60.4291,0.0076,0.0010,0.000,92.203,2.358,4.838
60.4355,0.0064,0.0009,0.000,92.203,2.358,4.838
60.4449,0.0094,0.0013,0.000,92.202,2.358,4.837
60.4522,0.0073,0.0010,0.000,92.201,2.358,4.836
60.4613,0.0091,0.0012,0.000,92.200,2.358,4.835
60.4695,0.0082,0.0011,0.000,92.199,2.358,4.835
60.4757,0.0062,0.0008,0.000,92.199,2.358,4.834
60.4846,0.0088,0.0011,0.000,92.198,2.358,4.834
60.4914,0.0069,0.0009,0.000,92.197,2.358,4.833
60.5003,0.0089,0.0011,0.000,92.196,2.358,4.833
60.5080,0.0077,0.0010,0.000,92.195,2.358,4.832
60.5153,0.0073,0.0009,0.000,92.195,2.358,4.831
60.5247,0.0094,0.0012,0.000,92.194,2.358,4.831
60.5316,0.0069,0.0008,0.000,92.193,2.358,4.830
60.5407,0.0091,0.0011,0.000,92.192,2.358,4.830
60.5474,0.0067,0.0008,0.000,92.191,2.359,4.829
60.5546,0.0072,0.0008,0.000,92.191,2.359,4.829
60.5641,0.0095,0.0011,0.000,92.190,2.359,4.828
60.5710,0.0070,0.0008,0.000,92.189,2.359,4.828
60.5806,0.0096,0.0011,0.000,92.188,2.359,4.827
60.5884,0.0078,0.0009,0.000,92.187,2.359,4.827
60.5950,0.0065,0.0007,0.000,92.187,2.359,4.826
60.6037,0.0087,0.0010,0.000,92.186,2.359,4.826
60.6109,0.0072,0.0008,0.000,92.185,2.359,4.825
60.6207,0.0098,0.0011,0.000,92.184,2.359,4.825
60.6276,0.0070,0.0008,0.000,92.184,2.359,4.824
60.6359,0.0082,0.0009,0.000,92.183,2.359,4.824
60.6455,0.0096,0.0010,0.000,92.182,2.359,4.823
60.6522,0.0067,0.0007,0.000,92.181,2.359,4.823
60.6612,0.0091,0.0009,0.000,92.181,2.359,4.823
60.6688,0.0076,0.0008,0.000,92.180,2.359,4.822
60.6754,0.0066,0.0007,0.000,92.179,2.359,4.822
60.6850,0.0096,0.0010,0.000,92.179,2.359,4.821
60.6920,0.0070,0.0007,0.000,92.178,2.359,4.821
60.7008,0.0088,0.0009,0.000,92.177,2.359,4.821
60.7082,0.0073,0.0007,0.000,92.176,2.359,4.820
60.7145,0.0063,0.0006,0.000,92.176,2.359,4.820
60.7229,0.0084,0.0008,0.000,92.175,2.359,4.820
60.7312,0.0083,0.0008,0.000,92.174,2.359,4.819
60.7415,0.0102,0.0010,0.000,92.174,2.360,4.819
60.7490,0.0076,0.0007,0.000,92.173,2.360,4.819
60.7564,0.0074,0.0007,0.000,92.172,2.360,4.818
60.7656,0.0092,0.0008,0.000,92.172,2.360,4.818
60.7728,0.0072,0.0006,0.000,92.171,2.360,4.818
60.7815,0.0088,0.0008,0.000,92.170,2.360,4.817
60.7892,0.0076,0.0007,0.000,92.170,2.360,4.817
60.7957,0.0065,0.0006,0.000,92.169,2.360,4.817
60.8060,0.0103,0.0009,0.000,92.168,2.360,4.817
60.8136,0.0076,0.0006,0.000,92.168,2.360,4.816
60.8219,0.0082,0.0007,0.000,92.167,2.360,4.816
60.8297,0.0078,0.0006,0.000,92.167,2.360,4.816
60.8368,0.0071,0.0006,0.000,92.166,2.360,4.815
60.8453,0.0085,0.0007,0.000,92.166,2.360,4.815
60.8530,0.0077,0.0006,0.000,92.165,2.360,4.815
60.8604,0.0074,0.0006,0.000,92.164,2.360,4.814
60.8675,0.0071,0.0006,0.000,92.164,2.360,4.814
60.8750,0.0075,0.0006,0.000,92.163,2.360,4.814
60.8841,0.0091,0.0007,0.000,92.163,2.360,4.814
60.8902,0.0061,0.0005,0.000,92.162,2.360,4.813
60.8996,0.0094,0.0007,0.000,92.162,2.360,4.813
60.9060,0.0064,0.0005,0.000,92.161,2.360,4.813
60.9133,0.0073,0.0005,0.000,92.161,2.360,4.813
60.9228,0.0096,0.0007,0.000,92.160,2.360,4.812
60.9298,0.0069,0.0005,0.000,92.160,2.360,4.812
60.9364,0.0067,0.0005,0.000,92.159,2.360,4.812
60.9462,0.0098,0.0007,0.000,92.159,2.360,4.812
60.9539,0.0077,0.0005,0.000,92.158,2.360,4.811
60.9623,0.0084,0.0006,0.000,92.158,2.360,4.811
60.9696,0.0072,0.0005,0.000,92.157,2.360,4.811
60.9756,0.0060,0.0004,0.000,92.157,2.360,4.811
60.9842,0.0086,0.0006,0.000,92.156,2.361,4.810
60.9910,0.0069,0.0005,0.000,92.156,2.361,4.810
60.9993,0.0082,0.0005,0.000,92.156,2.361,4.810
61.0068,0.0075,0.0005,0.000,92.155,2.361,4.810
61.0147,0.0079,0.0005,0.000,92.155,2.361,4.809
61.0232,0.0086,0.0005,0.000,92.154,2.361,4.809
61.0310,0.0078,0.0005,0.000,92.154,2.361,4.809
61.0409,0.0098,0.0006,0.000,92.153,2.361,4.809
61.0475,0.0067,0.0004,0.000,92.153,2.361,4.809
61.0537,0.0062,0.0004,0.000,92.153,2.361,4.808
61.0625,0.0088,0.0005,0.000,92.152,2.361,4.808
61.0696,0.0070,0.0004,0.000,92.152,2.361,4.808
61.0768,0.0072,0.0004,0.000,92.151,2.361,4.808
61.0862,0.0094,0.0005,0.000,92.151,2.361,4.808
61.0931,0.0069,0.0004,0.000,92.151,2.361,4.807
61.1010,0.0079,0.0004,0.000,92.150,2.361,4.807
61.1091,0.0081,0.0005,0.000,92.150,2.361,4.807
61.1166,0.0075,0.0004,0.000,92.149,2.361,4.807
61.1257,0.0091,0.0005,0.000,92.149,2.361,4.807
61.1333,0.0076,0.0004,0.000,92.149,2.361,4.806
61.1417,0.0083,0.0004,0.000,92.148,2.361,4.806
61.1493,0.0076,0.0004,0.000,92.148,2.361,4.806
61.1564,0.0071,0.0004,0.000,92.148,2.361,4.806
61.1657,0.0093,0.0005,0.000,92.147,2.361,4.806
61.1733,0.0076,0.0004,0.000,92.147,2.361,4.805
61.1835,0.0102,0.0005,0.000,92.146,2.361,4.805
61.1905,0.0070,0.0003,0.000,92.146,2.361,4.805
61.1991,0.0086,0.0004,0.000,92.146,2.361,4.805
61.2062,0.0071,0.0004,0.000,92.145,2.361,4.805
61.2137,0.0075,0.0004,0.000,92.145,2.361,4.804
61.2218,0.0081,0.0004,0.000,92.145,2.361,4.804
61.2292,0.0074,0.0004,0.000,92.144,2.361,4.804
61.2354,0.0062,0.0003,0.000,92.144,2.361,4.804
61.2446,0.0093,0.0004,0.000,92.144,2.361,4.804
61.2515,0.0068,0.0003,0.000,92.143,2.361,4.803
61.2594,0.0079,0.0004,0.000,92.143,2.361,4.803
61.2665,0.0071,0.0003,0.000,92.143,2.361,4.803
61.2747,0.0082,0.0004,0.000,92.143,2.361,4.803
61.2896,0.0149,128.3605,60.378,-13.805,2.200,77.270
61.3003,0.0108,0.0000,0.000,-13.805,2.200,77.270
61.3117,0.0114,0.0000,0.000,-13.805,2.200,77.270
61.3203,0.0086,0.0000,0.000,-13.805,2.200,77.270
61.3277,0.0074,0.0000,0.000,-13.805,2.200,77.270
61.3354,0.0077,0.0000,0.000,-13.805,2.200,77.270
61.3445,0.0091,0.0000,0.000,-13.805,2.200,77.270
61.3516,0.0071,0.0000,0.000,-13.805,2.200,77.270
61.3620,0.0104,0.0000,0.000,-13.805,2.200,77.270
61.3703,0.0083,0.0000,0.000,-13.805,2.200,77.270
61.3803,0.0100,0.0000,0.000,-13.805,2.200,77.270
61.3881,0.0078,0.0000,0.000,-13.805,2.200,77.270
61.3947,0.0067,0.0000,0.000,-13.805,2.200,77.270
61.4036,0.0089,0.0000,0.000,-13.805,2.200,77.270
61.4127,0.0091,0.0000,0.000,-13.805,2.200,77.270
61.4244,0.0117,0.0000,0.000,-13.805,2.200,77.270
61.4320,0.0076,0.0000,0.000,-13.805,2.200,77.270
61.4421,0.0101,0.0000,0.000,-13.805,2.200,77.270
61.4504,0.0083,0.0000,0.000,-13.805,2.200,77.270
61.4602,0.0099,0.0000,0.000,-13.805,2.200,77.270
61.4700,0.0098,0.0000,0.000,-13.805,2.200,77.270
61.4820,0.0120,0.0000,0.000,-13.805,2.200,77.270
61.4915,0.0095,0.0000,0.000,-13.805,2.200,77.270
61.5030,0.0115,0.0000,0.000,-13.805,2.200,77.270
61.5119,0.0089,0.0000,0.000,-13.805,2.200,77.270
61.5224,0.0106,0.0000,0.000,-13.805,2.200,77.270
61.5323,0.0098,0.0000,0.000,-13.805,2.200,77.270
61.5425,0.0103,0.0000,0.000,-13.805,2.200,77.270
61.5539,0.0114,0.0000,0.000,-13.805,2.200,77.270
61.5655,0.0116,0.0000,0.000,-13.805,2.200,77.270
61.5736,0.0080,0.0000,0.000,-13.805,2.200,77.270
61.5819,0.0083,0.0000,0.000,-13.805,2.200,77.270
61.5917,0.0098,0.0000,0.000,-13.805,2.200,77.270
61.6280,0.0364,0.0000,0.000,-13.805,2.200,77.270
61.6433,0.0153,0.0000,0.000,-13.805,2.200,77.270
61.6567,0.0134,0.0000,0.000,-13.805,2.200,77.270
61.6661,0.0094,0.0000,0.000,-13.805,2.200,77.270
61.6731,0.0071,0.0000,0.000,-13.805,2.200,77.270
61.6830,0.0099,0.0000,0.000,-13.805,2.200,77.270
61.6909,0.0078,0.0000,0.000,-13.805,2.200,77.270
61.6997,0.0089,0.0000,0.000,-13.805,2.200,77.270
61.7074,0.0076,0.0000,0.000,-13.805,2.200,77.270
61.7149,0.0075,0.0000,0.000,-13.805,2.200,77.270
61.7256,0.0107,0.0000,0.000,-13.805,2.200,77.270
61.7343,0.0087,0.0000,0.000,-13.805,2.200,77.270
61.7430,0.0087,0.0000,0.000,-13.805,2.200,77.270
61.7516,0.0086,0.0000,0.000,-13.805,2.200,77.270
61.7616,0.0099,0.0000,0.000,-13.805,2.200,77.270
61.7687,0.0071,0.0000,0.000,-13.805,2.200,77.270
61.7759,0.0072,0.0000,0.000,-13.805,2.200,77.270
61.7869,0.0110,0.0000,0.000,-13.805,2.200,77.270
61.7951,0.0082,0.0000,0.000,-13.805,2.200,77.270
61.8036,0.0085,0.0000,0.000,-13.805,2.200,77.270
61.8119,0.0082,0.0000,0.000,-13.805,2.200,77.270
61.8217,0.0099,0.0000,0.000,-13.805,2.200,77.270
61.8291,0.0073,0.0000,0.000,-13.805,2.200,77.270
61.8370,0.0079,0.0000,0.000,-13.805,2.200,77.270
61.8472,0.0102,0.0000,0.000,-13.805,2.200,77.270
61.8551,0.0079,0.0000,0.000,-13.805,2.200,77.270
61.8649,0.0098,0.0000,0.000,-13.805,2.200,77.270
61.8720,0.0071,0.0000,0.000,-13.805,2.200,77.270
61.8804,0.0084,0.0000,0.000,-13.805,2.200,77.270
61.8900,0.0096,0.0000,0.000,-13.805,2.200,77.270
61.8994,0.0094,0.0000,0.000,-13.805,2.200,77.270
61.9060,0.0066,0.0000,0.000,-13.805,2.200,77.270
61.9139,0.0079,0.0000,0.000,-13.805,2.200,77.270
61.9230,0.0090,0.0000,0.000,-13.805,2.200,77.270
61.9303,0.0074,0.0000,0.000,-13.805,2.200,77.270
61.9397,0.0094,0.0000,0.000,-13.805,2.200,77.270
61.9464,0.0067,0.0000,0.000,-13.805,2.200,77.270
61.9537,0.0073,0.0000,0.000,-13.805,2.200,77.270
61.9631,0.0093,0.0000,0.000,-13.805,2.200,77.270
61.9702,0.0071,0.0000,0.000,-13.805,2.200,77.270
61.9792,0.0090,0.0000,0.000,-13.805,2.200,77.270
61.9873,0.0081,0.0000,0.000,-13.805,2.200,77.270
61.9947,0.0073,0.0000,0.000,-13.805,2.200,77.270
62.0029,0.0082,0.0000,0.000,-13.805,2.200,77.270
62.0112,0.0083,0.0000,0.000,-13.805,2.200,77.270
62.0206,0.0094,0.0000,0.000,-13.805,2.200,77.270
62.0280,0.0075,0.0000,0.000,-13.805,2.200,77.270
62.0354,0.0074,0.0000,0.000,-13.805,2.200,77.270
62.0443,0.0089,0.0000,0.000,-13.805,2.200,77.270
62.0509,0.0066,0.0000,0.000,-13.805,2.200,77.270
62.0624,0.0116,0.0000,0.000,-13.805,2.200,77.270
62.0693,0.0068,0.0000,0.000,-13.805,2.200,77.270
62.0766,0.0073,0.0000,0.000,-13.805,2.200,77.270
62.0869,0.0103,0.0000,0.000,-13.805,2.200,77.270
62.0945,0.0076,0.0000,0.000,-13.805,2.200,77.270
62.1031,0.0086,0.0000,0.000,-13.805,2.200,77.270
62.1114,0.0084,0.0000,0.000,-13.805,2.200,77.270
62.1211,0.0097,0.0000,0.000,-13.805,2.200,77.270
62.1288,0.0077,0.0000,0.000,-13.805,2.200,77.270
62.1364,0.0077,0.0000,0.000,-13.805,2.200,77.270
62.1458,0.0094,0.0000,0.000,-13.805,2.200,77.270
62.1535,0.0077,0.0000,0.000,-13.805,2.200,77.270
62.1634,0.0099,0.0000,0.000,-13.805,2.200,77.270
62.1708,0.0073,0.0000,0.000,-13.805,2.200,77.270
62.1793,0.0086,0.0000,0.000,-13.805,2.200,77.270
62.1864,0.0071,0.0000,0.000,-13.805,2.200,77.270
62.1941,0.0077,0.0000,0.000,-13.805,2.200,77.270
62.2037,0.0095,0.0000,0.000,-13.805,2.200,77.270
62.2118,0.0081,0.0000,0.000,-13.805,2.200,77.270
62.2205,0.0087,0.0000,0.000,-13.805,2.200,77.270
62.2283,0.0078,0.0000,0.000,-13.805,2.200,77.270
62.2356,0.0073,0.0000,0.000,-13.805,2.200,77.270
62.2447,0.0091,0.0000,0.000,-13.805,2.200,77.270
62.2512,0.0065,0.0000,0.000,-13.805,2.200,77.270
62.2618,0.0106,0.0000,0.000,-13.805,2.200,77.270
62.2692,0.0074,0.0000,0.000,-13.805,2.200,77.270
62.2764,0.0071,0.0000,0.000,-13.805,2.200,77.270
62.2861,0.0097,0.0000,0.000,-13.805,2.200,77.270
62.2942,0.0081,0.0000,0.000,-13.805,2.200,77.270
62.3034,0.0092,0.0000,0.000,-13.805,2.200,77.270
62.3113,0.0080,0.0000,0.000,-13.805,2.200,77.270
62.3210,0.0097,0.0000,0.000,-13.805,2.200,77.270
62.3290,0.0079,0.0000,0.000,-13.805,2.200,77.270
62.3365,0.0075,0.0000,0.000,-13.805,2.200,77.270
62.3453,0.0088,0.0000,0.000,-13.805,2.200,77.270
62.3524,0.0071,0.0000,0.000,-13.805,2.200,77.270
62.3622,0.0099,0.0000,0.000,-13.805,2.200,77.270
62.3696,0.0073,0.0000,0.000,-13.805,2.200,77.270
62.3757,0.0062,0.0000,0.000,-13.805,2.200,77.270
62.3854,0.0097,0.0000,0.000,-13.805,2.200,77.270
62.3929,0.0074,0.0000,0.000,-13.805,2.200,77.270
62.4016,0.0088,0.0000,0.000,-13.805,2.200,77.270
62.4101,0.0085,0.0000,0.000,-13.805,2.200,77.270
62.4198,0.0097,0.0000,0.000,-13.805,2.200,77.270
62.4266,0.0068,0.0000,0.000,-13.805,2.200,77.270
62.4355,0.0089,0.0000,0.000,-13.805,2.200,77.270
62.4456,0.0101,0.0000,0.000,-13.805,2.200,77.270
62.4537,0.0081,0.0000,0.000,-13.805,2.200,77.270
62.4644,0.0107,0.0000,0.000,-13.805,2.200,77.270
62.4714,0.0071,0.0000,0.000,-13.805,2.200,77.270
62.4805,0.0091,0.0000,0.000,-13.805,2.200,77.270
62.4876,0.0070,0.0000,0.000,-13.805,2.200,77.270
62.4943,0.0067,0.0000,0.000,-13.805,2.200,77.270
62.5024,0.0081,0.0000,0.000,-13.805,2.200,77.270
62.5103,0.0079,0.0000,0.000,-13.805,2.200,77.270
62.5195,0.0092,0.0000,0.000,-13.805,2.200,77.270
62.5266,0.0071,0.0000,0.000,-13.805,2.200,77.270
62.5350,0.0084,0.0000,0.000,-13.805,2.200,77.270
62.5446,0.0096,0.0000,0.000,-13.805,2.200,77.270
62.5518,0.0072,0.0000,0.000,-13.805,2.200,77.270
62.5623,0.0105,0.0000,0.000,-13.805,2.200,77.270
62.5704,0.0081,0.0000,0.000,-13.805,2.200,77.270
62.5794,0.0090,0.0000,0.000,-13.805,2.200,77.270
62.5869,0.0074,0.0000,0.000,-13.805,2.200,77.270
62.5939,0.0071,0.0000,0.000,-13.805,2.200,77.270
62.6030,0.0091,0.0000,0.000,-13.805,2.200,77.270
62.6119,0.0088,0.0000,0.000,-13.805,2.200,77.270
62.6206,0.0087,0.0000,0.000,-13.805,2.200,77.270
62.6271,0.0066,0.0000,0.000,-13.805,2.200,77.270
62.6354,0.0083,0.0000,0.000,-13.805,2.200,77.270
62.6448,0.0093,0.0000,0.000,-13.805,2.200,77.270
62.6519,0.0071,0.0000,0.000,-13.805,2.200,77.270
62.6626,0.0107,0.0000,0.000,-13.805,2.200,77.270
62.6706,0.0080,0.0000,0.000,-13.805,2.200,77.270
62.6800,0.0093,0.0000,0.000,-13.805,2.200,77.270
62.6878,0.0078,0.0000,0.000,-13.805,2.200,77.270
62.6945,0.0068,0.0000,0.000,-13.805,2.200,77.270
62.7039,0.0093,0.0000,0.000,-13.805,2.200,77.270
62.7123,0.0085,0.0000,0.000,-13.805,2.200,77.270
62.7214,0.0091,0.0000,0.000,-13.805,2.200,77.270
62.7286,0.0072,0.0000,0.000,-13.805,2.200,77.270
62.7364,0.0078,0.0000,0.000,-13.805,2.200,77.270
62.7456,0.0092,0.0000,0.000,-13.805,2.200,77.270
62.7527,0.0071,0.0000,0.000,-13.805,2.200,77.270
62.7623,0.0096,0.0000,0.000,-13.805,2.200,77.270
62.7701,0.0078,0.0000,0.000,-13.805,2.200,77.270
62.7793,0.0092,0.0000,0.000,-13.805,2.200,77.270
62.7874,0.0081,0.0000,0.000,-13.805,2.200,77.270
62.7964,0.0090,0.0000,0.000,-13.805,2.200,77.270
62.8074,0.0110,0.0000,0.000,-13.805,2.200,77.270
62.8159,0.0084,0.0000,0.000,-13.805,2.200,77.270
62.8253,0.0094,0.0000,0.000,-13.805,2.200,77.270
62.8336,0.0084,0.0000,0.000,-13.805,2.200,77.270
62.8435,0.0098,0.0000,0.000,-13.805,2.200,77.270
62.8511,0.0076,0.0000,0.000,-13.805,2.200,77.270
62.8598,0.0087,0.0000,0.000,-13.805,2.200,77.270
62.8748,0.0149,0.0000,0.000,-13.805,2.200,77.270
62.8906,0.0158,0.0000,0.000,-13.805,2.200,77.270
62.9159,0.0252,0.0000,0.000,-13.805,2.200,77.270
62.9320,0.0161,0.0000,0.000,-13.805,2.200,77.270
62.9434,0.0114,0.0000,0.000,-13.805,2.200,77.270
62.9510,0.0077,0.0000,0.000,-13.805,2.200,77.270
62.9635,0.0125,0.0000,0.000,-13.805,2.200,77.270
62.9727,0.0091,0.0000,0.000,-13.805,2.200,77.270
62.9833,0.0106,0.0000,0.000,-13.805,2.200,77.270
62.9927,0.0094,0.0000,0.000,-13.805,2.200,77.270
63.0039,0.0112,0.0000,0.000,-13.805,2.200,77.270
63.0124,0.0085,0.0000,0.000,-13.805,2.200,77.270
63.0248,0.0124,0.0000,0.000,-13.805,2.200,77.270
63.0330,0.0081,0.0000,0.000,-13.805,2.200,77.270
63.0459,0.0130,0.0000,0.000,-13.805,2.200,77.270
63.0562,0.0103,0.0000,0.000,-13.805,2.200,77.270
63.0672,0.0109,0.0000,0.000,-13.805,2.200,77.270
63.0754,0.0082,0.0000,0.000,-13.805,2.200,77.270
63.0883,0.0129,0.0000,0.000,-13.805,2.200,77.270
63.0966,0.0083,0.0000,0.000,-13.805,2.200,77.270
63.1076,0.0110,0.0000,0.000,-13.805,2.200,77.270
63.1170,0.0095,0.0000,0.000,-13.805,2.200,77.270
63.1277,0.0107,0.0000,0.000,-13.805,2.200,77.270
63.1354,0.0077,0.0000,0.000,-13.805,2.200,77.270
63.1471,0.0117,0.0000,0.000,-13.805,2.200,77.270
63.1554,0.0083,0.0000,0.000,-13.805,2.200,77.270
63.1672,0.0118,0.0000,0.000,-13.805,2.200,77.270
63.1765,0.0094,0.0000,0.000,-13.805,2.200,77.270
63.1881,0.0116,0.0000,0.000,-13.805,2.200,77.270
63.1959,0.0077,0.0000,0.000,-13.805,2.200,77.270
63.2082,0.0124,0.0000,0.000,-13.805,2.200,77.270
63.2169,0.0087,0.0000,0.000,-13.805,2.200,77.270
63.2283,0.0113,0.0000,0.000,-13.805,2.200,77.270
63.2374,0.0091,0.0000,0.000,-13.805,2.200,77.270
63.2487,0.0113,0.0000,0.000,-13.805,2.200,77.270
63.2574,0.0087,0.0000,0.000,-13.805,2.200,77.270
63.2691,0.0117,0.0000,0.000,-13.805,2.200,77.270
63.2775,0.0084,0.0000,0.000,-13.805,2.200,77.270
63.2894,0.0119,0.0000,0.000,-13.805,2.200,77.270
63.2982,0.0087,0.0000,0.000,-13.805,2.200,77.270
63.3096,0.0115,0.0000,0.000,-13.805,2.200,77.270
63.3180,0.0084,0.0000,0.000,-13.805,2.200,77.270
63.3299,0.0119,0.0000,0.000,-13.805,2.200,77.270
63.3411,0.0112,0.0000,0.000,-13.805,2.200,77.270
63.3495,0.0084,0.0000,0.000,-13.805,2.200,77.270
63.3580,0.0085,0.0000,0.000,-13.805,2.200,77.270
63.3682,0.0102,0.0000,0.000,-13.805,2.200,77.270
63.3757,0.0075,0.0000,0.000,-13.805,2.200,77.270
63.3868,0.0111,0.0000,0.000,-13.805,2.200,77.270
63.3945,0.0076,0.0000,0.000,-13.805,2.200,77.270
63.4043,0.0098,0.0000,0.000,-13.805,2.200,77.270
63.4140,0.0097,0.0000,0.000,-13.805,2.200,77.270
63.4246,0.0106,0.0000,0.000,-13.805,2.200,77.270
63.4331,0.0085,0.0000,0.000,-13.805,2.200,77.270
63.4434,0.0103,0.0000,0.000,-13.805,2.200,77.270
63.4516,0.0082,0.0000,0.000,-13.805,2.200,77.270
63.4614,0.0098,0.0000,0.000,-13.805,2.200,77.270
63.4703,0.0089,0.0000,0.000,-13.805,2.200,77.270
63.4799,0.0096,0.0000,0.000,-13.805,2.200,77.270
63.4880,0.0081,0.0000,0.000,-13.805,2.200,77.270
63.4960,0.0080,0.0000,0.000,-13.805,2.200,77.270
63.5061,0.0101,0.0000,0.000,-13.805,2.200,77.270
63.5136,0.0075,0.0000,0.000,-13.805,2.200,77.270
63.5247,0.0111,0.0000,0.000,-13.805,2.200,77.270
63.5328,0.0080,0.0000,0.000,-13.805,2.200,77.270
63.5425,0.0097,0.0000,0.000,-13.805,2.200,77.270
63.5513,0.0089,0.0000,0.000,-13.805,2.200,77.270
63.5608,0.0095,0.0000,0.000,-13.805,2.200,77.270
63.5697,0.0089,0.0000,0.000,-13.805,2.200,77.270
63.5784,0.0087,0.0000,0.000,-13.805,2.200,77.270
63.5902,0.0118,0.0000,0.000,-13.805,2.200,77.270
63.6025,0.0123,0.0000,0.000,-13.805,2.200,77.270
63.6127,0.0102,0.0000,0.000,-13.805,2.200,77.270
63.6245,0.0118,0.0000,0.000,-13.805,2.200,77.270
63.6339,0.0093,0.0000,0.000,-13.805,2.200,77.270
63.6457,0.0118,0.0000,0.000,-13.805,2.200,77.270
63.6551,0.0094,0.0000,0.000,-13.805,2.200,77.270
63.6663,0.0113,0.0000,0.000,-13.805,2.200,77.270
63.6794,0.0131,0.0000,0.000,-13.805,2.200,77.270
63.6907,0.0113,0.0000,0.000,-13.805,2.200,77.270
63.7003,0.0096,0.0000,0.000,-13.805,2.200,77.270
63.7090,0.0087,0.0000,0.000,-13.805,2.200,77.270
63.7159,0.0069,0.0000,0.000,-13.805,2.200,77.270
63.7258,0.0099,0.0000,0.000,-13.805,2.200,77.270
63.7338,0.0080,0.0000,0.000,-13.805,2.200,77.270
63.7424,0.0086,0.0000,0.000,-13.805,2.200,77.270
63.7500,0.0075,0.0000,0.000,-13.805,2.200,77.270
63.7625,0.0125,0.0000,0.000,-13.805,2.200,77.270
63.7704,0.0079,0.0000,0.000,-13.805,2.200,77.270
63.7801,0.0097,0.0000,0.000,-13.805,2.200,77.270
63.7885,0.0085,0.0000,0.000,-13.805,2.200,77.270
63.7962,0.0076,0.0000,0.000,-13.805,2.200,77.270
63.8054,0.0092,0.0000,0.000,-13.805,2.200,77.270
63.8136,0.0082,0.0000,0.000,-13.805,2.200,77.270
63.8220,0.0084,0.0000,0.000,-13.805,2.200,77.270
63.8304,0.0084,0.0000,0.000,-13.805,2.200,77.270
63.8400,0.0096,0.0000,0.000,-13.805,2.200,77.270
63.8485,0.0084,0.0000,0.000,-13.805,2.200,77.270
63.8551,0.0066,0.0000,0.000,-13.805,2.200,77.270
63.8652,0.0102,0.0000,0.000,-13.805,2.200,77.270
63.8728,0.0075,0.0000,0.000,-13.805,2.200,77.270
63.8820,0.0093,0.0000,0.000,-13.805,2.200,77.270
63.8907,0.0087,0.0000,0.000,-13.805,2.200,77.270
63.9009,0.0102,0.0000,0.000,-13.805,2.200,77.270
63.9083,0.0074,0.0000,0.000,-13.805,2.200,77.270
63.9154,0.0071,0.0000,0.000,-13.805,2.200,77.270
63.9254,0.0101,0.0000,0.000,-13.805,2.200,77.270
63.9338,0.0084,0.0000,0.000,-13.805,2.200,77.270
63.9436,0.0098,0.0000,0.000,-13.805,2.200,77.270
63.9508,0.0071,0.0000,0.000,-13.805,2.200,77.270
63.9600,0.0092,0.0000,0.000,-13.805,2.200,77.270
63.9683,0.0084,0.0000,0.000,-13.805,2.200,77.270
63.9749,0.0065,0.0000,0.000,-13.805,2.200,77.270
63.9838,0.0089,0.0000,0.000,-13.805,2.200,77.270
63.9914,0.0076,0.0000,0.000,-13.805,2.200,77.270
64.0038,0.0124,0.0000,0.000,-13.805,2.200,77.270
64.0121,0.0083,0.0000,0.000,-13.805,2.200,77.270
64.0223,0.0102,0.0000,0.000,-13.805,2.200,77.270
64.0296,0.0073,0.0000,0.000,-13.805,2.200,77.270
64.0363,0.0068,0.0000,0.000,-13.805,2.200,77.270
64.0465,0.0102,0.0000,0.000,-13.805,2.200,77.270
64.0537,0.0072,0.0000,0.000,-13.805,2.200,77.270
64.0623,0.0085,0.0000,0.000,-13.805,2.200,77.270
64.0704,0.0082,0.0000,0.000,-13.805,2.200,77.270
64.0796,0.0092,0.0000,0.000,-13.805,2.200,77.270
64.0859,0.0062,0.0000,0.000,-13.805,2.200,77.270
64.0946,0.0087,0.0000,0.000,-13.805,2.200,77.270
64.1033,0.0087,0.0000,0.000,-13.805,2.200,77.270
64.1106,0.0073,0.0000,0.000,-13.805,2.200,77.270
64.1203,0.0097,0.0000,0.000,-13.805,2.200,77.270
64.1275,0.0072,0.0000,0.000,-13.805,2.200,77.270
64.1341,0.0066,0.0000,0.000,-13.805,2.200,77.270
64.1430,0.0089,0.0000,0.000,-13.805,2.200,77.270
64.1504,0.0074,0.0000,0.000,-13.805,2.200,77.270
64.1593,0.0089,0.0000,0.000,-13.805,2.200,77.270
64.1674,0.0081,0.0000,0.000,-13.805,2.200,77.270
64.1759,0.0084,0.0000,0.000,-13.805,2.200,77.270
64.1856,0.0097,0.0000,0.000,-13.805,2.200,77.270
64.1938,0.0082,0.0000,0.000,-13.805,2.200,77.270
64.2034,0.0097,0.0000,0.000,-13.805,2.200,77.270
64.2104,0.0069,0.0000,0.000,-13.805,2.200,77.270
64.2207,0.0103,0.0000,0.000,-13.805,2.200,77.270
64.2280,0.0073,0.0000,0.000,-13.805,2.200,77.270
64.2352,0.0072,0.0000,0.000,-13.805,2.200,77.270
64.2458,0.0106,0.0000,0.000,-13.805,2.200,77.270
64.2539,0.0081,0.0000,0.000,-13.805,2.200,77.270
64.2626,0.0087,0.0000,0.000,-13.805,2.200,77.270
64.2710,0.0084,0.0000,0.000,-13.805,2.200,77.270
64.2802,0.0092,0.0000,0.000,-13.805,2.200,77.270
64.2877,0.0076,0.0000,0.000,-13.805,2.200,77.270
64.2955,0.0078,0.0000,0.000,-13.805,2.200,77.270
64.3051,0.0096,0.0000,0.000,-13.805,2.200,77.270
64.3130,0.0079,0.0000,0.000,-13.805,2.200,77.270
64.3220,0.0090,0.0000,0.000,-13.805,2.200,77.270
64.3301,0.0081,0.0000,0.000,-13.805,2.200,77.270
64.3395,0.0094,0.0000,0.000,-13.805,2.200,77.270
64.3489,0.0094,0.0000,0.000,-13.805,2.200,77.270
64.3588,0.0098,0.0000,0.000,-13.805,2.200,77.270
64.3699,0.0111,0.0000,0.000,-13.805,2.200,77.270
64.3839,0.0140,0.0000,0.000,-13.805,2.200,77.270
64.3924,0.0084,0.0000,0.000,-13.805,2.200,77.270
64.4032,0.0108,0.0000,0.000,-13.805,2.200,77.270
64.4164,0.0132,0.0000,0.000,-13.805,2.200,77.270
64.4328,0.0164,0.0000,0.000,-13.805,2.200,77.270
64.4529,0.0202,0.0000,0.000,-13.805,2.200,77.270
64.4666,0.0137,0.0000,0.000,-13.805,2.200,77.270
64.4775,0.0108,0.0000,0.000,-13.805,2.200,77.270
64.4873,0.0099,0.0000,0.000,-13.805,2.200,77.270
64.4956,0.0083,0.0000,0.000,-13.805,2.200,77.270
64.5053,0.0096,0.0000,0.000,-13.805,2.200,77.270
64.5126,0.0074,0.0000,0.000,-13.805,2.200,77.270
64.5223,0.0096,0.0000,0.000,-13.805,2.200,77.270
64.5302,0.0079,0.0000,0.000,-13.805,2.200,77.270
64.5391,0.0089,0.0000,0.000,-13.805,2.200,77.270
64.5467,0.0076,0.0000,0.000,-13.805,2.200,77.270
64.5546,0.0079,0.0000,0.000,-13.805,2.200,77.270
64.5634,0.0088,0.0000,0.000,-13.805,2.200,77.270
64.5721,0.0087,0.0000,0.000,-13.805,2.200,77.270
64.5821,0.0100,0.0000,0.000,-13.805,2.200,77.270
64.5910,0.0089,0.0000,0.000,-13.805,2.200,77.270
64.6017,0.0108,0.0000,0.000,-13.805,2.200,77.270
64.6099,0.0082,0.0000,0.000,-13.805,2.200,77.270
64.6413,0.0314,0.0000,0.000,-13.805,2.200,77.270
64.6564,0.0151,0.0000,0.000,-13.805,2.200,77.270
64.6675,0.0111,0.0000,0.000,-13.805,2.200,77.270
64.6769,0.0094,0.0000,0.000,-13.805,2.200,77.270
64.6893,0.0123,0.0000,0.000,-13.805,2.200,77.270
64.6989,0.0096,0.0000,0.000,-13.805,2.200,77.270
64.7208,0.0219,0.0000,0.000,-13.805,2.200,77.270
64.7376,0.0168,0.0000,0.000,-13.805,2.200,77.270
64.7493,0.0118,0.0000,0.000,-13.805,2.200,77.270
64.7571,0.0078,0.0000,0.000,-13.805,2.200,77.270
64.7677,0.0106,0.0000,0.000,-13.805,2.200,77.270
64.7759,0.0082,0.0000,0.000,-13.805,2.200,77.270
64.7918,0.0159,129.8557,158.011,84.347,4.100,-7.730
64.8098,0.0180,0.0104,0.000,84.337,4.100,-7.731
64.8237,0.0138,0.0105,0.000,84.326,4.100,-7.732
64.8324,0.0088,0.0075,0.000,84.319,4.100,-7.731
64.8441,0.0117,0.0118,0.000,84.307,4.100,-7.730
64.8528,0.0088,0.0096,0.000,84.297,4.100,-7.730
64.8633,0.0105,0.0127,0.000,84.285,4.100,-7.729
64.8719,0.0086,0.0111,0.000,84.274,4.100,-7.729
64.8815,0.0096,0.0132,0.000,84.260,4.100,-7.728
64.8907,0.0092,0.0133,0.000,84.247,4.100,-7.727
64.9020,0.0113,0.0175,0.000,84.230,4.100,-7.725
64.9094,0.0074,0.0118,0.000,84.218,4.100,-7.725
64.9177,0.0083,0.0135,0.000,84.205,4.100,-7.725
64.9297,0.0121,0.0209,0.000,84.184,4.100,-7.725
64.9381,0.0083,0.0147,0.000,84.169,4.100,-7.725
64.9491,0.0111,0.0203,0.000,84.149,4.100,-7.725
64.9619,0.0127,0.0242,0.000,84.124,4.100,-7.724
64.9730,0.0112,0.0217,0.000,84.103,4.100,-7.724
64.9833,0.0103,0.0204,0.000,84.082,4.100,-7.724
64.9927,0.0094,0.0189,0.000,84.063,4.100,-7.724
65.0028,0.0101,0.0209,0.000,84.043,4.100,-7.723
65.0119,0.0091,0.0189,0.000,84.024,4.100,-7.722
65.0245,0.0126,0.0269,0.000,83.997,4.100,-7.721
65.0342,0.0097,0.0207,0.000,83.976,4.100,-7.720
65.0441,0.0099,0.0214,0.000,83.955,4.100,-7.719
65.0536,0.0096,0.0210,0.000,83.934,4.100,-7.719
65.0641,0.0105,0.0233,0.000,83.910,4.100,-7.718
65.0733,0.0092,0.0205,0.000,83.890,4.100,-7.717
65.0841,0.0108,0.0245,0.000,83.865,4.100,-7.717
65.0930,0.0089,0.0201,0.000,83.845,4.100,-7.716
65.1037,0.0107,0.0246,0.000,83.821,4.100,-7.716
65.1133,0.0096,0.0221,0.000,83.799,4.100,-7.715
65.1230,0.0097,0.0226,0.000,83.776,4.100,-7.715
65.1315,0.0085,0.0196,0.000,83.757,4.100,-7.715
65.1419,0.0104,0.0243,0.000,83.732,4.100,-7.714
65.1505,0.0086,0.0202,0.000,83.712,4.100,-7.716
65.1609,0.0105,0.0249,0.000,83.687,4.100,-7.718
65.1695,0.0086,0.0202,0.000,83.667,4.100,-7.719
65.1770,0.0075,0.0177,0.000,83.649,4.100,-7.720
65.1873,0.0103,0.0247,0.000,83.625,4.100,-7.722
65.1982,0.0109,0.0264,0.000,83.598,4.100,-7.723
65.2080,0.0098,0.0237,0.000,83.575,4.100,-7.725
65.2161,0.0080,0.0192,0.000,83.556,4.100,-7.726
65.2272,0.0111,0.0271,0.000,83.529,4.100,-7.727
65.2361,0.0089,0.0215,0.000,83.507,4.100,-7.728
65.2463,0.0102,0.0247,0.000,83.482,4.100,-7.729
65.2550,0.0088,0.0212,0.000,83.461,4.100,-7.729
65.2655,0.0104,0.0255,0.000,83.436,4.100,-7.730
65.2734,0.0079,0.0191,0.000,83.417,4.100,-7.731
65.2830,0.0096,0.0235,0.000,83.393,4.100,-7.731
65.2913,0.0083,0.0203,0.000,83.373,4.100,-7.732
65.3016,0.0103,0.0254,0.000,83.347,4.100,-7.733
65.3101,0.0085,0.0208,0.000,83.327,4.100,-7.733
65.3210,0.0108,0.0268,0.000,83.300,4.100,-7.734
65.3286,0.0076,0.0186,0.000,83.281,4.100,-7.734
65.3375,0.0089,0.0219,0.000,83.259,4.100,-7.734
65.3472,0.0098,0.0241,0.000,83.235,4.100,-7.735
65.3547,0.0074,0.0182,0.000,83.217,4.100,-7.735
65.3649,0.0102,0.0254,0.000,83.192,4.100,-7.736
65.3749,0.0100,0.0248,0.000,83.167,4.100,-7.736
65.3849,0.0100,0.0247,0.000,83.142,4.100,-7.736
65.3936,0.0088,0.0216,0.000,83.121,4.100,-7.736
65.4030,0.0094,0.0232,0.000,83.097,4.100,-7.737
65.4106,0.0076,0.0188,0.000,83.079,4.100,-7.737
65.4224,0.0118,0.0294,0.000,83.049,4.100,-7.737
65.4306,0.0082,0.0202,0.000,83.029,4.100,-7.737
65.4415,0.0110,0.0275,0.000,83.002,4.100,-7.738
65.4500,0.0084,0.0209,0.000,82.981,4.100,-7.738
65.4619,0.0119,0.0298,0.000,82.951,4.100,-7.738
65.4707,0.0089,0.0219,0.000,82.929,4.100,-7.738
65.4811,0.0104,0.0259,0.000,82.903,4.100,-7.738
65.4879,0.0068,0.0167,0.000,82.886,4.100,-7.739
65.4947,0.0068,0.0168,0.000,82.870,4.100,-7.739
65.5058,0.0111,0.0278,0.000,82.842,4.100,-7.739
65.5141,0.0083,0.0207,0.000,82.821,4.100,-7.739
65.5237,0.0096,0.0238,0.000,82.797,4.100,-7.739
65.5318,0.0081,0.0202,0.000,82.777,4.100,-7.739
65.5415,0.0097,0.0242,0.000,82.753,4.100,-7.739
65.5487,0.0071,0.0177,0.000,82.735,4.100,-7.739
65.5564,0.0077,0.0191,0.000,82.716,4.100,-7.739
65.5660,0.0096,0.0241,0.000,82.692,4.100,-7.739
65.5737,0.0077,0.0191,0.000,82.673,4.100,-7.739
65.5831,0.0095,0.0236,0.000,82.649,4.100,-7.740
65.5906,0.0074,0.0184,0.000,82.631,4.100,-7.740
65.6008,0.0102,0.0256,0.000,82.605,4.100,-7.740
65.6102,0.0095,0.0237,0.000,82.582,4.100,-7.740
65.6206,0.0104,0.0261,0.000,82.555,4.100,-7.740
65.6286,0.0080,0.0199,0.000,82.536,4.100,-7.739
65.6370,0.0084,0.0209,0.000,82.515,4.100,-7.738
65.6465,0.0095,0.0239,0.000,82.491,4.100,-7.737
65.6542,0.0077,0.0192,0.000,82.472,4.100,-7.736
65.6638,0.0095,0.0239,0.000,82.448,4.100,-7.735
65.6724,0.0087,0.0217,0.000,82.426,4.100,-7.734
65.6862,0.0138,0.0350,0.000,82.391,4.100,-7.733
65.6967,0.0106,0.0265,0.000,82.365,4.100,-7.732
65.7108,0.0140,0.0357,0.000,82.329,4.100,-7.731
65.7238,0.0130,0.0329,0.000,82.296,4.100,-7.730
65.7334,0.0097,0.0241,0.000,82.272,4.100,-7.729
65.7461,0.0126,0.0318,0.000,82.240,4.100,-7.729
65.7553,0.0093,0.0231,0.000,82.217,4.100,-7.728
65.7682,0.0129,0.0325,0.000,82.185,4.100,-7.728
65.7786,0.0105,0.0262,0.000,82.158,4.100,-7.727
65.7907,0.0121,0.0305,0.000,82.128,4.100,-7.727
65.8051,0.0144,0.0366,0.000,82.091,4.100,-7.726
65.8145,0.0093,0.0232,0.000,82.068,4.100,-7.726
65.8239,0.0095,0.0236,0.000,82.045,4.100,-7.725
65.8341,0.0102,0.0255,0.000,82.019,4.100,-7.725
65.8441,0.0100,0.0250,0.000,81.994,4.100,-7.725
65.8511,0.0070,0.0173,0.000,81.977,4.100,-7.725
65.8615,0.0104,0.0259,0.000,81.951,4.100,-7.724
65.8690,0.0076,0.0187,0.000,81.932,4.100,-7.724
65.8757,0.0067,0.0166,0.000,81.916,4.100,-7.724
65.8860,0.0103,0.0259,0.000,81.890,4.100,-7.724
65.8934,0.0074,0.0183,0.000,81.871,4.100,-7.724
65.9022,0.0088,0.0220,0.000,81.849,4.100,-7.724
65.9099,0.0077,0.0192,0.000,81.830,4.100,-7.723
65.9190,0.0091,0.0228,0.000,81.807,4.100,-7.723
65.9255,0.0064,0.0159,0.000,81.792,4.100,-7.723
65.9344,0.0089,0.0223,0.000,81.769,4.100,-7.723
65.9426,0.0082,0.0204,0.000,81.749,4.100,-7.723
65.9511,0.0086,0.0214,0.000,81.727,4.100,-7.723
65.9628,0.0117,0.0295,0.000,81.698,4.100,-7.723
65.9716,0.0088,0.0220,0.000,81.676,4.100,-7.722
65.9833,0.0117,0.0296,0.000,81.646,4.100,-7.722
65.9914,0.0081,0.0202,0.000,81.626,4.100,-7.722
66.0019,0.0105,0.0264,0.000,81.600,4.100,-7.722
66.0096,0.0077,0.0192,0.000,81.580,4.100,-7.722
66.0183,0.0086,0.0216,0.000,81.559,4.100,-7.722
66.0290,0.0107,0.0270,0.000,81.532,4.100,-7.722
66.0376,0.0086,0.0215,0.000,81.510,4.100,-7.722
66.0499,0.0124,0.0313,0.000,81.479,4.100,-7.722
66.0624,0.0124,0.0314,0.000,81.447,4.100,-7.722
66.0711,0.0088,0.0219,0.000,81.426,4.100,-7.721
66.0827,0.0116,0.0292,0.000,81.396,4.100,-7.721
66.0915,0.0088,0.0221,0.000,81.374,4.100,-7.721
66.1018,0.0103,0.0259,0.000,81.348,4.100,-7.721
66.1116,0.0098,0.0245,0.000,81.324,4.100,-7.721
66.1223,0.0108,0.0271,0.000,81.297,4.100,-7.721
66.1309,0.0086,0.0214,0.000,81.275,4.100,-7.721
66.1420,0.0111,0.0279,0.000,81.247,4.100,-7.720
66.1505,0.0085,0.0213,0.000,81.226,4.100,-7.719
66.1611,0.0106,0.0267,0.000,81.199,4.100,-7.720
66.1708,0.0097,0.0243,0.000,81.175,4.100,-7.721
66.1810,0.0102,0.0257,0.000,81.150,4.100,-7.721
66.1898,0.0088,0.0220,0.000,81.127,4.100,-7.721
66.2010,0.0111,0.0281,0.000,81.099,4.100,-7.722
66.2099,0.0089,0.0223,0.000,81.077,4.100,-7.723
66.2204,0.0105,0.0265,0.000,81.051,4.100,-7.723
66.2303,0.0098,0.0247,0.000,81.026,4.100,-7.724
66.2394,0.0091,0.0229,0.000,81.003,4.100,-7.724
66.2468,0.0074,0.0184,0.000,80.985,4.100,-7.724
66.2562,0.0094,0.0236,0.000,80.961,4.100,-7.723
66.2656,0.0094,0.0236,0.000,80.938,4.100,-7.722
66.2746,0.0090,0.0226,0.000,80.915,4.100,-7.721
66.2853,0.0107,0.0268,0.000,80.888,4.100,-7.721
66.2940,0.0087,0.0217,0.000,80.866,4.100,-7.720
66.3033,0.0094,0.0234,0.000,80.843,4.100,-7.719
66.3127,0.0093,0.0234,0.000,80.820,4.100,-7.719
66.3233,0.0106,0.0267,0.000,80.793,4.100,-7.718
66.3305,0.0072,0.0179,0.000,80.775,4.100,-7.718
66.3424,0.0119,0.0300,0.000,80.745,4.100,-7.719
66.3499,0.0075,0.0186,0.000,80.726,4.100,-7.720
66.3584,0.0086,0.0214,0.000,80.705,4.100,-7.720
66.3654,0.0069,0.0172,0.000,80.688,4.100,-7.721
66.3724,0.0070,0.0174,0.000,80.670,4.100,-7.721
66.3812,0.0088,0.0219,0.000,80.648,4.100,-7.722
66.3898,0.0086,0.0216,0.000,80.627,4.100,-7.722
66.3970,0.0071,0.0178,0.000,80.609,4.100,-7.723
66.4075,0.0106,0.0266,0.000,80.582,4.100,-7.723
